{
	"credit": "quiktori",
	"textures": {
		"0": "items/shrek",
		"particle": "items/shrek"
	},
	"elements": [
		{
			"from": [4, 0, 5],
			"to": [12, 8, 6],
			"rotation": {"angle": 0, "axis": "y", "origin": [20, 8, 13]},
			"faces": {
				"north": {"uv": [0, 0, 16, 16], "texture": "#0"}
			}
		},
		{
			"from": [12, 3.8, 5],
			"to": [12.3, 4.4, 10.2],
			"rotation": {"angle": 0, "axis": "y", "origin": [19.3, 11.8, 13]},
			"faces": {
				"north": {"uv": [0.5, 7.25, 1.5, 8.25], "texture": "#0"},
				"east": {"uv": [0.5, 7.25, 1.5, 8.25], "texture": "#0"},
				"south": {"uv": [0.5, 7.25, 1.5, 8.25], "texture": "#0"},
				"west": {"uv": [0.5, 7.25, 1.5, 8.25], "texture": "#0"},
				"up": {"uv": [0.5, 7.25, 1.5, 8.25], "texture": "#0"},
				"down": {"uv": [0.5, 7.25, 1.5, 8.25], "texture": "#0"}
			}
		},
		{
			"from": [3.7, 3.8, 10.2],
			"to": [12.3, 4.4, 10.6],
			"rotation": {"angle": 0, "axis": "y", "origin": [19.3, 11.8, 18.2]},
			"faces": {
				"north": {"uv": [0.5, 7.25, 1.5, 8.25], "texture": "#0"},
				"east": {"uv": [0.5, 7.25, 1.5, 8.25], "texture": "#0"},
				"south": {"uv": [0.5, 7.25, 1.5, 8.25], "texture": "#0"},
				"west": {"uv": [0.5, 7.25, 1.5, 8.25], "texture": "#0"},
				"up": {"uv": [0.5, 7.25, 1.5, 8.25], "texture": "#0"},
				"down": {"uv": [0.5, 7.25, 1.5, 8.25], "texture": "#0"}
			}
		},
		{
			"from": [3.7, 3.8, 5],
			"to": [4, 4.4, 10.2],
			"rotation": {"angle": 0, "axis": "y", "origin": [11, 11.8, 13]},
			"faces": {
				"north": {"uv": [0.5, 7.25, 1.5, 8.25], "texture": "#0"},
				"east": {"uv": [0.5, 7.25, 1.5, 8.25], "texture": "#0"},
				"south": {"uv": [0.5, 7.25, 1.5, 8.25], "texture": "#0"},
				"west": {"uv": [0.5, 7.25, 1.5, 8.25], "texture": "#0"},
				"up": {"uv": [0.5, 7.25, 1.5, 8.25], "texture": "#0"},
				"down": {"uv": [0.5, 7.25, 1.5, 8.25], "texture": "#0"}
			}
		}
	],
	"display": {
		"thirdperson_lefthand": {
			"rotation": [67, 0, 0],
			"translation": [-5.75, 1.75, 20],
			"scale": [1.13, 1.22, 1.68]
		}
	}
}