{
	"credit": "quiktori",
	"textures": {
		"0": "items/items/dumbell",
		"particle": "items/items/dumbell"
	},
	"elements": [
		{
			"from": [2, 3, 8],
			"to": [13, 4, 9],
			"rotation": {"angle": 0, "axis": "y", "origin": [15, 11, 16]},
			"faces": {
				"north": {"uv": [4.5, 0, 5, 0.5], "texture": "#0"},
				"east": {"uv": [4.5, 0, 5, 0.5], "texture": "#0"},
				"south": {"uv": [4.5, 0, 5, 0.5], "texture": "#0"},
				"west": {"uv": [4.5, 0, 5, 0.5], "texture": "#0"},
				"up": {"uv": [4.5, 0, 5, 0.5], "texture": "#0"},
				"down": {"uv": [4.5, 0, 5, 0.5], "texture": "#0"}
			}
		},
		{
			"from": [12.125, 2, 7],
			"to": [12.5, 5, 10],
			"rotation": {"angle": 0, "axis": "y", "origin": [14.5, 11, 16]},
			"faces": {
				"north": {"uv": [0, 0, 0.5, 4.5], "texture": "#0"},
				"east": {"uv": [0, 0, 4.5, 4.5], "texture": "#0"},
				"south": {"uv": [0, 0, 0.5, 4.5], "texture": "#0"},
				"west": {"uv": [0, 0, 4.5, 4.5], "texture": "#0"},
				"up": {"uv": [0, 0, 4.5, 0.5], "texture": "#0"},
				"down": {"uv": [0, 4, 4.5, 4.5], "texture": "#0"}
			}
		},
		{
			"from": [2.5, 2, 7],
			"to": [2.875, 5, 10],
			"rotation": {"angle": 0, "axis": "y", "origin": [4.875, 11, 16]},
			"faces": {
				"north": {"uv": [0, 0, 1, 1], "texture": "#0"},
				"east": {"uv": [0, 0, 4.5, 4.5], "texture": "#0"},
				"south": {"uv": [0, 0, 1, 1], "texture": "#0"},
				"west": {"uv": [0, 0, 4.5, 4.5], "texture": "#0"},
				"up": {"uv": [0, 0, 1, 1], "texture": "#0"},
				"down": {"uv": [0, 0, 1, 1], "texture": "#0"}
			}
		},
		{
			"from": [3.375, 1, 6],
			"to": [3.875, 6, 11],
			"rotation": {"angle": 0, "axis": "y", "origin": [5.75, 11, 16]},
			"faces": {
				"north": {"uv": [0, 0, 1, 1], "texture": "#0"},
				"east": {"uv": [0, 0, 4.5, 4.5], "texture": "#0"},
				"south": {"uv": [0, 0, 1, 1], "texture": "#0"},
				"west": {"uv": [0, 0, 4.5, 4.5], "texture": "#0"},
				"up": {"uv": [0, 0, 1, 1], "texture": "#0"},
				"down": {"uv": [0, 0, 1, 1], "texture": "#0"}
			}
		},
		{
			"from": [11.125, 1, 6],
			"to": [11.625, 6, 11],
			"rotation": {"angle": 0, "axis": "y", "origin": [13.625, 11, 16]},
			"faces": {
				"north": {"uv": [0, 0, 4.5, 0.5], "texture": "#0"},
				"east": {"uv": [0, 0, 4.5, 4.5], "texture": "#0"},
				"south": {"uv": [0, 0, 4.5, 0.5], "texture": "#0"},
				"west": {"uv": [0, 0, 4.5, 4.5], "texture": "#0"},
				"up": {"uv": [0, 0, 4.5, 0.5], "texture": "#0"},
				"down": {"uv": [0, 0, 4.5, 0.5], "texture": "#0"}
			}
		}
	],
	"display": {
		"thirdperson_righthand": {
			"rotation": [-18, 0, -19],
			"translation": [1.75, 2.25, -1.75]
		},
		"thirdperson_lefthand": {
			"rotation": [-14, 0, -20],
			"translation": [1.25, 2.75, -1.25]
		},
		"firstperson_righthand": {
			"rotation": [0, 90, 76],
			"translation": [0, 0.75, 5.5]
		},
		"firstperson_lefthand": {
			"rotation": [-14, 0, 90],
			"translation": [-2.75, -0.75, 0]
		},
		"ground": {
			"translation": [0, 10.75, 0],
			"scale": [2, 2, 2]
		},
		"gui": {
			"rotation": [13, 25, 3],
			"translation": [0, 8, 0],
			"scale": [2, 2, 2]
		},
		"head": {
			"translation": [1.5, 13, 0],
			"scale": [3, 3, 3]
		},
		"fixed": {
			"translation": [0.75, 9, -2.25],
			"scale": [2, 2, 2]
		}
	}
}