{
	"credit": "quiktori",
	"textures": {
		"0": "items/planks_oak",
		"particle": "items/planks_oak"
	},
	"elements": [
		{
			"from": [8, 1, 8],
			"to": [9, 5, 9],
			"rotation": {"angle": 0, "axis": "y", "origin": [16, 9, 16]},
			"faces": {
				"north": {"uv": [0, 0, 2, 16], "texture": "#0"},
				"east": {"uv": [0, 0, 2, 16], "texture": "#0"},
				"south": {"uv": [0, 0, 2, 16], "texture": "#0"},
				"west": {"uv": [0, 0, 2, 16], "texture": "#0"},
				"up": {"uv": [0, 0, 2, 16], "texture": "#0"},
				"down": {"uv": [0, 0, 2, 16], "texture": "#0"}
			}
		},
		{
			"from": [7.75, 0.75, 7.75],
			"to": [9.25, 1, 9.25],
			"rotation": {"angle": 0, "axis": "y", "origin": [16, 5, 16]},
			"faces": {
				"north": {"uv": [0, 0, 8, 7], "texture": "#0"},
				"east": {"uv": [0, 0, 8, 7], "texture": "#0"},
				"south": {"uv": [0, 0, 8, 7], "texture": "#0"},
				"west": {"uv": [0, 0, 8, 7], "texture": "#0"},
				"up": {"uv": [0, 0, 8, 7], "texture": "#0"},
				"down": {"uv": [0, 0, 8, 7], "texture": "#0"}
			}
		},
		{
			"from": [8.125, 5, 8.125],
			"to": [8.875, 9, 8.875],
			"rotation": {"angle": 0, "axis": "y", "origin": [16, 13, 16]},
			"faces": {
				"north": {"uv": [0, 0, 2, 16], "texture": "#0"},
				"east": {"uv": [0, 0, 2, 16], "texture": "#0"},
				"south": {"uv": [0, 0, 2, 16], "texture": "#0"},
				"west": {"uv": [0, 0, 2, 16], "texture": "#0"},
				"up": {"uv": [0, 0, 2, 16], "texture": "#0"},
				"down": {"uv": [0, 0, 2, 16], "texture": "#0"}
			}
		},
		{
			"from": [8.25, 9, 8.25],
			"to": [8.75, 13, 8.75],
			"rotation": {"angle": 0, "axis": "y", "origin": [16, 17, 16]},
			"faces": {
				"north": {"uv": [0, 0, 2, 16], "texture": "#0"},
				"east": {"uv": [0, 0, 2, 16], "texture": "#0"},
				"south": {"uv": [0, 0, 2, 16], "texture": "#0"},
				"west": {"uv": [0, 0, 2, 16], "texture": "#0"},
				"up": {"uv": [0, 0, 2, 16], "texture": "#0"},
				"down": {"uv": [0, 0, 2, 16], "texture": "#0"}
			}
		},
		{
			"from": [8.375, 13, 8.375],
			"to": [8.625, 17, 8.625],
			"rotation": {"angle": 0, "axis": "y", "origin": [16, 21, 16]},
			"faces": {
				"north": {"uv": [0, 0, 2, 16], "texture": "#0"},
				"east": {"uv": [0, 0, 2, 16], "texture": "#0"},
				"south": {"uv": [0, 0, 2, 16], "texture": "#0"},
				"west": {"uv": [0, 0, 2, 16], "texture": "#0"},
				"up": {"uv": [0, 0, 2, 16], "texture": "#0"},
				"down": {"uv": [0, 0, 2, 16], "texture": "#0"}
			}
		},
		{
			"from": [8.42578, 17, 8.45117],
			"to": [8.55078, 21, 8.57617],
			"rotation": {"angle": 0, "axis": "y", "origin": [16.05078, 25, 15.95117]},
			"faces": {
				"north": {"uv": [0, 0, 2, 16], "texture": "#0"},
				"east": {"uv": [0, 0, 2, 16], "texture": "#0"},
				"south": {"uv": [0, 0, 2, 16], "texture": "#0"},
				"west": {"uv": [0, 0, 2, 16], "texture": "#0"},
				"up": {"uv": [0, 0, 2, 16], "texture": "#0"},
				"down": {"uv": [0, 0, 2, 16], "texture": "#0"}
			}
		}
	],
	"display": {
		"thirdperson_righthand": {
			"translation": [0, 2.75, 0]
		},
		"thirdperson_lefthand": {
			"translation": [0.25, 2, 0]
		},
		"firstperson_righthand": {
			"rotation": [-19, 0, 0],
			"translation": [1.5, 1, 0]
		},
		"firstperson_lefthand": {
			"rotation": [-19, 0, 0],
			"translation": [4, 0.75, 0]
		},
		"ground": {
			"rotation": [87, 0, 0],
			"translation": [0, -2.5, 0]
		},
		"gui": {
			"rotation": [-21, -19, -45],
			"translation": [-3, -2.5, 0],
			"scale": [2, 1.41, 2]
		},
		"head": {
			"rotation": [-180, 0, -73],
			"translation": [-2.25, 1.75, 0]
		},
		"fixed": {
			"translation": [0, -2.5, -0.75]
		}
	}
}