{
	"credit": "quiktori",
	"textures": {
		"0": "items/seal",
		"particle": "items/seal"
	},
	"elements": [
		{
			"from": [6, 0, -13],
			"to": [10, 3, -11],
			"rotation": {"angle": 0, "axis": "y", "origin": [8, 8, -5]},
			"faces": {
				"north": {"uv": [0.5, 12.25, 1.5, 13], "texture": "#0"},
				"east": {"uv": [0, 12.25, 0.5, 13], "texture": "#0"},
				"west": {"uv": [1.5, 12.25, 2, 13], "texture": "#0"},
				"up": {"uv": [1.5, 12.25, 0.5, 11.75], "texture": "#0"},
				"down": {"uv": [2.5, 11.75, 1.5, 12.25], "texture": "#0"}
			}
		},
		{
			"from": [7, 1.25, -13.25],
			"to": [9, 3.25, -11.25],
			"rotation": {"angle": 0, "axis": "y", "origin": [8, 8, -5]},
			"faces": {
				"north": {"uv": [0.5, 0.5, 1, 1], "texture": "#0"},
				"east": {"uv": [0, 0.5, 0.5, 1], "texture": "#0"},
				"south": {"uv": [1.5, 0.5, 2, 1], "texture": "#0"},
				"west": {"uv": [1, 0.5, 1.5, 1], "texture": "#0"},
				"up": {"uv": [1, 0.5, 0.5, 0], "texture": "#0"},
				"down": {"uv": [1.5, 0, 1, 0.5], "texture": "#0"}
			}
		},
		{
			"from": [4, 0, -11],
			"to": [12, 6, -7],
			"rotation": {"angle": 0, "axis": "y", "origin": [8, 8, -5]},
			"faces": {
				"north": {"uv": [7.5, 10.5, 9.5, 12], "texture": "#0"},
				"east": {"uv": [6.5, 10.5, 7.5, 12], "texture": "#0"},
				"west": {"uv": [7.5, 10.5, 6.5, 12], "texture": "#0"},
				"up": {"uv": [9.5, 10.5, 7.5, 9.5], "texture": "#0"},
				"down": {"uv": [11.5, 9.5, 9.5, 10.5], "texture": "#0"}
			}
		},
		{
			"from": [3, 0, -7],
			"to": [13, 7, -4],
			"rotation": {"angle": 0, "axis": "y", "origin": [8, 8, -5]},
			"faces": {
				"north": {"uv": [7.75, 7.75, 10.25, 9.5], "texture": "#0"},
				"east": {"uv": [7, 7.75, 7.75, 9.5], "texture": "#0"},
				"west": {"uv": [7.75, 7.75, 7, 9.5], "texture": "#0"},
				"up": {"uv": [10.25, 7.75, 7.75, 7], "texture": "#0"},
				"down": {"uv": [12.75, 7, 10.25, 7.75], "texture": "#0"}
			}
		},
		{
			"from": [3, 0, 4],
			"to": [13, 7, 9],
			"rotation": {"angle": 0, "axis": "y", "origin": [8, 8, -5]},
			"faces": {
				"east": {"uv": [0, 10, 1, 11.75], "texture": "#0"},
				"south": {"uv": [4, 10, 6.5, 11.75], "texture": "#0"},
				"west": {"uv": [1, 10, 0, 11.75], "texture": "#0"},
				"up": {"uv": [5, 2, 2, 0], "texture": "#0"},
				"down": {"uv": [5.75, 9.25, 3.25, 10], "texture": "#0"}
			}
		},
		{
			"from": [2, 0, -4],
			"to": [14, 8, 4],
			"rotation": {"angle": 0, "axis": "x", "origin": [8, 8, -5]},
			"faces": {
				"north": {"uv": [2, 2, 5, 4], "texture": "#0"},
				"east": {"uv": [0, 2, 2, 4], "texture": "#0"},
				"south": {"uv": [7, 2, 10, 4], "texture": "#0"},
				"west": {"uv": [2, 2, 0, 4], "texture": "#0"},
				"up": {"uv": [5, 2, 2, 0], "texture": "#0"},
				"down": {"uv": [8, 0, 5, 2], "texture": "#0"}
			}
		},
		{
			"from": [4, 0, 9],
			"to": [12, 6, 13],
			"rotation": {"angle": 0, "axis": "y", "origin": [8, 8, -5]},
			"faces": {
				"east": {"uv": [0, 7.75, 1.5, 9.25], "texture": "#0"},
				"south": {"uv": [5, 7.75, 7, 9.25], "texture": "#0"},
				"west": {"uv": [1.5, 7.75, 0, 9.25], "texture": "#0"},
				"up": {"uv": [3.5, 7.75, 1.5, 6.25], "texture": "#0"},
				"down": {"uv": [5.5, 6.25, 3.5, 7.75], "texture": "#0"}
			}
		},
		{
			"from": [5, 0, 13],
			"to": [11, 5, 17],
			"rotation": {"angle": 0, "axis": "y", "origin": [8, 8, -5]},
			"faces": {
				"east": {"uv": [10, 1, 11, 2.25], "texture": "#0"},
				"south": {"uv": [13.5, 1, 15, 2.25], "texture": "#0"},
				"west": {"uv": [7.5, 10.5, 6.5, 12], "texture": "#0"},
				"up": {"uv": [12.5, 1, 11, 0], "texture": "#0"},
				"down": {"uv": [14, 0, 12.5, 1], "texture": "#0"}
			}
		},
		{
			"from": [6, 0.02, 17],
			"to": [10, 4.02, 21],
			"rotation": {"angle": 0, "axis": "x", "origin": [8, 8, -5]},
			"faces": {
				"east": {"uv": [10.5, 5.25, 11.5, 6.25], "texture": "#0"},
				"south": {"uv": [13.5, 5.25, 14.5, 6.25], "texture": "#0"},
				"west": {"uv": [11.5, 5.25, 10.5, 6.25], "texture": "#0"},
				"up": {"uv": [12.5, 5.25, 11.5, 4.25], "texture": "#0"},
				"down": {"uv": [13.5, 4.25, 12.5, 5.25], "texture": "#0"}
			}
		},
		{
			"from": [6, 0.075, 21],
			"to": [10, 3.075, 25],
			"rotation": {"angle": 0, "axis": "x", "origin": [8, 8, -5]},
			"faces": {
				"east": {"uv": [11.5, 12.5, 12.5, 13.25], "texture": "#0"},
				"south": {"uv": [14.5, 12.5, 15.5, 13.25], "texture": "#0"},
				"west": {"uv": [12.5, 12.5, 11.5, 13.25], "texture": "#0"},
				"up": {"uv": [13.5, 12.5, 12.5, 11.5], "texture": "#0"},
				"down": {"uv": [14.5, 11.5, 13.5, 12.5], "texture": "#0"}
			}
		},
		{
			"from": [4, 0, 21],
			"to": [8, 2, 31],
			"rotation": {"angle": -22.5, "axis": "y", "origin": [8, 1.5, 26]},
			"faces": {
				"north": {"uv": [8.5, 6.5, 9.5, 7], "texture": "#0"},
				"east": {"uv": [6, 6.5, 8.5, 7], "texture": "#0"},
				"south": {"uv": [12, 6.5, 13, 7], "texture": "#0"},
				"west": {"uv": [9.5, 6.5, 12, 7], "texture": "#0"},
				"up": {"uv": [9.5, 6.5, 8.5, 4], "texture": "#0"},
				"down": {"uv": [10.5, 4, 9.5, 6.5], "texture": "#0"}
			}
		},
		{
			"from": [8, 0.01, 21],
			"to": [12, 2.01, 31],
			"rotation": {"angle": 22.5, "axis": "y", "origin": [8, 1.5, 26]},
			"faces": {
				"north": {"uv": [9.5, 6.5, 8.5, 7], "texture": "#0"},
				"east": {"uv": [12, 6.5, 9.5, 7], "texture": "#0"},
				"south": {"uv": [13, 6.5, 12, 7], "texture": "#0"},
				"west": {"uv": [8.5, 6.5, 6, 7], "texture": "#0"},
				"up": {"uv": [8.5, 6.5, 9.5, 4], "texture": "#0"},
				"down": {"uv": [9.5, 4, 10.5, 6.5], "texture": "#0"}
			}
		},
		{
			"from": [-1, 0.01, -1],
			"to": [11, 4.01, 4],
			"rotation": {"angle": -22.5, "axis": "y", "origin": [8, 8, -5]},
			"faces": {
				"north": {"uv": [1.25, 5.25, 4.25, 6.25], "texture": "#0"},
				"south": {"uv": [5.5, 5.25, 8.5, 6.25], "texture": "#0"},
				"west": {"uv": [4.25, 5.25, 5.5, 6.25], "texture": "#0"},
				"up": {"uv": [4.25, 5.25, 1.25, 4], "texture": "#0"},
				"down": {"uv": [7.25, 4, 4.25, 5.25], "texture": "#0"}
			}
		},
		{
			"from": [5, 0.01, -1],
			"to": [17, 4.01, 4],
			"rotation": {"angle": 22.5, "axis": "y", "origin": [8, 8, -5]},
			"faces": {
				"north": {"uv": [4.25, 5.25, 1.25, 6.25], "texture": "#0"},
				"east": {"uv": [5.5, 5.25, 4.25, 6.25], "texture": "#0"},
				"south": {"uv": [8.5, 5.25, 5.5, 6.25], "texture": "#0"},
				"up": {"uv": [1.25, 5.25, 4.25, 4], "texture": "#0"},
				"down": {"uv": [4.25, 4, 7.25, 5.25], "texture": "#0"}
			}
		},
		{
			"from": [-2.75, 0, -16],
			"to": [0.25, 2, -10],
			"rotation": {"angle": 45, "axis": "y", "origin": [8, 8, -5]},
			"faces": {
				"north": {"uv": [12, 3.75, 12.75, 4.25], "texture": "#0"},
				"east": {"uv": [10.5, 3.75, 12, 4.25], "texture": "#0"},
				"south": {"uv": [14.25, 3.75, 15, 4.25], "texture": "#0"},
				"west": {"uv": [12.75, 3.75, 14.25, 4.25], "texture": "#0"},
				"up": {"uv": [12.75, 3.75, 12, 2.25], "texture": "#0"},
				"down": {"uv": [13.5, 2.25, 12.75, 3.75], "texture": "#0"}
			}
		},
		{
			"from": [18.31073, 0, -7.81212],
			"to": [21.31073, 2, -1.81212],
			"rotation": {"angle": -45, "axis": "y", "origin": [19.31073, 1, -3.56212]},
			"faces": {
				"north": {"uv": [12.75, 3.75, 12, 4.25], "texture": "#0"},
				"east": {"uv": [14.25, 3.75, 12.75, 4.25], "texture": "#0"},
				"south": {"uv": [15, 3.75, 14.25, 4.25], "texture": "#0"},
				"west": {"uv": [12, 3.75, 10.5, 4.25], "texture": "#0"},
				"up": {"uv": [12, 3.75, 12.75, 2.25], "texture": "#0"},
				"down": {"uv": [12.75, 2.25, 13.5, 3.75], "texture": "#0"}
			}
		}
	],
	"display": {
		"thirdperson_righthand": {
			"rotation": [75, 72, 0],
			"translation": [-5.25, -0.5, 2.75],
			"scale": [0.375, 0.375, 0.375]
		},
		"thirdperson_lefthand": {
			"rotation": [70, 19, -4],
			"translation": [-4, 2, 22.5],
			"scale": [0.375, 0.375, 0.375]
		},
		"firstperson_righthand": {
			"rotation": [0, 45, 0],
			"translation": [0, -5.25, 0],
			"scale": [0.4, 0.4, 0.4]
		},
		"firstperson_lefthand": {
			"rotation": [0, 45, 0],
			"translation": [0, -6.5, 0],
			"scale": [0.4, 0.4, 0.4]
		},
		"ground": {
			"translation": [0, 2, 0],
			"scale": [0.5, 0.5, 0.5]
		},
		"gui": {
			"rotation": [30, 135, 0],
			"translation": [0, 2, 0],
			"scale": [0.47, 0.47, 0.47]
		},
		"head": {
			"translation": [28.25, -34, 13.75],
			"scale": [1.5, 1.5, 1.5]
		},
		"fixed": {
			"translation": [0, 4, 13.25]
		}
	}
}