{
	"credit": "quiktori",
	"textures": {
		"0": "items/planks_oak",
		"1": "items/anvil_base",
		"2": "items/listiki",
		"particle": "items/planks_oak"
	},
	"elements": [
		{
			"from": [15, 0, 7],
			"to": [16, 5, 10],
			"faces": {
				"north": {"uv": [0, 0, 16, 4.013], "texture": "#1"},
				"east": {"uv": [0, 0, 16, 4.013], "texture": "#1"},
				"south": {"uv": [0, 0, 16, 4.013], "texture": "#1"},
				"west": {"uv": [0, 0, 16, 4.013], "texture": "#1"},
				"down": {"uv": [0, 0, 16, 4.013], "texture": "#1"}
			}
		},
		{
			"from": [16, 3, 8],
			"to": [18, 4, 9],
			"rotation": {"angle": 0, "axis": "y", "origin": [9, 7, 8]},
			"faces": {
				"north": {"uv": [0, 3, 2.75, 4], "texture": "#0"},
				"east": {"uv": [0, 3, 2.75, 4], "texture": "#0"},
				"south": {"uv": [0, 3, 2.75, 4], "texture": "#0"},
				"up": {"uv": [0, 3, 2.75, 4], "texture": "#0"},
				"down": {"uv": [0, 3, 2.75, 4], "texture": "#0"}
			}
		},
		{
			"from": [20, 3, 8],
			"to": [21, 4, 9],
			"rotation": {"angle": 0, "axis": "y", "origin": [9, 7, 8]},
			"faces": {
				"north": {"uv": [0, 2.125, 1.875, 3.875], "texture": "#2"},
				"east": {"uv": [0, 0, 1.875, 1.75], "texture": "#2"},
				"south": {"uv": [0, 0, 1.875, 1.75], "texture": "#2"},
				"west": {"uv": [0, 0, 1.875, 1.75], "texture": "#2"},
				"up": {"uv": [0, 0, 1.875, 1.75], "texture": "#2"},
				"down": {"uv": [0, 0, 1.875, 1.75], "texture": "#2"}
			}
		},
		{
			"from": [18, 4, 8],
			"to": [20, 5, 9],
			"rotation": {"angle": 0, "axis": "y", "origin": [9, 7, 8]},
			"faces": {
				"north": {"uv": [0, 2.125, 1.875, 3.875], "texture": "#2"},
				"east": {"uv": [0, 0, 1.875, 1.75], "texture": "#2"},
				"south": {"uv": [0, 0, 1.875, 1.75], "texture": "#2"},
				"west": {"uv": [0, 0, 1.875, 1.75], "texture": "#2"},
				"up": {"uv": [0, 0, 1.875, 1.75], "texture": "#2"},
				"down": {"uv": [0, 0, 1.875, 1.75], "texture": "#2"}
			}
		},
		{
			"from": [18, 2, 8],
			"to": [20, 3, 9],
			"rotation": {"angle": 0, "axis": "y", "origin": [9, 7, 8]},
			"faces": {
				"north": {"uv": [0, 2.125, 1.875, 3.875], "texture": "#2"},
				"east": {"uv": [0, 0, 1.875, 1.75], "texture": "#2"},
				"south": {"uv": [0, 0, 1.875, 1.75], "texture": "#2"},
				"west": {"uv": [0, 0, 1.875, 1.75], "texture": "#2"},
				"up": {"uv": [0, 0, 1.875, 1.75], "texture": "#2"},
				"down": {"uv": [0, 0, 1.875, 1.75], "texture": "#2"}
			}
		},
		{
			"from": [18, 3, 7],
			"to": [20, 4, 8],
			"rotation": {"angle": 0, "axis": "y", "origin": [9, 7, 8]},
			"faces": {
				"north": {"uv": [0, 2.125, 1.875, 3.875], "texture": "#2"},
				"east": {"uv": [0, 0, 1.875, 1.75], "texture": "#2"},
				"south": {"uv": [0, 0, 1.875, 1.75], "texture": "#2"},
				"west": {"uv": [0, 0, 1.875, 1.75], "texture": "#2"},
				"up": {"uv": [0, 0, 1.875, 1.75], "texture": "#2"},
				"down": {"uv": [0, 0, 1.875, 1.75], "texture": "#2"}
			}
		},
		{
			"from": [18, 3, 9],
			"to": [20, 4, 10],
			"rotation": {"angle": 0, "axis": "y", "origin": [9, 7, 8]},
			"faces": {
				"north": {"uv": [0, 2.125, 1.875, 3.875], "texture": "#2"},
				"east": {"uv": [0, 0, 1.875, 1.75], "texture": "#2"},
				"south": {"uv": [0, 0, 1.875, 1.75], "texture": "#2"},
				"west": {"uv": [0, 0, 1.875, 1.75], "texture": "#2"},
				"up": {"uv": [0, 0, 1.875, 1.75], "texture": "#2"},
				"down": {"uv": [0, 0, 1.875, 1.75], "texture": "#2"}
			}
		},
		{
			"from": [-3, 3, 8],
			"to": [0, 4, 9],
			"rotation": {"angle": 0, "axis": "y", "origin": [8, 7, 8]},
			"faces": {
				"north": {"uv": [0, 3, 16, 4], "texture": "#0"},
				"south": {"uv": [0.25, 3, 16, 4], "texture": "#0"},
				"up": {"uv": [0.25, 3, 16, 4], "texture": "#0"},
				"down": {"uv": [0.25, 3, 16, 4], "texture": "#0"}
			}
		},
		{
			"from": [-4, 3, 7],
			"to": [-1, 4, 8],
			"rotation": {"angle": 0, "axis": "y", "origin": [8, 7, 8]},
			"faces": {
				"north": {"uv": [0, 0, 4.75, 4.25], "texture": "#2"},
				"east": {"uv": [0, 0, 4.75, 4.25], "texture": "#2"},
				"west": {"uv": [0, 0, 4.75, 4.25], "texture": "#2"},
				"up": {"uv": [0, 0, 4.75, 4.25], "texture": "#2"},
				"down": {"uv": [0, 0, 4.75, 4.25], "texture": "#2"}
			}
		},
		{
			"from": [-4, 3, 9],
			"to": [-1, 4, 10],
			"rotation": {"angle": 0, "axis": "y", "origin": [8, 7, 8]},
			"faces": {
				"east": {"uv": [0, 0, 4.75, 4.25], "texture": "#2"},
				"south": {"uv": [0, 0, 4.375, 5], "texture": "#2"},
				"west": {"uv": [0, 0, 4.75, 4.25], "texture": "#2"},
				"up": {"uv": [0, 0, 4.75, 4.25], "texture": "#2"},
				"down": {"uv": [0, 0, 4.75, 4.25], "texture": "#2"}
			}
		},
		{
			"from": [-4, 4, 8],
			"to": [-1, 5, 9],
			"rotation": {"angle": 0, "axis": "y", "origin": [8, 7, 9]},
			"faces": {
				"north": {"uv": [0, 0, 4.75, 4.25], "texture": "#2"},
				"east": {"uv": [0, 0, 4.75, 4.25], "texture": "#2"},
				"south": {"uv": [0, 0, 4.375, 5], "texture": "#2"},
				"west": {"uv": [0, 0, 4.75, 4.25], "texture": "#2"},
				"up": {"uv": [0, 0, 4.75, 4.25], "texture": "#2"}
			}
		},
		{
			"from": [-5, 5, 8],
			"to": [-2, 6, 9],
			"rotation": {"angle": 0, "axis": "y", "origin": [8, 7, 9]},
			"faces": {
				"north": {"uv": [0, 0, 4.75, 4.25], "texture": "#2"},
				"east": {"uv": [0, 0, 4.75, 4.25], "texture": "#2"},
				"south": {"uv": [0, 0, 4.375, 5], "texture": "#2"},
				"west": {"uv": [0, 0, 4.75, 4.25], "texture": "#2"},
				"up": {"uv": [0, 0, 4.75, 4.25], "texture": "#2"},
				"down": {"uv": [0, 0, 4.75, 4.25], "texture": "#2"}
			}
		},
		{
			"from": [-4, 3, 8],
			"to": [-3, 4, 9],
			"rotation": {"angle": 0, "axis": "y", "origin": [8, 7, 9]},
			"faces": {
				"west": {"uv": [0, 0, 4.75, 4.25], "texture": "#2"}
			}
		},
		{
			"from": [-5, 3, 6],
			"to": [-2, 4, 7],
			"rotation": {"angle": 0, "axis": "y", "origin": [8, 7, 9]},
			"faces": {
				"north": {"uv": [0, 0, 4.75, 4.25], "texture": "#2"},
				"east": {"uv": [0, 0, 4.75, 4.25], "texture": "#2"},
				"south": {"uv": [0, 0, 4.375, 5], "texture": "#2"},
				"west": {"uv": [0, 0, 4.75, 4.25], "texture": "#2"},
				"up": {"uv": [0, 0, 4.75, 4.25], "texture": "#2"},
				"down": {"uv": [0, 0, 4.75, 4.25], "texture": "#2"}
			}
		},
		{
			"from": [-5, 3, 10],
			"to": [-2, 4, 11],
			"rotation": {"angle": 0, "axis": "y", "origin": [8, 7, 9]},
			"faces": {
				"north": {"uv": [0, 0, 4.75, 4.25], "texture": "#2"},
				"east": {"uv": [0, 0, 4.75, 4.25], "texture": "#2"},
				"south": {"uv": [0, 0, 4.375, 5], "texture": "#2"},
				"west": {"uv": [0, 0, 4.75, 4.25], "texture": "#2"},
				"up": {"uv": [0, 0, 4.75, 4.25], "texture": "#2"},
				"down": {"uv": [0, 0, 4.75, 4.25], "texture": "#2"}
			}
		},
		{
			"from": [-5, 1, 8],
			"to": [-2, 2, 9],
			"rotation": {"angle": 0, "axis": "y", "origin": [8, 7, 9]},
			"faces": {
				"north": {"uv": [0, 0, 4.75, 4.25], "texture": "#2"},
				"east": {"uv": [0, 0, 4.75, 4.25], "texture": "#2"},
				"south": {"uv": [0, 0, 4.375, 5], "texture": "#2"},
				"west": {"uv": [0, 0, 4.75, 4.25], "texture": "#2"},
				"up": {"uv": [0, 0, 4.75, 4.25], "texture": "#2"},
				"down": {"uv": [0, 0, 4.75, 4.25], "texture": "#2"}
			}
		},
		{
			"from": [-4, 2, 8],
			"to": [-1, 3, 9],
			"rotation": {"angle": 0, "axis": "y", "origin": [8, 7, 9]},
			"faces": {
				"north": {"uv": [0, 0, 4.75, 4.25], "texture": "#2"},
				"east": {"uv": [0, 0, 4.75, 4.25], "texture": "#2"},
				"south": {"uv": [0, 0, 4.375, 5], "texture": "#2"},
				"west": {"uv": [0, 0, 4.75, 4.25], "texture": "#2"},
				"down": {"uv": [0, 0, 4.75, 4.25], "texture": "#2"}
			}
		},
		{
			"from": [0, -0.1, 7],
			"to": [1, 5, 10],
			"faces": {
				"north": {"uv": [0, 0, 16, 4.013], "texture": "#1"},
				"east": {"uv": [0, 0, 16, 4.013], "texture": "#1"},
				"south": {"uv": [0, 0, 16, 4.013], "texture": "#1"},
				"west": {"uv": [0, 0, 16, 4.013], "texture": "#1"},
				"down": {"uv": [0, 0, 16, 4.013], "texture": "#1"}
			}
		},
		{
			"from": [0, 4.9, 7],
			"to": [16, 6, 10],
			"faces": {
				"north": {"uv": [0, 0, 16, 4.013], "texture": "#1"},
				"east": {"uv": [0, 0, 16, 4.013], "texture": "#1"},
				"south": {"uv": [0, 0, 16, 4.013], "texture": "#1"},
				"west": {"uv": [0, 0, 16, 4.013], "texture": "#1"},
				"up": {"uv": [0, 0, 16, 4.013], "texture": "#1"},
				"down": {"uv": [0, 0, 16, 4.013], "texture": "#1"}
			}
		}
	],
	"display": {
		"thirdperson_righthand": {
			"scale": [0.5, 0.5, 0.5]
		},
		"thirdperson_lefthand": {
			"rotation": [67, 0, 0],
			"translation": [-5.5, 3.25, 19],
			"scale": [0.48, 0.5, 0.5]
		},
		"firstperson_righthand": {
			"translation": [6.75, 3.75, 0],
			"scale": [0.5, 0.5, 0.5]
		},
		"firstperson_lefthand": {
			"translation": [4.75, 4, 0],
			"scale": [0.5, 0.5, 0.5]
		},
		"ground": {
			"translation": [0, 1, 0],
			"scale": [0.5, 0.5, 0.5]
		},
		"gui": {
			"translation": [0, 1.5, 0],
			"scale": [0.6, 0.6, 0.6]
		},
		"head": {
			"translation": [0, 9.75, -2.75]
		},
		"fixed": {
			"translation": [0, 3.25, -1.25],
			"scale": [0.7, 0.7, 0.7]
		}
	}
}