{
	"credit": "quiktori",
	"textures": {
		"0": "items/punch",
		"particle": "items/punch"
	},
	"elements": [
		{
			"from": [-1.625, 9.3125, 7.5],
			"to": [7.375, 10.3125, 8.5],
			"rotation": {"angle": -22.5, "axis": "z", "origin": [-5.625, 13.6875, 15.5]},
			"faces": {
				"north": {"uv": [0, 0, 9, 1], "texture": "#0"},
				"east": {"uv": [9, 6, 10, 7], "texture": "#0"},
				"south": {"uv": [0, 1, 9, 2], "texture": "#0"},
				"west": {"uv": [9, 7, 10, 8], "texture": "#0"},
				"up": {"uv": [9, 3, 0, 2], "texture": "#0"},
				"down": {"uv": [9, 3, 0, 4], "texture": "#0"}
			}
		},
		{
			"from": [8.625, 9.3125, 7.5],
			"to": [17.625, 10.3125, 8.5],
			"rotation": {"angle": 22.5, "axis": "z", "origin": [21.625, 13.6875, 15.5]},
			"faces": {
				"north": {"uv": [0, 4, 9, 5], "texture": "#0"},
				"east": {"uv": [2, 10, 3, 11], "texture": "#0"},
				"south": {"uv": [0, 5, 9, 6], "texture": "#0"},
				"west": {"uv": [3, 10, 4, 11], "texture": "#0"},
				"up": {"uv": [9, 7, 0, 6], "texture": "#0"},
				"down": {"uv": [9, 7, 0, 8], "texture": "#0"}
			}
		},
		{
			"from": [-2.625, 5.6875, 7.5],
			"to": [2.375, 6.6875, 8.5],
			"rotation": {"angle": 0, "axis": "x", "origin": [-5.625, 13.6875, 15.5]},
			"faces": {
				"north": {"uv": [9, 0, 14, 1], "texture": "#0"},
				"east": {"uv": [0, 10, 1, 11], "texture": "#0"},
				"south": {"uv": [9, 1, 14, 2], "texture": "#0"},
				"west": {"uv": [1, 10, 2, 11], "texture": "#0"},
				"up": {"uv": [14, 3, 9, 2], "texture": "#0"},
				"down": {"uv": [14, 3, 9, 4], "texture": "#0"}
			}
		},
		{
			"from": [13.625, 5.6875, 7.5],
			"to": [18.625, 6.6875, 8.5],
			"rotation": {"angle": 0, "axis": "x", "origin": [21.625, 13.6875, 15.5]},
			"faces": {
				"north": {"uv": [0, 8, 5, 9], "texture": "#0"},
				"east": {"uv": [9, 4, 10, 5], "texture": "#0"},
				"south": {"uv": [5, 8, 10, 9], "texture": "#0"},
				"west": {"uv": [9, 5, 10, 6], "texture": "#0"},
				"up": {"uv": [5, 10, 0, 9], "texture": "#0"},
				"down": {"uv": [10, 9, 5, 10], "texture": "#0"}
			}
		}
	],
	"display": {
		"head": {
			"translation": [0, 9, 0],
			"scale": [2, 2, 2]
		}
	}
}