{
	"credit": "quiktori",
	"textures": {
		"1": "items/black",
		"2": "items/oblozhka2",
		"particle": "items/oblozhka2"
	},
	"elements": [
		{
			"name": "верхняя обложка",
			"from": [2.5, 1.6, 0.7],
			"to": [12.7, 2.1, 15.3],
			"rotation": {"angle": 0, "axis": "x", "origin": [8, 13, 8]},
			"faces": {
				"north": {"uv": [4.72, 2.88, 8.709, 7.83], "texture": "#2"},
				"east": {"uv": [0, 0, 3.99, 4.95], "texture": "#2"},
				"south": {"uv": [5.44, 3.152, 9.429, 8.102], "texture": "#2"},
				"west": {"uv": [4.768, 2.72, 8.757, 7.67], "texture": "#2"},
				"up": {"uv": [2.496, 0, 13.589, 15.99], "texture": "#2"},
				"down": {"uv": [5.488, 3.04, 11.973, 11.877], "texture": "#2"}
			}
		},
		{
			"name": "нижняя обложка",
			"from": [2.5, 0, 0.7],
			"to": [12.7, 0.4, 15.3],
			"rotation": {"angle": 0, "axis": "y", "origin": [8, 11.4, 7.9]},
			"faces": {
				"north": {"uv": [4.432, 2.656, 8.759, 7.656], "texture": "#2"},
				"east": {"uv": [0, 0, 4.327, 5], "texture": "#2"},
				"south": {"uv": [4.32, 3.04, 8.646, 8.04], "texture": "#2"},
				"west": {"uv": [4.768, 2.272, 9.094, 7.272], "texture": "#2"},
				"up": {"uv": [6.208, 3.552, 10.534, 8.552], "texture": "#2"},
				"down": {"uv": [3.712, 0.944, 11.813, 15.271], "texture": "#2"}
			}
		},
		{
			"name": "корешок",
			"from": [12.7, 0, 0.7],
			"to": [13.3, 2.1, 15.3],
			"rotation": {"angle": 0, "axis": "y", "origin": [18.2, 10.6, 8.7]},
			"faces": {
				"north": {"uv": [5.664, 2.768, 11.779, 4.117], "texture": "#2"},
				"east": {"uv": [5.664, 2.768, 11.779, 4.117], "texture": "#2"},
				"south": {"uv": [5.664, 2.768, 11.779, 4.117], "texture": "#2"},
				"west": {"uv": [5.664, 2.768, 11.779, 4.117], "texture": "#2"},
				"up": {"uv": [5.664, 2.768, 11.779, 4.117], "texture": "#2"},
				"down": {"uv": [5.664, 2.768, 11.779, 4.117], "texture": "#2"}
			}
		},
		{
			"name": "листы",
			"from": [3, 0.3, 1],
			"to": [13, 1.7, 15],
			"rotation": {"angle": 0, "axis": "y", "origin": [8.3, 12.6, 17]},
			"faces": {
				"north": {"uv": [0, 0, 12.936, 1.607], "texture": "#2"},
				"east": {"uv": [0, 0, 12.936, 1.607], "texture": "#2"},
				"south": {"uv": [0, 0, 12.936, 1.607], "texture": "#2"},
				"west": {"uv": [0, 0, 12.936, 1.607], "texture": "#2"},
				"up": {"uv": [0, 0, 12.936, 1.607], "texture": "#2"},
				"down": {"uv": [0, 0, 12.936, 1.607], "texture": "#2"}
			}
		},
		{
			"from": [5.1, 2, 11.5],
			"to": [9.4, 2.2, 13],
			"rotation": {"angle": 0, "axis": "y", "origin": [14.7, 12.6, 20]},
			"faces": {
				"north": {"uv": [0, 0, 2.775, 0.87], "texture": "#1"},
				"east": {"uv": [0, 0, 2.775, 0.87], "texture": "#1"},
				"south": {"uv": [0, 0, 2.775, 0.87], "texture": "#1"},
				"west": {"uv": [0, 0, 2.775, 0.87], "texture": "#1"},
				"up": {"uv": [0.25, 13.75, 3.275, 15.12], "rotation": 90, "texture": "#1"},
				"down": {"uv": [0, 0, 2.775, 0.87], "texture": "#1"}
			}
		},
		{
			"from": [5.1, 2, 2.9],
			"to": [9.4, 2.2, 4.4],
			"rotation": {"angle": 0, "axis": "y", "origin": [14.7, 12.6, 20]},
			"faces": {
				"north": {"uv": [0, 0, 2.775, 0.87], "texture": "#1"},
				"east": {"uv": [0, 0, 2.775, 0.87], "texture": "#1"},
				"south": {"uv": [0, 0, 2.775, 0.87], "texture": "#1"},
				"west": {"uv": [0, 0, 2.775, 0.87], "texture": "#1"},
				"up": {"uv": [6.25, 0, 9.275, 1.37], "rotation": 90, "texture": "#1"},
				"down": {"uv": [0, 0, 2.775, 0.87], "texture": "#1"}
			}
		},
		{
			"from": [6.4, 2, 8.2],
			"to": [9.4, 2.2, 9.8],
			"rotation": {"angle": 0, "axis": "y", "origin": [14.7, 12.6, 16.8]},
			"faces": {
				"north": {"uv": [0, 0, 9.782, 0.566], "texture": "#1"},
				"east": {"uv": [0, 0, 9.782, 0.566], "texture": "#1"},
				"south": {"uv": [0, 0, 9.782, 0.566], "texture": "#1"},
				"west": {"uv": [0, 0, 9.782, 0.566], "texture": "#1"},
				"up": {"uv": [4.5, 6, 12.282, 9.816], "rotation": 270, "texture": "#1"},
				"down": {"uv": [0, 0, 9.782, 0.566], "texture": "#1"}
			}
		},
		{
			"from": [9.4, 2, 2.9],
			"to": [10.8, 2.2, 13],
			"rotation": {"angle": 0, "axis": "y", "origin": [15.7, 12.6, 20]},
			"faces": {
				"north": {"uv": [0, 0, 0.566, 6.325], "texture": "#1"},
				"east": {"uv": [0, 0, 0.566, 6.325], "texture": "#1"},
				"south": {"uv": [0, 0, 0.566, 6.325], "texture": "#1"},
				"west": {"uv": [0, 0, 0.566, 6.325], "texture": "#1"},
				"up": {"uv": [0, 0, 15.816, 15.825], "texture": "#1"},
				"down": {"uv": [0, 0, 0.566, 6.325], "texture": "#1"}
			}
		}
	],
	"display": {
		"thirdperson_righthand": {
			"rotation": [-83, 0, -180],
			"translation": [-0.75, 3.25, 4],
			"scale": [0.55, 0.55, 0.55]
		},
		"thirdperson_lefthand": {
			"rotation": [-83, 0, -180],
			"translation": [0.75, 2.75, 3.75],
			"scale": [0.55, 0.55, 0.55]
		},
		"firstperson_righthand": {
			"rotation": [-99, 0, -180],
			"translation": [1.5, 4.5, 3.25],
			"scale": [0.5, 0.5, 0.5]
		},
		"firstperson_lefthand": {
			"rotation": [-92, 0, -180],
			"translation": [4.25, 3.75, 2.25],
			"scale": [0.5, 0.5, 0.5]
		},
		"ground": {
			"translation": [0, 5.25, 0]
		},
		"gui": {
			"rotation": [-90, 0, -175],
			"translation": [0.25, 0, 0]
		},
		"head": {
			"translation": [0, 14.25, -0.25]
		},
		"fixed": {
			"rotation": [-91, 0, 0],
			"translation": [0.25, 0, -11.25],
			"scale": [1.35, 1.35, 1.35]
		}
	},
	"groups": [
		{
			"name": "group",
			"origin": [16.1, 12.6, 12.7],
			"children": [0, 1, 2, 3, 4, 5, 6, 7]
		}
	]
}