{
	"credit": "quiktori",
	"textures": {
		"1": "items/bee_nest_side-sky",
		"2": "items/chorus_flower-sky2",
		"4": "items/sky_stained_glass",
		"particle": "items/bee_nest_side-sky"
	},
	"elements": [
		{
			"from": [9, 4.2, 8.2],
			"to": [10, 4.5, 8.8],
			"faces": {
				"north": {"uv": [0, 0, 11, 9], "texture": "#1"},
				"east": {"uv": [0, 0, 11, 9], "texture": "#1"},
				"south": {"uv": [0, 0, 11, 9], "texture": "#1"},
				"west": {"uv": [0, 0, 11, 9], "texture": "#1"},
				"up": {"uv": [0, 0, 11, 9], "texture": "#1"},
				"down": {"uv": [0, 0, 11, 9], "texture": "#1"}
			}
		},
		{
			"from": [9, 4, 8.2],
			"to": [9.6, 4.2, 8.8],
			"faces": {
				"north": {"uv": [0, 0, 14, 6], "texture": "#1"},
				"east": {"uv": [0, 0, 14, 6], "texture": "#1"},
				"south": {"uv": [0, 0, 14, 6], "texture": "#1"},
				"west": {"uv": [0, 0, 14, 6], "texture": "#1"},
				"up": {"uv": [0, 0, 14, 6], "texture": "#1"},
				"down": {"uv": [0, 0, 14, 6], "texture": "#1"}
			}
		},
		{
			"from": [9.3, 4.5, 8.2],
			"to": [10, 4.8, 8.8],
			"faces": {
				"north": {"uv": [0, 0, 14, 9], "texture": "#1"},
				"east": {"uv": [0, 0, 14, 9], "texture": "#1"},
				"south": {"uv": [0, 0, 14, 9], "texture": "#1"},
				"west": {"uv": [0, 0, 14, 9], "texture": "#1"},
				"up": {"uv": [0, 0, 14, 9], "texture": "#1"},
				"down": {"uv": [0, 0, 14, 9], "texture": "#1"}
			}
		},
		{
			"from": [10, 4.8, 8.2],
			"to": [10.6, 5.3, 8.8],
			"faces": {
				"north": {"uv": [0, 0, 16, 14], "texture": "#1"},
				"east": {"uv": [0, 0, 16, 14], "texture": "#1"},
				"south": {"uv": [0, 0, 16, 14], "texture": "#1"},
				"west": {"uv": [0, 0, 16, 14], "texture": "#1"},
				"up": {"uv": [0, 0, 16, 14], "texture": "#1"},
				"down": {"uv": [0, 0, 16, 14], "texture": "#1"}
			}
		},
		{
			"from": [10, 4.6, 8.2],
			"to": [10.5, 4.8, 8.8],
			"faces": {
				"north": {"uv": [0, 0, 16, 6], "texture": "#1"},
				"east": {"uv": [0, 0, 16, 6], "texture": "#1"},
				"south": {"uv": [0, 0, 16, 6], "texture": "#1"},
				"west": {"uv": [0, 0, 16, 6], "texture": "#1"},
				"up": {"uv": [0, 0, 16, 6], "texture": "#1"},
				"down": {"uv": [0, 0, 16, 6], "texture": "#1"}
			}
		},
		{
			"from": [9.8, 4.8, 8.2],
			"to": [10, 5, 8.8],
			"faces": {
				"north": {"uv": [0, 0, 1, 6], "texture": "#1"},
				"east": {"uv": [0, 0, 1, 6], "texture": "#1"},
				"south": {"uv": [0, 0, 1, 6], "texture": "#1"},
				"west": {"uv": [0, 0, 1, 6], "texture": "#1"},
				"up": {"uv": [0, 0, 1, 6], "texture": "#1"},
				"down": {"uv": [0, 0, 1, 6], "texture": "#1"}
			}
		},
		{
			"from": [10, 4.4, 8.2],
			"to": [10.2, 4.6, 8.8],
			"faces": {
				"north": {"uv": [0, 2, 16, 8], "texture": "#1"},
				"east": {"uv": [0, 2, 16, 8], "texture": "#1"},
				"south": {"uv": [0, 2, 16, 8], "texture": "#1"},
				"west": {"uv": [0, 2, 16, 8], "texture": "#1"},
				"up": {"uv": [0, 2, 16, 8], "texture": "#1"},
				"down": {"uv": [0, 2, 16, 8], "texture": "#1"}
			}
		},
		{
			"from": [8, 3.7, 8.2],
			"to": [9, 4.5, 8.8],
			"faces": {
				"north": {"uv": [0, 0, 16, 16], "texture": "#2"},
				"east": {"uv": [0, 0, 16, 16], "rotation": 90, "texture": "#2"},
				"south": {"uv": [0, 0, 16, 16], "rotation": 90, "texture": "#2"},
				"west": {"uv": [0, 0, 16, 16], "rotation": 90, "texture": "#2"},
				"up": {"uv": [0, 0, 16, 16], "rotation": 90, "texture": "#2"},
				"down": {"uv": [0, 0, 16, 16], "rotation": 90, "texture": "#2"}
			}
		},
		{
			"from": [8.2, 6.4, 8.4],
			"to": [8.8, 7, 8.6],
			"faces": {
				"north": {"uv": [3, 5, 9, 10], "texture": "#4"},
				"south": {"uv": [3, 4, 13, 13], "texture": "#4"}
			}
		},
		{
			"from": [8.2, 7, 8.4],
			"to": [8.8, 7.4, 8.6],
			"faces": {
				"north": {"uv": [3, 4, 13, 13], "texture": "#4"},
				"east": {"uv": [3, 4, 13, 13], "texture": "#4"},
				"south": {"uv": [3, 4, 13, 13], "texture": "#4"},
				"west": {"uv": [3, 4, 13, 13], "texture": "#4"}
			}
		},
		{
			"from": [8.1, 4.5, 8.4],
			"to": [8.9, 6.4, 8.6],
			"faces": {
				"north": {"uv": [1, 6, 15, 12], "texture": "#4"},
				"east": {"uv": [4, 5, 12, 12], "texture": "#4"},
				"south": {"uv": [1, 6, 15, 12], "texture": "#4"},
				"west": {"uv": [1, 6, 15, 12], "texture": "#4"},
				"down": {"uv": [1, 6, 15, 12], "texture": "#4"}
			}
		},
		{
			"from": [8.1, 6.4, 8.4],
			"to": [8.2, 7, 8.6],
			"faces": {
				"north": {"uv": [4, 4, 12, 13], "texture": "#4"},
				"south": {"uv": [4, 4, 12, 13], "texture": "#4"},
				"west": {"uv": [4, 4, 12, 13], "texture": "#4"},
				"up": {"uv": [4, 4, 12, 13], "texture": "#4"}
			}
		},
		{
			"from": [8.8, 6.4, 8.4],
			"to": [8.9, 7, 8.6],
			"faces": {
				"north": {"uv": [5, 5, 9, 9], "texture": "#4"},
				"east": {"uv": [5, 5, 9, 9], "texture": "#4"},
				"south": {"uv": [5, 5, 9, 9], "texture": "#4"},
				"up": {"uv": [5, 5, 9, 9], "texture": "#4"}
			}
		},
		{
			"from": [8.3, 7.4, 8.4],
			"to": [8.7, 9, 8.6],
			"faces": {
				"north": {"uv": [3, 4, 13, 13], "texture": "#4"},
				"south": {"uv": [3, 4, 13, 13], "texture": "#4"}
			}
		},
		{
			"from": [8.3, 9, 8.4],
			"to": [8.7, 9.7, 8.6],
			"faces": {
				"north": {"uv": [3, 4, 13, 13], "texture": "#4"},
				"east": {"uv": [7, 8, 8, 9], "texture": "#4"},
				"south": {"uv": [3, 4, 13, 13], "texture": "#4"}
			}
		},
		{
			"from": [8.3, 9.7, 8.4],
			"to": [8.7, 10.8, 8.6],
			"faces": {
				"north": {"uv": [3, 4, 13, 13], "texture": "#4"},
				"east": {"uv": [6, 5, 7, 6], "texture": "#4"},
				"south": {"uv": [3, 4, 13, 13], "texture": "#4"},
				"west": {"uv": [4, 3, 13, 13], "texture": "#4"},
				"up": {"uv": [3, 4, 13, 13], "texture": "#4"}
			}
		},
		{
			"from": [8.7, 7.4, 8.4],
			"to": [8.8, 9, 8.6],
			"faces": {
				"north": {"uv": [3, 4, 13, 13], "texture": "#4"},
				"east": {"uv": [7, 4, 8, 9], "texture": "#4"},
				"south": {"uv": [3, 4, 13, 13], "texture": "#4"},
				"up": {"uv": [3, 4, 13, 13], "texture": "#4"},
				"down": {"uv": [3, 4, 13, 13], "texture": "#4"}
			}
		},
		{
			"from": [8.2, 7.4, 8.4],
			"to": [8.3, 9.7, 8.6],
			"faces": {
				"north": {"uv": [3, 4, 13, 13], "texture": "#4"},
				"south": {"uv": [3, 4, 13, 13], "texture": "#4"},
				"west": {"uv": [3, 4, 13, 13], "texture": "#4"},
				"up": {"uv": [3, 4, 13, 13], "texture": "#4"},
				"down": {"uv": [3, 4, 13, 13], "texture": "#4"}
			}
		},
		{
			"from": [8.4, 10.8, 8.4],
			"to": [8.6, 12.4, 8.6],
			"faces": {
				"north": {"uv": [3, 4, 13, 13], "texture": "#4"},
				"east": {"uv": [3, 4, 13, 13], "texture": "#4"},
				"south": {"uv": [3, 4, 13, 13], "texture": "#4"},
				"west": {"uv": [3, 4, 13, 13], "texture": "#4"},
				"up": {"uv": [3, 4, 13, 13], "texture": "#4"}
			}
		},
		{
			"from": [8, 1, 8.3],
			"to": [8.2, 1.2, 8.7],
			"faces": {
				"north": {"uv": [0, 0, 16, 16], "rotation": 270, "texture": "#2"},
				"east": {"uv": [0, 0, 16, 16], "rotation": 270, "texture": "#2"},
				"south": {"uv": [0, 0, 16, 16], "rotation": 270, "texture": "#2"},
				"west": {"uv": [0, 0, 16, 16], "rotation": 270, "texture": "#2"},
				"up": {"uv": [0, 0, 16, 16], "rotation": 270, "texture": "#2"},
				"down": {"uv": [0, 0, 16, 16], "rotation": 270, "texture": "#2"}
			}
		},
		{
			"from": [8.2, 0.9, 8.3],
			"to": [8.8, 1.1, 8.7],
			"faces": {
				"north": {"uv": [0, 0, 16, 6], "rotation": 180, "texture": "#2"},
				"east": {"uv": [0, 0, 16, 6], "rotation": 180, "texture": "#2"},
				"south": {"uv": [0, 0, 16, 6], "rotation": 180, "texture": "#2"},
				"west": {"uv": [0, 0, 16, 6], "rotation": 180, "texture": "#2"},
				"up": {"uv": [0, 0, 16, 6], "rotation": 180, "texture": "#2"},
				"down": {"uv": [0, 0, 16, 6], "rotation": 180, "texture": "#2"}
			}
		},
		{
			"from": [8.9, 1.2, 8.3],
			"to": [9.1, 1.6, 8.7],
			"faces": {
				"north": {"uv": [0, 0, 16, 6], "rotation": 90, "texture": "#2"},
				"east": {"uv": [0, 0, 16, 6], "rotation": 90, "texture": "#2"},
				"south": {"uv": [0, 0, 16, 6], "rotation": 90, "texture": "#2"},
				"west": {"uv": [0, 0, 16, 6], "rotation": 90, "texture": "#2"},
				"up": {"uv": [0, 0, 16, 6], "rotation": 90, "texture": "#2"},
				"down": {"uv": [0, 0, 16, 6], "rotation": 90, "texture": "#2"}
			}
		},
		{
			"from": [8.8, 1.6, 8.3],
			"to": [9, 1.8, 8.7],
			"faces": {
				"north": {"uv": [0, 0, 16, 16], "rotation": 90, "texture": "#2"},
				"east": {"uv": [0, 0, 16, 16], "rotation": 90, "texture": "#2"},
				"south": {"uv": [0, 0, 16, 16], "rotation": 90, "texture": "#2"},
				"west": {"uv": [0, 0, 16, 16], "rotation": 90, "texture": "#2"},
				"up": {"uv": [0, 0, 16, 16], "rotation": 90, "texture": "#2"},
				"down": {"uv": [0, 0, 16, 16], "rotation": 90, "texture": "#2"}
			}
		},
		{
			"from": [8.8, 1, 8.3],
			"to": [9, 1.2, 8.7],
			"faces": {
				"north": {"uv": [0, 0, 16, 16], "rotation": 180, "texture": "#2"},
				"east": {"uv": [0, 0, 16, 16], "rotation": 180, "texture": "#2"},
				"south": {"uv": [0, 0, 16, 16], "rotation": 180, "texture": "#2"},
				"west": {"uv": [0, 0, 16, 16], "rotation": 180, "texture": "#2"},
				"up": {"uv": [0, 0, 16, 16], "rotation": 180, "texture": "#2"},
				"down": {"uv": [0, 0, 16, 16], "rotation": 180, "texture": "#2"}
			}
		},
		{
			"from": [8.2, 1.7, 8.3],
			"to": [8.8, 1.9, 8.7],
			"faces": {
				"north": {"uv": [0, 0, 16, 6], "texture": "#2"},
				"east": {"uv": [0, 0, 16, 6], "texture": "#2"},
				"south": {"uv": [0, 0, 16, 6], "texture": "#2"},
				"west": {"uv": [0, 0, 16, 6], "texture": "#2"},
				"up": {"uv": [0, 0, 16, 6], "texture": "#2"},
				"down": {"uv": [0, 0, 16, 6], "texture": "#2"}
			}
		},
		{
			"from": [8, 1.6, 8.3],
			"to": [8.2, 1.8, 8.7],
			"faces": {
				"north": {"uv": [0, 0, 16, 16], "texture": "#2"},
				"east": {"uv": [0, 0, 16, 16], "texture": "#2"},
				"south": {"uv": [0, 0, 16, 16], "texture": "#2"},
				"west": {"uv": [0, 0, 16, 16], "texture": "#2"},
				"up": {"uv": [0, 0, 16, 16], "texture": "#2"},
				"down": {"uv": [0, 0, 16, 16], "texture": "#2"}
			}
		},
		{
			"from": [7.9, 1.2, 8.3],
			"to": [8.1, 1.6, 8.7],
			"faces": {
				"north": {"uv": [0, 0, 16, 6], "rotation": 270, "texture": "#2"},
				"east": {"uv": [0, 0, 16, 6], "rotation": 270, "texture": "#2"},
				"south": {"uv": [0, 0, 16, 6], "rotation": 270, "texture": "#2"},
				"west": {"uv": [0, 0, 16, 6], "rotation": 270, "texture": "#2"},
				"up": {"uv": [0, 0, 16, 6], "rotation": 270, "texture": "#2"},
				"down": {"uv": [0, 0, 16, 6], "rotation": 270, "texture": "#2"}
			}
		},
		{
			"from": [8.1, 1.1, 8.4],
			"to": [8.9, 1.7, 8.6],
			"rotation": {"angle": 0, "axis": "y", "origin": [8.5, 4, 8.5]},
			"faces": {
				"north": {"uv": [3, 4, 13, 13], "rotation": 270, "texture": "#4"},
				"east": {"uv": [3, 4, 13, 13], "rotation": 270, "texture": "#4"},
				"south": {"uv": [3, 4, 13, 13], "rotation": 270, "texture": "#4"},
				"west": {"uv": [3, 4, 13, 13], "rotation": 270, "texture": "#4"},
				"up": {"uv": [3, 4, 13, 13], "rotation": 270, "texture": "#4"},
				"down": {"uv": [3, 4, 13, 13], "rotation": 270, "texture": "#4"}
			}
		},
		{
			"from": [7, 4.2, 8.2],
			"to": [8, 4.5, 8.8],
			"faces": {
				"north": {"uv": [0, 0, 11, 9], "texture": "#1"},
				"east": {"uv": [0, 0, 11, 9], "texture": "#1"},
				"south": {"uv": [0, 0, 11, 9], "texture": "#1"},
				"west": {"uv": [0, 0, 11, 9], "texture": "#1"},
				"up": {"uv": [0, 0, 11, 9], "rotation": 180, "texture": "#1"},
				"down": {"uv": [0, 0, 11, 9], "rotation": 180, "texture": "#1"}
			}
		},
		{
			"from": [7.4, 4, 8.2],
			"to": [8, 4.2, 8.8],
			"faces": {
				"north": {"uv": [0, 0, 14, 6], "texture": "#1"},
				"east": {"uv": [0, 0, 14, 6], "texture": "#1"},
				"south": {"uv": [0, 0, 14, 6], "texture": "#1"},
				"west": {"uv": [0, 0, 14, 6], "texture": "#1"},
				"up": {"uv": [0, 0, 14, 6], "rotation": 180, "texture": "#1"},
				"down": {"uv": [0, 0, 14, 6], "rotation": 180, "texture": "#1"}
			}
		},
		{
			"from": [7, 4.5, 8.2],
			"to": [7.7, 4.8, 8.8],
			"faces": {
				"north": {"uv": [0, 0, 14, 9], "texture": "#1"},
				"east": {"uv": [0, 0, 14, 9], "texture": "#1"},
				"south": {"uv": [0, 0, 14, 9], "texture": "#1"},
				"west": {"uv": [0, 0, 14, 9], "texture": "#1"},
				"up": {"uv": [0, 0, 14, 9], "rotation": 180, "texture": "#1"},
				"down": {"uv": [0, 0, 14, 9], "rotation": 180, "texture": "#1"}
			}
		},
		{
			"from": [6.4, 4.8, 8.2],
			"to": [7, 5.3, 8.8],
			"faces": {
				"north": {"uv": [0, 0, 16, 14], "texture": "#1"},
				"east": {"uv": [0, 0, 16, 14], "texture": "#1"},
				"south": {"uv": [0, 0, 16, 14], "texture": "#1"},
				"west": {"uv": [0, 0, 16, 14], "texture": "#1"},
				"up": {"uv": [0, 0, 16, 14], "rotation": 180, "texture": "#1"},
				"down": {"uv": [0, 0, 16, 14], "rotation": 180, "texture": "#1"}
			}
		},
		{
			"from": [6.5, 4.6, 8.2],
			"to": [7, 4.8, 8.8],
			"faces": {
				"north": {"uv": [0, 0, 16, 6], "texture": "#1"},
				"east": {"uv": [0, 0, 16, 6], "texture": "#1"},
				"south": {"uv": [0, 0, 16, 6], "texture": "#1"},
				"west": {"uv": [0, 0, 16, 6], "texture": "#1"},
				"up": {"uv": [0, 0, 16, 6], "rotation": 180, "texture": "#1"},
				"down": {"uv": [0, 0, 16, 6], "rotation": 180, "texture": "#1"}
			}
		},
		{
			"from": [7, 4.8, 8.2],
			"to": [7.2, 5, 8.8],
			"faces": {
				"north": {"uv": [0, 0, 1, 6], "texture": "#1"},
				"east": {"uv": [0, 0, 1, 6], "texture": "#1"},
				"south": {"uv": [0, 0, 1, 6], "texture": "#1"},
				"west": {"uv": [0, 0, 1, 6], "texture": "#1"},
				"up": {"uv": [0, 0, 1, 6], "rotation": 180, "texture": "#1"},
				"down": {"uv": [0, 0, 1, 6], "rotation": 180, "texture": "#1"}
			}
		},
		{
			"from": [6.8, 4.4, 8.2],
			"to": [7, 4.6, 8.8],
			"faces": {
				"north": {"uv": [0, 2, 16, 8], "texture": "#1"},
				"east": {"uv": [0, 2, 16, 8], "texture": "#1"},
				"south": {"uv": [0, 2, 16, 8], "texture": "#1"},
				"west": {"uv": [0, 2, 16, 8], "texture": "#1"},
				"up": {"uv": [0, 2, 16, 8], "rotation": 180, "texture": "#1"},
				"down": {"uv": [0, 2, 16, 8], "rotation": 180, "texture": "#1"}
			}
		},
		{
			"from": [8.3, 1.9, 8.4],
			"to": [8.7, 3.7, 8.6],
			"faces": {
				"north": {"uv": [0, 0, 16, 16], "texture": "#1"},
				"east": {"uv": [0, 0, 16, 16], "texture": "#1"},
				"south": {"uv": [0, 0, 16, 16], "texture": "#1"},
				"west": {"uv": [0, 0, 16, 16], "texture": "#1"},
				"up": {"uv": [0, 0, 16, 16], "texture": "#1"},
				"down": {"uv": [0, 0, 16, 16], "texture": "#1"}
			}
		}
	],
	"display": {
		"thirdperson_righthand": {
			"rotation": [24, 0, 0],
			"translation": [-1, 9.25, 3],
			"scale": [2, 2, 2]
		},
		"thirdperson_lefthand": {
			"rotation": [24, 0, 0],
			"translation": [1, 9.75, 3.25],
			"scale": [2, 2, 2]
		},
		"firstperson_righthand": {
			"translation": [-1.25, 9, -0.75],
			"scale": [2, 2, 2]
		},
		"firstperson_lefthand": {
			"translation": [0.5, 8.75, 0],
			"scale": [2, 2, 2]
		},
		"ground": {
			"rotation": [0, 0, -61],
			"translation": [0, 6, -0.5]
		},
		"gui": {
			"rotation": [0, 0, -49],
			"translation": [1.5, 3, 0],
			"scale": [2, 2, 2]
		},
		"head": {
			"rotation": [90, -19, -87],
			"translation": [1.25, 2.75, 2.5],
			"scale": [4, 4, 4]
		},
		"fixed": {
			"translation": [0, 4.25, -3],
			"scale": [2, 2, 2]
		}
	},
	"groups": [
		{
			"name": "group",
			"origin": [8, 8, 8],
			"children": [0, 1, 2, 3, 4, 5, 6]
		},
		{
			"name": "group",
			"origin": [8, 8, 8],
			"children": [7, 8, 9, 10, 11, 12, 13, 14, 15, 16, 17, 18]
		},
		{
			"name": "group",
			"origin": [8, 8, 8],
			"children": [19, 20, 21, 22, 23, 24, 25, 26]
		},
		{
			"name": "group",
			"origin": [8, 8, 8],
			"children": [27]
		},
		{
			"name": "group",
			"origin": [8, 8, 8],
			"children": [28, 29, 30, 31, 32, 33, 34]
		}, 35]
}