{
	"credit": "quiktori",
	"textures": {
		"1": "items/silver",
		"2": "items/end_sky-gray",
		"3": "items/chorus_flower-iron",
		"particle": "items/end_sky-gray"
	},
	"elements": [
		{
			"from": [8, 0, 8.6],
			"to": [8.1, 6.3, 8.7],
			"faces": {
				"north": {"uv": [0, 0, 16, 16], "texture": "#1"},
				"east": {"uv": [0, 0, 16, 16], "texture": "#1"},
				"south": {"uv": [0, 0, 16, 16], "texture": "#1"},
				"west": {"uv": [0, 0, 16, 16], "texture": "#1"},
				"up": {"uv": [12, 11, 16, 16], "texture": "#1"},
				"down": {"uv": [0, 0, 16, 16], "texture": "#1"}
			}
		},
		{
			"from": [8.1, 0, 8.1],
			"to": [8.2, 6.3, 8.2],
			"faces": {
				"north": {"uv": [0, 0, 16, 16], "texture": "#1"},
				"east": {"uv": [0, 0, 16, 16], "texture": "#1"},
				"south": {"uv": [0, 0, 16, 16], "texture": "#1"},
				"west": {"uv": [0, 0, 16, 16], "texture": "#1"},
				"up": {"uv": [12, 11, 16, 16], "texture": "#1"},
				"down": {"uv": [0, 0, 16, 16], "texture": "#1"}
			}
		},
		{
			"from": [7.8, 0, 8.3],
			"to": [7.9, 6.3, 8.5],
			"faces": {
				"north": {"uv": [0, 0, 16, 16], "texture": "#1"},
				"east": {"uv": [0, 0, 16, 16], "texture": "#1"},
				"south": {"uv": [0, 0, 16, 16], "texture": "#1"},
				"west": {"uv": [0, 0, 16, 16], "texture": "#1"},
				"up": {"uv": [12, 11, 16, 16], "texture": "#1"},
				"down": {"uv": [0, 0, 16, 16], "texture": "#1"}
			}
		},
		{
			"from": [8.3, 0, 8.3],
			"to": [8.4, 6.3, 8.5],
			"faces": {
				"north": {"uv": [0, 0, 16, 16], "texture": "#1"},
				"east": {"uv": [0, 0, 16, 16], "texture": "#1"},
				"south": {"uv": [0, 0, 16, 16], "texture": "#1"},
				"west": {"uv": [0, 0, 16, 16], "texture": "#1"},
				"up": {"uv": [12, 11, 16, 16], "texture": "#1"},
				"down": {"uv": [0, 0, 16, 16], "texture": "#1"}
			}
		},
		{
			"from": [8, 0, 8.1],
			"to": [8.1, 6.3, 8.2],
			"faces": {
				"north": {"uv": [0, 0, 16, 16], "texture": "#1"},
				"east": {"uv": [0, 0, 16, 16], "texture": "#1"},
				"south": {"uv": [0, 0, 16, 16], "texture": "#1"},
				"west": {"uv": [0, 0, 16, 16], "texture": "#1"},
				"up": {"uv": [12, 11, 16, 16], "texture": "#1"},
				"down": {"uv": [0, 0, 16, 16], "texture": "#1"}
			}
		},
		{
			"from": [8.1, 0, 8.6],
			"to": [8.2, 6.3, 8.7],
			"faces": {
				"north": {"uv": [0, 0, 16, 16], "texture": "#1"},
				"east": {"uv": [0, 0, 16, 16], "texture": "#1"},
				"south": {"uv": [0, 0, 16, 16], "texture": "#1"},
				"west": {"uv": [0, 0, 16, 16], "texture": "#1"},
				"up": {"uv": [12, 11, 16, 16], "texture": "#1"},
				"down": {"uv": [0, 0, 16, 16], "texture": "#1"}
			}
		},
		{
			"from": [7.9, 0, 8.2],
			"to": [8.1, 6.3, 8.6],
			"faces": {
				"north": {"uv": [0, 0, 16, 16], "texture": "#1"},
				"east": {"uv": [0, 0, 16, 16], "texture": "#1"},
				"south": {"uv": [0, 0, 16, 16], "texture": "#1"},
				"west": {"uv": [0, 0, 16, 16], "texture": "#1"},
				"up": {"uv": [12, 11, 16, 16], "texture": "#1"},
				"down": {"uv": [0, 0, 16, 16], "texture": "#1"}
			}
		},
		{
			"from": [8.1, 0, 8.2],
			"to": [8.3, 6.3, 8.6],
			"faces": {
				"north": {"uv": [0, 0, 16, 16], "texture": "#1"},
				"east": {"uv": [0, 0, 16, 16], "texture": "#1"},
				"south": {"uv": [0, 0, 16, 16], "texture": "#1"},
				"west": {"uv": [0, 0, 16, 16], "texture": "#1"},
				"up": {"uv": [12, 11, 16, 16], "texture": "#1"},
				"down": {"uv": [0, 0, 16, 16], "texture": "#1"}
			}
		},
		{
			"from": [7.1, 5.3, 8],
			"to": [7.7, 5.9, 8.8],
			"faces": {
				"north": {"uv": [0, 0, 3.75, 3.25], "texture": "#2"},
				"east": {"uv": [0, 0, 3.75, 3.25], "texture": "#2"},
				"south": {"uv": [0, 0, 3.75, 3.25], "texture": "#2"},
				"west": {"uv": [0, 0, 3.75, 3.25], "texture": "#2"},
				"up": {"uv": [0, 0, 3.75, 3.25], "texture": "#2"},
				"down": {"uv": [0, 0, 3.75, 3.25], "texture": "#2"}
			}
		},
		{
			"from": [6.2, 2.9, 8.3],
			"to": [6.5, 3.3, 8.5],
			"faces": {
				"north": {"uv": [0, 0, 3.75, 3.25], "texture": "#2"},
				"east": {"uv": [0, 0, 3.75, 3.25], "texture": "#2"},
				"south": {"uv": [0, 0, 3.75, 3.25], "texture": "#2"},
				"west": {"uv": [0, 0, 3.75, 3.25], "texture": "#2"},
				"up": {"uv": [0, 0, 3.75, 3.25], "texture": "#2"},
				"down": {"uv": [0, 0, 3.75, 3.25], "texture": "#2"}
			}
		},
		{
			"from": [6.2, 2.9, 8.3],
			"to": [6.5, 3.3, 8.5],
			"faces": {
				"north": {"uv": [0, 0, 3.75, 3.25], "texture": "#2"},
				"east": {"uv": [0, 0, 3.75, 3.25], "texture": "#2"},
				"south": {"uv": [0, 0, 3.75, 3.25], "texture": "#2"},
				"west": {"uv": [0, 0, 3.75, 3.25], "texture": "#2"},
				"up": {"uv": [0, 0, 3.75, 3.25], "texture": "#2"},
				"down": {"uv": [0, 0, 3.75, 3.25], "texture": "#2"}
			}
		},
		{
			"from": [6, 3.3, 8.3],
			"to": [6.3, 3.7, 8.5],
			"faces": {
				"north": {"uv": [0, 0, 3.75, 3.25], "texture": "#2"},
				"east": {"uv": [0, 0, 3.75, 3.25], "texture": "#2"},
				"south": {"uv": [0, 0, 3.75, 3.25], "texture": "#2"},
				"west": {"uv": [0, 0, 3.75, 3.25], "texture": "#2"},
				"up": {"uv": [0, 0, 3.75, 3.25], "texture": "#2"},
				"down": {"uv": [0, 0, 3.75, 3.25], "texture": "#2"}
			}
		},
		{
			"from": [6.6, 5.1, 8.1],
			"to": [7.1, 5.7, 8.7],
			"faces": {
				"north": {"uv": [0, 0, 3.75, 3.25], "texture": "#2"},
				"east": {"uv": [0, 0, 3.75, 3.25], "texture": "#2"},
				"south": {"uv": [0, 0, 3.75, 3.25], "texture": "#2"},
				"west": {"uv": [0, 0, 3.75, 3.25], "texture": "#2"},
				"up": {"uv": [0, 0, 3.75, 3.25], "texture": "#2"},
				"down": {"uv": [0, 0, 3.75, 3.25], "texture": "#2"}
			}
		},
		{
			"from": [6.1, 4.7, 8.1],
			"to": [6.6, 5.3, 8.7],
			"faces": {
				"north": {"uv": [0, 0, 3.75, 3.25], "texture": "#2"},
				"east": {"uv": [0, 0, 3.75, 3.25], "texture": "#2"},
				"south": {"uv": [0, 0, 3.75, 3.25], "texture": "#2"},
				"west": {"uv": [0, 0, 3.75, 3.25], "texture": "#2"},
				"up": {"uv": [0, 0, 3.75, 3.25], "texture": "#2"},
				"down": {"uv": [0, 0, 3.75, 3.25], "texture": "#2"}
			}
		},
		{
			"from": [5.9, 4.2, 8.2],
			"to": [6.4, 4.7, 8.6],
			"faces": {
				"north": {"uv": [0, 0, 3.75, 3.25], "texture": "#2"},
				"east": {"uv": [0, 0, 3.75, 3.25], "texture": "#2"},
				"south": {"uv": [0, 0, 3.75, 3.25], "texture": "#2"},
				"west": {"uv": [0, 0, 3.75, 3.25], "texture": "#2"},
				"up": {"uv": [0, 0, 3.75, 3.25], "texture": "#2"},
				"down": {"uv": [0, 0, 3.75, 3.25], "texture": "#2"}
			}
		},
		{
			"from": [5.8, 3.7, 8.2],
			"to": [6.3, 4.2, 8.6],
			"faces": {
				"north": {"uv": [0, 0, 3.75, 3.25], "texture": "#2"},
				"east": {"uv": [0, 0, 3.75, 3.25], "texture": "#2"},
				"south": {"uv": [0, 0, 3.75, 3.25], "texture": "#2"},
				"west": {"uv": [0, 0, 3.75, 3.25], "texture": "#2"},
				"up": {"uv": [0, 0, 3.75, 3.25], "texture": "#2"},
				"down": {"uv": [0, 0, 3.75, 3.25], "texture": "#2"}
			}
		},
		{
			"from": [7.7, 5.3, 8],
			"to": [8.5, 6, 8.8],
			"faces": {
				"north": {"uv": [0, 0, 3.75, 3.25], "texture": "#2"},
				"east": {"uv": [0, 0, 3.75, 3.25], "texture": "#2"},
				"south": {"uv": [0, 0, 3.75, 3.25], "texture": "#2"},
				"west": {"uv": [0, 0, 3.75, 3.25], "texture": "#2"},
				"up": {"uv": [0, 0, 3.75, 3.25], "texture": "#2"},
				"down": {"uv": [0, 0, 3.75, 3.25], "texture": "#2"}
			}
		},
		{
			"from": [8.5, 5.3, 8],
			"to": [9.1, 5.9, 8.8],
			"faces": {
				"north": {"uv": [0, 0, 3.75, 3.25], "texture": "#2"},
				"east": {"uv": [0, 0, 3.75, 3.25], "texture": "#2"},
				"south": {"uv": [0, 0, 3.75, 3.25], "texture": "#2"},
				"west": {"uv": [0, 0, 3.75, 3.25], "texture": "#2"},
				"up": {"uv": [0, 0, 3.75, 3.25], "texture": "#2"},
				"down": {"uv": [0, 0, 3.75, 3.25], "texture": "#2"}
			}
		},
		{
			"from": [9.7, 2.9, 8.3],
			"to": [10, 3.3, 8.5],
			"faces": {
				"north": {"uv": [0, 0, 3.75, 3.25], "texture": "#2"},
				"east": {"uv": [0, 0, 3.75, 3.25], "texture": "#2"},
				"south": {"uv": [0, 0, 3.75, 3.25], "texture": "#2"},
				"west": {"uv": [0, 0, 3.75, 3.25], "texture": "#2"},
				"up": {"uv": [0, 0, 3.75, 3.25], "texture": "#2"},
				"down": {"uv": [0, 0, 3.75, 3.25], "texture": "#2"}
			}
		},
		{
			"from": [9.9, 3.3, 8.3],
			"to": [10.2, 3.7, 8.5],
			"faces": {
				"north": {"uv": [0, 0, 3.75, 3.25], "texture": "#2"},
				"east": {"uv": [0, 0, 3.75, 3.25], "texture": "#2"},
				"south": {"uv": [0, 0, 3.75, 3.25], "texture": "#2"},
				"west": {"uv": [0, 0, 3.75, 3.25], "texture": "#2"},
				"up": {"uv": [0, 0, 3.75, 3.25], "texture": "#2"},
				"down": {"uv": [0, 0, 3.75, 3.25], "texture": "#2"}
			}
		},
		{
			"from": [9.1, 5.1, 8.1],
			"to": [9.6, 5.7, 8.7],
			"faces": {
				"north": {"uv": [0, 0, 3.75, 3.25], "texture": "#2"},
				"east": {"uv": [0, 0, 3.75, 3.25], "texture": "#2"},
				"south": {"uv": [0, 0, 3.75, 3.25], "texture": "#2"},
				"west": {"uv": [0, 0, 3.75, 3.25], "texture": "#2"},
				"up": {"uv": [0, 0, 3.75, 3.25], "texture": "#2"},
				"down": {"uv": [0, 0, 3.75, 3.25], "texture": "#2"}
			}
		},
		{
			"from": [9.6, 4.7, 8.1],
			"to": [10.1, 5.3, 8.7],
			"faces": {
				"north": {"uv": [0, 0, 3.75, 3.25], "texture": "#2"},
				"east": {"uv": [0, 0, 3.75, 3.25], "texture": "#2"},
				"south": {"uv": [0, 0, 3.75, 3.25], "texture": "#2"},
				"west": {"uv": [0, 0, 3.75, 3.25], "texture": "#2"},
				"up": {"uv": [0, 0, 3.75, 3.25], "texture": "#2"},
				"down": {"uv": [0, 0, 3.75, 3.25], "texture": "#2"}
			}
		},
		{
			"from": [9.8, 4.2, 8.2],
			"to": [10.3, 4.7, 8.6],
			"faces": {
				"north": {"uv": [0, 0, 3.75, 3.25], "texture": "#2"},
				"east": {"uv": [0, 0, 3.75, 3.25], "texture": "#2"},
				"south": {"uv": [0, 0, 3.75, 3.25], "texture": "#2"},
				"west": {"uv": [0, 0, 3.75, 3.25], "texture": "#2"},
				"up": {"uv": [0, 0, 3.75, 3.25], "texture": "#2"},
				"down": {"uv": [0, 0, 3.75, 3.25], "texture": "#2"}
			}
		},
		{
			"from": [9.9, 3.7, 8.2],
			"to": [10.4, 4.2, 8.6],
			"faces": {
				"north": {"uv": [0, 0, 3.75, 3.25], "texture": "#2"},
				"east": {"uv": [0, 0, 3.75, 3.25], "texture": "#2"},
				"south": {"uv": [0, 0, 3.75, 3.25], "texture": "#2"},
				"west": {"uv": [0, 0, 3.75, 3.25], "texture": "#2"},
				"up": {"uv": [0, 0, 3.75, 3.25], "texture": "#2"},
				"down": {"uv": [0, 0, 3.75, 3.25], "texture": "#2"}
			}
		},
		{
			"from": [8.7, 6.6, 8.2],
			"to": [8.9, 6.8, 8.6],
			"faces": {
				"north": {"uv": [0, 0, 3.75, 3.25], "texture": "#2"},
				"east": {"uv": [0, 0, 3.75, 3.25], "texture": "#2"},
				"south": {"uv": [0, 0, 3.75, 3.25], "texture": "#2"},
				"west": {"uv": [0, 0, 3.75, 3.25], "texture": "#2"},
				"up": {"uv": [0, 0, 3.75, 3.25], "texture": "#2"},
				"down": {"uv": [0, 0, 3.75, 3.25], "texture": "#2"}
			}
		},
		{
			"from": [8.4, 5.9, 8.2],
			"to": [8.7, 6.2, 8.6],
			"faces": {
				"north": {"uv": [0, 0, 3.75, 3.25], "texture": "#2"},
				"east": {"uv": [0, 0, 3.75, 3.25], "texture": "#2"},
				"south": {"uv": [0, 0, 3.75, 3.25], "texture": "#2"},
				"west": {"uv": [0, 0, 3.75, 3.25], "texture": "#2"},
				"up": {"uv": [0, 0, 3.75, 3.25], "texture": "#2"},
				"down": {"uv": [0, 0, 3.75, 3.25], "texture": "#2"}
			}
		},
		{
			"from": [8.7, 6.1, 8.2],
			"to": [8.9, 6.3, 8.6],
			"faces": {
				"north": {"uv": [0, 0, 3.75, 3.25], "texture": "#2"},
				"east": {"uv": [0, 0, 3.75, 3.25], "texture": "#2"},
				"south": {"uv": [0, 0, 3.75, 3.25], "texture": "#2"},
				"west": {"uv": [0, 0, 3.75, 3.25], "texture": "#2"},
				"up": {"uv": [0, 0, 3.75, 3.25], "texture": "#2"},
				"down": {"uv": [0, 0, 3.75, 3.25], "texture": "#2"}
			}
		},
		{
			"from": [8.8, 6.3, 8.2],
			"to": [9, 6.6, 8.6],
			"faces": {
				"north": {"uv": [0, 0, 3.75, 3.25], "texture": "#2"},
				"east": {"uv": [0, 0, 3.75, 3.25], "texture": "#2"},
				"south": {"uv": [0, 0, 3.75, 3.25], "texture": "#2"},
				"west": {"uv": [0, 0, 3.75, 3.25], "texture": "#2"},
				"up": {"uv": [0, 0, 3.75, 3.25], "texture": "#2"},
				"down": {"uv": [0, 0, 3.75, 3.25], "texture": "#2"}
			}
		},
		{
			"from": [7.5, 5.9, 8.2],
			"to": [7.8, 6.2, 8.6],
			"faces": {
				"north": {"uv": [0, 0, 3.75, 3.25], "texture": "#2"},
				"east": {"uv": [0, 0, 3.75, 3.25], "texture": "#2"},
				"south": {"uv": [0, 0, 3.75, 3.25], "texture": "#2"},
				"west": {"uv": [0, 0, 3.75, 3.25], "texture": "#2"},
				"up": {"uv": [0, 0, 3.75, 3.25], "texture": "#2"},
				"down": {"uv": [0, 0, 3.75, 3.25], "texture": "#2"}
			}
		},
		{
			"from": [7.3, 6.1, 8.2],
			"to": [7.5, 6.3, 8.6],
			"faces": {
				"north": {"uv": [0, 0, 3.75, 3.25], "texture": "#2"},
				"east": {"uv": [0, 0, 3.75, 3.25], "texture": "#2"},
				"south": {"uv": [0, 0, 3.75, 3.25], "texture": "#2"},
				"west": {"uv": [0, 0, 3.75, 3.25], "texture": "#2"},
				"up": {"uv": [0, 0, 3.75, 3.25], "texture": "#2"},
				"down": {"uv": [0, 0, 3.75, 3.25], "texture": "#2"}
			}
		},
		{
			"from": [7.2, 6.3, 8.2],
			"to": [7.4, 6.6, 8.6],
			"faces": {
				"north": {"uv": [0, 0, 3.75, 3.25], "texture": "#2"},
				"east": {"uv": [0, 0, 3.75, 3.25], "texture": "#2"},
				"south": {"uv": [0, 0, 3.75, 3.25], "texture": "#2"},
				"west": {"uv": [0, 0, 3.75, 3.25], "texture": "#2"},
				"up": {"uv": [0, 0, 3.75, 3.25], "texture": "#2"},
				"down": {"uv": [0, 0, 3.75, 3.25], "texture": "#2"}
			}
		},
		{
			"from": [7.3, 6.6, 8.2],
			"to": [7.5, 6.8, 8.6],
			"faces": {
				"north": {"uv": [0, 0, 3.75, 3.25], "texture": "#2"},
				"east": {"uv": [0, 0, 3.75, 3.25], "texture": "#2"},
				"south": {"uv": [0, 0, 3.75, 3.25], "texture": "#2"},
				"west": {"uv": [0, 0, 3.75, 3.25], "texture": "#2"},
				"up": {"uv": [0, 0, 3.75, 3.25], "texture": "#2"},
				"down": {"uv": [0, 0, 3.75, 3.25], "texture": "#2"}
			}
		},
		{
			"from": [7.8, 6.9, 8.5],
			"to": [7.9, 7, 8.6],
			"faces": {
				"north": {"uv": [-0.186, 0.438, 14.875, 15.624], "rotation": 180, "texture": "#3"},
				"east": {"uv": [-0.186, 0.438, 14.875, 15.624], "rotation": 180, "texture": "#3"},
				"south": {"uv": [-0.186, 0.438, 14.875, 15.624], "rotation": 180, "texture": "#3"},
				"west": {"uv": [-0.186, 0.438, 14.875, 15.624], "rotation": 180, "texture": "#3"},
				"up": {"uv": [-0.186, 0.438, 14.875, 15.624], "rotation": 180, "texture": "#3"},
				"down": {"uv": [-0.186, 0.438, 14.875, 15.624], "rotation": 180, "texture": "#3"}
			}
		},
		{
			"from": [7.8, 7, 8.4],
			"to": [7.9, 7.1, 8.5],
			"faces": {
				"north": {"uv": [-0.186, 0.438, 14.875, 15.624], "rotation": 180, "texture": "#3"},
				"east": {"uv": [-0.186, 0.438, 14.875, 15.624], "rotation": 180, "texture": "#3"},
				"south": {"uv": [-0.186, 0.438, 14.875, 15.624], "rotation": 180, "texture": "#3"},
				"west": {"uv": [-0.186, 0.438, 14.875, 15.624], "rotation": 180, "texture": "#3"},
				"up": {"uv": [-0.186, 0.438, 14.875, 15.624], "rotation": 180, "texture": "#3"},
				"down": {"uv": [-0.186, 0.438, 14.875, 15.624], "rotation": 180, "texture": "#3"}
			}
		},
		{
			"from": [7.8, 7, 8.6],
			"to": [7.9, 7.1, 8.7],
			"faces": {
				"north": {"uv": [-0.186, 0.438, 14.875, 15.624], "rotation": 180, "texture": "#3"},
				"east": {"uv": [-0.186, 0.438, 14.875, 15.624], "rotation": 180, "texture": "#3"},
				"south": {"uv": [-0.186, 0.438, 14.875, 15.624], "rotation": 180, "texture": "#3"},
				"west": {"uv": [-0.186, 0.438, 14.875, 15.624], "rotation": 180, "texture": "#3"},
				"up": {"uv": [-0.186, 0.438, 14.875, 15.624], "rotation": 180, "texture": "#3"},
				"down": {"uv": [-0.186, 0.438, 14.875, 15.624], "rotation": 180, "texture": "#3"}
			}
		},
		{
			"from": [7.9, 7, 8.5],
			"to": [8, 7.1, 8.6],
			"faces": {
				"north": {"uv": [-0.186, 0.438, 14.875, 15.624], "rotation": 180, "texture": "#3"},
				"east": {"uv": [-0.186, 0.438, 14.875, 15.624], "rotation": 180, "texture": "#3"},
				"south": {"uv": [-0.186, 0.438, 14.875, 15.624], "rotation": 180, "texture": "#3"},
				"west": {"uv": [-0.186, 0.438, 14.875, 15.624], "rotation": 180, "texture": "#3"},
				"up": {"uv": [-0.186, 0.438, 14.875, 15.624], "rotation": 180, "texture": "#3"},
				"down": {"uv": [-0.186, 0.438, 14.875, 15.624], "rotation": 180, "texture": "#3"}
			}
		},
		{
			"from": [7.8, 7.1, 8.5],
			"to": [7.9, 7.2, 8.6],
			"faces": {
				"north": {"uv": [-0.186, 0.438, 14.875, 15.624], "rotation": 180, "texture": "#3"},
				"east": {"uv": [-0.186, 0.438, 14.875, 15.624], "rotation": 180, "texture": "#3"},
				"south": {"uv": [-0.186, 0.438, 14.875, 15.624], "rotation": 180, "texture": "#3"},
				"west": {"uv": [-0.186, 0.438, 14.875, 15.624], "rotation": 180, "texture": "#3"},
				"up": {"uv": [-0.186, 0.438, 14.875, 15.624], "rotation": 180, "texture": "#3"},
				"down": {"uv": [-0.186, 0.438, 14.875, 15.624], "rotation": 180, "texture": "#3"}
			}
		},
		{
			"from": [7.7, 7, 8.5],
			"to": [7.8, 7.1, 8.6],
			"faces": {
				"north": {"uv": [-0.186, 0.438, 14.875, 15.624], "rotation": 180, "texture": "#3"},
				"east": {"uv": [-0.186, 0.438, 14.875, 15.624], "rotation": 180, "texture": "#3"},
				"south": {"uv": [-0.186, 0.438, 14.875, 15.624], "rotation": 180, "texture": "#3"},
				"west": {"uv": [-0.186, 0.438, 14.875, 15.624], "rotation": 180, "texture": "#3"},
				"up": {"uv": [-0.186, 0.438, 14.875, 15.624], "rotation": 180, "texture": "#3"},
				"down": {"uv": [-0.186, 0.438, 14.875, 15.624], "rotation": 180, "texture": "#3"}
			}
		},
		{
			"from": [8.1, 6.6, 8.3],
			"to": [8.2, 6.7, 8.4],
			"faces": {
				"north": {"uv": [-0.186, 0.438, 14.875, 15.624], "rotation": 180, "texture": "#3"},
				"east": {"uv": [-0.186, 0.438, 14.875, 15.624], "rotation": 180, "texture": "#3"},
				"south": {"uv": [-0.186, 0.438, 14.875, 15.624], "rotation": 180, "texture": "#3"},
				"west": {"uv": [-0.186, 0.438, 14.875, 15.624], "rotation": 180, "texture": "#3"},
				"up": {"uv": [-0.186, 0.438, 14.875, 15.624], "rotation": 180, "texture": "#3"},
				"down": {"uv": [-0.186, 0.438, 14.875, 15.624], "rotation": 180, "texture": "#3"}
			}
		},
		{
			"from": [8.2, 6.7, 8.3],
			"to": [8.3, 6.8, 8.4],
			"faces": {
				"north": {"uv": [-0.186, 0.438, 14.875, 15.624], "rotation": 180, "texture": "#3"},
				"east": {"uv": [-0.186, 0.438, 14.875, 15.624], "rotation": 180, "texture": "#3"},
				"south": {"uv": [-0.186, 0.438, 14.875, 15.624], "rotation": 180, "texture": "#3"},
				"west": {"uv": [-0.186, 0.438, 14.875, 15.624], "rotation": 180, "texture": "#3"},
				"up": {"uv": [-0.186, 0.438, 14.875, 15.624], "rotation": 180, "texture": "#3"},
				"down": {"uv": [-0.186, 0.438, 14.875, 15.624], "rotation": 180, "texture": "#3"}
			}
		},
		{
			"from": [8.3, 6.6, 8.3],
			"to": [8.4, 6.7, 8.4],
			"faces": {
				"north": {"uv": [-0.186, 0.438, 14.875, 15.624], "rotation": 180, "texture": "#3"},
				"east": {"uv": [-0.186, 0.438, 14.875, 15.624], "rotation": 180, "texture": "#3"},
				"south": {"uv": [-0.186, 0.438, 14.875, 15.624], "rotation": 180, "texture": "#3"},
				"west": {"uv": [-0.186, 0.438, 14.875, 15.624], "rotation": 180, "texture": "#3"},
				"up": {"uv": [-0.186, 0.438, 14.875, 15.624], "rotation": 180, "texture": "#3"},
				"down": {"uv": [-0.186, 0.438, 14.875, 15.624], "rotation": 180, "texture": "#3"}
			}
		},
		{
			"from": [8.2, 6.5, 8.3],
			"to": [8.3, 6.6, 8.4],
			"faces": {
				"north": {"uv": [-0.186, 0.438, 14.875, 15.624], "rotation": 180, "texture": "#3"},
				"east": {"uv": [-0.186, 0.438, 14.875, 15.624], "rotation": 180, "texture": "#3"},
				"south": {"uv": [-0.186, 0.438, 14.875, 15.624], "rotation": 180, "texture": "#3"},
				"west": {"uv": [-0.186, 0.438, 14.875, 15.624], "rotation": 180, "texture": "#3"},
				"up": {"uv": [-0.186, 0.438, 14.875, 15.624], "rotation": 180, "texture": "#3"},
				"down": {"uv": [-0.186, 0.438, 14.875, 15.624], "rotation": 180, "texture": "#3"}
			}
		},
		{
			"from": [8.2, 6.6, 8.2],
			"to": [8.3, 6.7, 8.3],
			"faces": {
				"north": {"uv": [-0.186, 0.438, 14.875, 15.624], "rotation": 180, "texture": "#3"},
				"east": {"uv": [-0.186, 0.438, 14.875, 15.624], "rotation": 180, "texture": "#3"},
				"south": {"uv": [-0.186, 0.438, 14.875, 15.624], "rotation": 180, "texture": "#3"},
				"west": {"uv": [-0.186, 0.438, 14.875, 15.624], "rotation": 180, "texture": "#3"},
				"up": {"uv": [-0.186, 0.438, 14.875, 15.624], "rotation": 180, "texture": "#3"},
				"down": {"uv": [-0.186, 0.438, 14.875, 15.624], "rotation": 180, "texture": "#3"}
			}
		},
		{
			"from": [8.2, 6.6, 8.4],
			"to": [8.3, 6.7, 8.5],
			"faces": {
				"north": {"uv": [-0.186, 0.438, 14.875, 15.624], "rotation": 180, "texture": "#3"},
				"east": {"uv": [-0.186, 0.438, 14.875, 15.624], "rotation": 180, "texture": "#3"},
				"south": {"uv": [-0.186, 0.438, 14.875, 15.624], "rotation": 180, "texture": "#3"},
				"west": {"uv": [-0.186, 0.438, 14.875, 15.624], "rotation": 180, "texture": "#3"},
				"up": {"uv": [-0.186, 0.438, 14.875, 15.624], "rotation": 180, "texture": "#3"},
				"down": {"uv": [-0.186, 0.438, 14.875, 15.624], "rotation": 180, "texture": "#3"}
			}
		},
		{
			"from": [8.1, 7.3, 8.1],
			"to": [8.2, 7.4, 8.2],
			"faces": {
				"north": {"uv": [-0.186, 0.438, 14.875, 15.624], "rotation": 180, "texture": "#3"},
				"east": {"uv": [-0.186, 0.438, 14.875, 15.624], "rotation": 180, "texture": "#3"},
				"south": {"uv": [-0.186, 0.438, 14.875, 15.624], "rotation": 180, "texture": "#3"},
				"west": {"uv": [-0.186, 0.438, 14.875, 15.624], "rotation": 180, "texture": "#3"},
				"up": {"uv": [-0.186, 0.438, 14.875, 15.624], "rotation": 180, "texture": "#3"},
				"down": {"uv": [-0.186, 0.438, 14.875, 15.624], "rotation": 180, "texture": "#3"}
			}
		},
		{
			"from": [8.2, 7.4, 8.1],
			"to": [8.3, 7.5, 8.2],
			"faces": {
				"north": {"uv": [-0.186, 0.438, 14.875, 15.624], "rotation": 180, "texture": "#3"},
				"east": {"uv": [-0.186, 0.438, 14.875, 15.624], "rotation": 180, "texture": "#3"},
				"south": {"uv": [-0.186, 0.438, 14.875, 15.624], "rotation": 180, "texture": "#3"},
				"west": {"uv": [-0.186, 0.438, 14.875, 15.624], "rotation": 180, "texture": "#3"},
				"up": {"uv": [-0.186, 0.438, 14.875, 15.624], "rotation": 180, "texture": "#3"},
				"down": {"uv": [-0.186, 0.438, 14.875, 15.624], "rotation": 180, "texture": "#3"}
			}
		},
		{
			"from": [8.3, 7.3, 8.1],
			"to": [8.4, 7.4, 8.2],
			"faces": {
				"north": {"uv": [-0.186, 0.438, 14.875, 15.624], "rotation": 180, "texture": "#3"},
				"east": {"uv": [-0.186, 0.438, 14.875, 15.624], "rotation": 180, "texture": "#3"},
				"south": {"uv": [-0.186, 0.438, 14.875, 15.624], "rotation": 180, "texture": "#3"},
				"west": {"uv": [-0.186, 0.438, 14.875, 15.624], "rotation": 180, "texture": "#3"},
				"up": {"uv": [-0.186, 0.438, 14.875, 15.624], "rotation": 180, "texture": "#3"},
				"down": {"uv": [-0.186, 0.438, 14.875, 15.624], "rotation": 180, "texture": "#3"}
			}
		},
		{
			"from": [8.2, 7.2, 8.1],
			"to": [8.3, 7.3, 8.2],
			"faces": {
				"north": {"uv": [-0.186, 0.438, 14.875, 15.624], "rotation": 180, "texture": "#3"},
				"east": {"uv": [-0.186, 0.438, 14.875, 15.624], "rotation": 180, "texture": "#3"},
				"south": {"uv": [-0.186, 0.438, 14.875, 15.624], "rotation": 180, "texture": "#3"},
				"west": {"uv": [-0.186, 0.438, 14.875, 15.624], "rotation": 180, "texture": "#3"},
				"up": {"uv": [-0.186, 0.438, 14.875, 15.624], "rotation": 180, "texture": "#3"},
				"down": {"uv": [-0.186, 0.438, 14.875, 15.624], "rotation": 180, "texture": "#3"}
			}
		},
		{
			"from": [8.2, 7.3, 8],
			"to": [8.3, 7.4, 8.1],
			"faces": {
				"north": {"uv": [-0.186, 0.438, 14.875, 15.624], "rotation": 180, "texture": "#3"},
				"east": {"uv": [-0.186, 0.438, 14.875, 15.624], "rotation": 180, "texture": "#3"},
				"south": {"uv": [-0.186, 0.438, 14.875, 15.624], "rotation": 180, "texture": "#3"},
				"west": {"uv": [-0.186, 0.438, 14.875, 15.624], "rotation": 180, "texture": "#3"},
				"up": {"uv": [-0.186, 0.438, 14.875, 15.624], "rotation": 180, "texture": "#3"},
				"down": {"uv": [-0.186, 0.438, 14.875, 15.624], "rotation": 180, "texture": "#3"}
			}
		},
		{
			"from": [8.2, 7.3, 8.2],
			"to": [8.3, 7.4, 8.3],
			"faces": {
				"north": {"uv": [-0.186, 0.438, 14.875, 15.624], "rotation": 180, "texture": "#3"},
				"east": {"uv": [-0.186, 0.438, 14.875, 15.624], "rotation": 180, "texture": "#3"},
				"south": {"uv": [-0.186, 0.438, 14.875, 15.624], "rotation": 180, "texture": "#3"},
				"west": {"uv": [-0.186, 0.438, 14.875, 15.624], "rotation": 180, "texture": "#3"},
				"up": {"uv": [-0.186, 0.438, 14.875, 15.624], "rotation": 180, "texture": "#3"},
				"down": {"uv": [-0.186, 0.438, 14.875, 15.624], "rotation": 180, "texture": "#3"}
			}
		}
	],
	"display": {
		"thirdperson_righthand": {
			"rotation": [23, 57, -13],
			"translation": [1, 12.75, 3.25],
			"scale": [2, 2, 2]
		},
		"thirdperson_lefthand": {
			"rotation": [21, -116, 12],
			"translation": [1.75, 12.5, 3.5],
			"scale": [2, 2, 2]
		},
		"firstperson_righthand": {
			"rotation": [-13, -83, 0],
			"translation": [1, 10.25, -0.75],
			"scale": [2, 2, 2]
		},
		"firstperson_lefthand": {
			"rotation": [-9, 98, 0],
			"translation": [-0.75, 11, 0],
			"scale": [2, 2, 2]
		},
		"ground": {
			"rotation": [76, 45, 0],
			"translation": [-0.75, 2.25, 10.5],
			"scale": [2, 2, 2]
		},
		"gui": {
			"rotation": [21, -4, -36],
			"translation": [5, 6.75, 0],
			"scale": [2, 2, 2]
		},
		"head": {
			"rotation": [21, -2, 77],
			"translation": [-20.75, 4, -0.75],
			"scale": [4, 4, 4]
		},
		"fixed": {
			"rotation": [0, 0, 40],
			"translation": [-7.75, 10, -1.75],
			"scale": [3, 3, 3]
		}
	},
	"groups": [
		{
			"name": "рукоятка",
			"origin": [8, 8, 8],
			"children": [0, 1, 2, 3, 4, 5, 6, 7]
		},
		{
			"name": "левая",
			"origin": [8, 8, 8],
			"children": [8, 9, 10, 11, 12, 13, 14, 15, 16]
		},
		{
			"name": "правая",
			"origin": [8, 8, 8],
			"children": [17, 18, 19, 20, 21, 22, 23]
		},
		{
			"name": "рожки",
			"origin": [8, 8, 8],
			"children": [24, 25, 26, 27, 28, 29, 30, 31]
		},
		{
			"name": "group",
			"origin": [8, 8, 8],
			"children": [32, 33, 34, 35, 36, 37]
		},
		{
			"name": "group",
			"origin": [8, 8, 8],
			"children": [38, 39, 40, 41, 42, 43]
		},
		{
			"name": "group",
			"origin": [8, 8, 8],
			"children": [44, 45, 46, 47, 48, 49]
		}
	]
}