{
	"credit": "quiktori",
	"textures": {
		"0": "items/bottles",
		"particle": "items/bottles"
	},
	"elements": [
		{
			"from": [7, 0, 5],
			"to": [10, 7, 8],
			"rotation": {"angle": 0, "axis": "y", "origin": [15, 8, 15]},
			"faces": {
				"north": {"uv": [2, 0, 3.5, 2], "texture": "#0"},
				"east": {"uv": [2, 0, 3.5, 2], "texture": "#0"},
				"south": {"uv": [2, 0, 3.5, 2], "texture": "#0"},
				"west": {"uv": [2, 0, 3.5, 2], "texture": "#0"},
				"up": {"uv": [2, 0, 3.5, 2], "texture": "#0"},
				"down": {"uv": [2, 0, 3.5, 2], "texture": "#0"}
			}
		},
		{
			"from": [7.5, 7, 5.5],
			"to": [9.5, 11, 7.5],
			"rotation": {"angle": 0, "axis": "y", "origin": [15, 15, 15]},
			"faces": {
				"north": {"uv": [2, 0, 3.5, 2], "texture": "#0"},
				"east": {"uv": [2, 0, 3.5, 2], "texture": "#0"},
				"south": {"uv": [2, 0, 3.5, 2], "texture": "#0"},
				"west": {"uv": [2, 0, 3.5, 2], "texture": "#0"},
				"up": {"uv": [2, 0, 3.5, 2], "texture": "#0"}
			}
		},
		{
			"from": [8, 10, 6],
			"to": [9, 12, 7],
			"rotation": {"angle": 0, "axis": "y", "origin": [15, 18, 15]},
			"faces": {
				"north": {"uv": [0, 2, 4, 6], "texture": "#0"},
				"east": {"uv": [0, 2, 4, 6], "texture": "#0"},
				"south": {"uv": [0, 2, 4, 6], "texture": "#0"},
				"west": {"uv": [0, 2, 4, 6], "texture": "#0"},
				"up": {"uv": [0, 2, 4, 6], "texture": "#0"},
				"down": {"uv": [0, 2, 4, 6], "texture": "#0"}
			}
		}
	],
	"display": {
		"thirdperson_righthand": {
			"translation": [-0.25, 1.25, 0.25],
			"scale": [0.7, 0.7, 0.7]
		},
		"thirdperson_lefthand": {
			"translation": [0.25, 1, 0.25],
			"scale": [0.7, 0.7, 0.7]
		},
		"firstperson_righthand": {
			"rotation": [-26, 0, 0],
			"translation": [3.5, 2.75, 0]
		},
		"firstperson_lefthand": {
			"rotation": [-24, 0, 0],
			"translation": [3.5, 3, 0]
		},
		"ground": {
			"translation": [0, 4, 0]
		},
		"gui": {
			"rotation": [25, 24, -55],
			"translation": [5.25, 3.5, 0],
			"scale": [2, 2, 2]
		},
		"head": {
			"translation": [-1, 20.75, 2.75],
			"scale": [2, 2, 2]
		},
		"fixed": {
			"translation": [-0.5, 1, 0]
		}
	}
}