{
	"credit": "quiktori",
	"textures": {
		"texture": "items/log_oak",
		"cake_side": "items/cake_top"
	},
	"elements": [
		{
			"from": [7, 0, 7],
			"to": [8, 10, 8],
			"faces": {
				"north": {"uv": [8, 6, 9, 16], "texture": "#texture"},
				"east": {"uv": [8, 6, 9, 16], "texture": "#texture"},
				"south": {"uv": [7, 6, 8, 16], "texture": "#texture"},
				"west": {"uv": [7, 6, 8, 16], "texture": "#texture"},
				"up": {"uv": [7, 7, 8, 8], "texture": "#texture"},
				"down": {"uv": [9, 8, 8, 7], "texture": "#texture"}
			}
		},
		{
			"from": [4.5, 8, 7.25],
			"to": [5, 11.5, 7.75],
			"rotation": {"angle": 45, "axis": "z", "origin": [4.5, 11.5, 7.25]},
			"faces": {
				"north": {"uv": [10.5, 3.5, 11.5, 7], "texture": "#texture"},
				"east": {"uv": [11, 3.5, 12, 7], "texture": "#texture"},
				"south": {"uv": [4.5, 3.5, 5.5, 7], "texture": "#texture"},
				"west": {"uv": [4, 3.5, 5, 7], "texture": "#texture"},
				"up": {"uv": [4.5, 4, 5.5, 5], "texture": "#texture"},
				"down": {"uv": [11.5, 5, 10.5, 4], "texture": "#texture"}
			}
		},
		{
			"from": [5.25, 10.8125, 7.3125],
			"to": [5.5625, 12.3125, 7.625],
			"faces": {
				"north": {"uv": [7.5, 2, 8, 3.5], "texture": "#texture"},
				"east": {"uv": [5, 3.5, 6, 5], "texture": "#texture"},
				"south": {"uv": [6, 5, 6.5, 6.5], "texture": "#texture"},
				"west": {"uv": [4, 3, 5, 5], "texture": "#texture"},
				"up": {"uv": [5, 3.5, 6, 4.5], "texture": "#texture"},
				"down": {"uv": [8, 5, 7, 4], "texture": "#texture"}
			}
		},
		{
			"from": [8.5, 5.5, 7.3125],
			"to": [9, 8, 7.8125],
			"rotation": {"angle": -22.5, "axis": "z", "origin": [8.5, 8, 7.3125]},
			"faces": {
				"north": {"uv": [10.5, 3.5, 11.5, 7], "texture": "#texture"},
				"east": {"uv": [11, 3.5, 12, 7], "texture": "#texture"},
				"south": {"uv": [4.5, 3.5, 5.5, 7], "texture": "#texture"},
				"west": {"uv": [4, 3.5, 5, 7], "texture": "#texture"},
				"up": {"uv": [4.5, 4, 5.5, 5], "texture": "#texture"},
				"down": {"uv": [11.5, 5, 10.5, 4], "texture": "#texture"}
			}
		},
		{
			"from": [7.25, 6.5, 9.5],
			"to": [7.75, 12, 10],
			"rotation": {"angle": 22.5, "axis": "x", "origin": [7.25, 12, 9.5]},
			"faces": {
				"north": {"uv": [8.25, 1, 8.75, 6.5], "texture": "#texture"},
				"east": {"uv": [8.0625, 1, 8.5625, 6.5], "texture": "#texture"},
				"south": {"uv": [7.25, 1, 7.75, 6.5], "texture": "#texture"},
				"west": {"uv": [7.4375, 1, 7.9375, 6.5], "texture": "#texture"},
				"up": {"uv": [7.25, 7.4375, 7.75, 7.9375], "texture": "#texture"},
				"down": {"uv": [8.75, 7.9375, 8.25, 7.4375], "texture": "#texture"}
			}
		},
		{
			"from": [7.25, 10, 7.1875],
			"to": [7.75, 15.5, 7.6875],
			"faces": {
				"north": {"uv": [8.25, 0.5, 8.75, 6], "texture": "#texture"},
				"east": {"uv": [8.3125, 0.5, 8.8125, 6], "texture": "#texture"},
				"south": {"uv": [7.25, 0.5, 7.75, 6], "texture": "#texture"},
				"west": {"uv": [7.1875, 0.5, 7.6875, 6], "texture": "#texture"},
				"up": {"uv": [7.25, 7.1875, 7.75, 7.6875], "texture": "#texture"},
				"down": {"uv": [8.75, 7.6875, 8.25, 7.1875], "texture": "#texture"}
			}
		},
		{
			"from": [6.5, 12.25, 6.5],
			"to": [8.5, 14.75, 8.5],
			"faces": {
				"north": {"uv": [7.5, 1.5, 9.5, 4], "texture": "#cake_side"},
				"east": {"uv": [7.5, 1.5, 9.5, 4], "texture": "#cake_side"},
				"south": {"uv": [6.5, 1.5, 8.5, 4], "texture": "#cake_side"},
				"west": {"uv": [6.5, 1.5, 8.5, 4], "texture": "#cake_side"},
				"up": {"uv": [6, 5, 8, 7], "texture": "#cake_side"},
				"down": {"uv": [8, 5.5, 6, 3.5], "texture": "#cake_side"}
			}
		}
	],
	"display": {
		"thirdperson_righthand": {
			"rotation": [2, 0, 0],
			"translation": [0, 4, 0.5],
			"scale": [0.8, 0.8, 0.8]
		},
		"thirdperson_lefthand": {
			"rotation": [-25, 0, 0],
			"translation": [0, 4, -1.25],
			"scale": [0.8, 0.8, 0.8]
		},
		"firstperson_righthand": {
			"rotation": [-50, 0, 0],
			"translation": [-1, 2, 0]
		},
		"firstperson_lefthand": {
			"rotation": [-50, 0, 0],
			"translation": [3, 2, 0]
		},
		"ground": {
			"rotation": [30, 0, 0],
			"translation": [0, 3, 0],
			"scale": [0.7, 0.7, 0.7]
		},
		"gui": {
			"rotation": [0, 0, -45],
			"translation": [0.19, -0.38, 0]
		},
		"head": {
			"rotation": [0, 0, -84],
			"translation": [4, -1, 0],
			"scale": [1.6, 1.6, 1.6]
		}
	}
}