{
	"credit": "quiktori",
	"textures": {
		"0": "items/monster_white",
		"particle": "items/monster_white"
	},
	"elements": [
		{
			"from": [7, 1, 5],
			"to": [9, 11, 10],
			"faces": {
				"north": {"uv": [8.889, 0, 12.37, 15.926], "texture": "#0"},
				"east": {"uv": [12.444, 0, 15.96, 15.923], "texture": "#0"},
				"south": {"uv": [8.889, 0, 12.37, 15.926], "texture": "#0"},
				"west": {"uv": [12.296, 0, 15.961, 15.926], "texture": "#0"},
				"up": {"uv": [13.554, 0.148, 10.074, 0.998], "texture": "#0"},
				"down": {"uv": [13.554, 0.148, 10.074, 0.998], "texture": "#0"}
			}
		},
		{
			"from": [7, 11.25, 9.25],
			"to": [9, 11.5, 10],
			"faces": {
				"north": {"uv": [5.037, 11.555, 7.037, 12.477], "rotation": 90, "texture": "#0"},
				"east": {"uv": [5.037, 11.555, 7.037, 12.477], "rotation": 90, "texture": "#0"},
				"south": {"uv": [5.037, 11.555, 7.037, 12.477], "rotation": 90, "texture": "#0"},
				"west": {"uv": [5.037, 11.555, 7.037, 12.477], "rotation": 90, "texture": "#0"},
				"up": {"uv": [5.037, 11.555, 7.037, 12.477], "rotation": 90, "texture": "#0"},
				"down": {"uv": [5.037, 11.555, 7.037, 12.477], "rotation": 90, "texture": "#0"}
			}
		},
		{
			"from": [7, 11.25, 5],
			"to": [9, 11.5, 5.75],
			"faces": {
				"north": {"uv": [5.037, 11.555, 7.037, 12.477], "rotation": 90, "texture": "#0"},
				"east": {"uv": [5.037, 11.555, 7.037, 12.477], "rotation": 90, "texture": "#0"},
				"south": {"uv": [5.037, 11.555, 7.037, 12.477], "rotation": 90, "texture": "#0"},
				"west": {"uv": [5.037, 11.555, 7.037, 12.477], "rotation": 90, "texture": "#0"},
				"up": {"uv": [5.037, 11.555, 7.037, 12.477], "rotation": 90, "texture": "#0"},
				"down": {"uv": [5.037, 11.555, 7.037, 12.477], "rotation": 90, "texture": "#0"}
			}
		},
		{
			"from": [7, 11, 9],
			"to": [9, 11.25, 9.92188],
			"faces": {
				"north": {"uv": [0, 0, 2, 0.25], "texture": "#missing"},
				"east": {"uv": [5.037, 11.555, 7.037, 12.477], "rotation": 90, "texture": "#0"},
				"south": {"uv": [5.037, 11.555, 7.037, 12.477], "rotation": 90, "texture": "#0"},
				"west": {"uv": [5.037, 11.555, 7.037, 12.477], "rotation": 90, "texture": "#0"},
				"up": {"uv": [5.037, 11.555, 7.037, 12.477], "rotation": 90, "texture": "#0"},
				"down": {"uv": [0, 0, 2, 0.92188], "texture": "#missing"}
			}
		},
		{
			"from": [7, 11, 5.07813],
			"to": [9, 11.25, 6],
			"faces": {
				"north": {"uv": [5.037, 11.555, 7.037, 12.477], "rotation": 90, "texture": "#0"},
				"east": {"uv": [5.037, 11.555, 7.037, 12.477], "rotation": 90, "texture": "#0"},
				"south": {"uv": [0, 0, 2, 0.25], "texture": "#missing"},
				"west": {"uv": [5.037, 11.555, 7.037, 12.477], "rotation": 90, "texture": "#0"},
				"up": {"uv": [5.037, 11.555, 7.037, 12.477], "rotation": 90, "texture": "#0"},
				"down": {"uv": [0, 0, 2, 0.92188], "texture": "#missing"}
			}
		},
		{
			"from": [5.5, 1, 6.5],
			"to": [10.5, 11, 8.5],
			"rotation": {"angle": 0, "axis": "y", "origin": [7, 2, 6.5]},
			"faces": {
				"north": {"uv": [15.258, 0, 15.958, 15.923], "texture": "#0"},
				"east": {"uv": [15.258, 0, 15.958, 15.923], "texture": "#0"},
				"south": {"uv": [15.258, 0, 15.958, 15.923], "texture": "#0"},
				"west": {"uv": [15.258, 0, 15.958, 15.923], "texture": "#0"},
				"up": {"uv": [15.258, 0, 15.958, 15.923], "texture": "#0"},
				"down": {"uv": [15.258, 0, 15.958, 15.923], "texture": "#0"}
			}
		},
		{
			"from": [9.5, 11, 6.5],
			"to": [10.42188, 11.25, 8.5],
			"rotation": {"angle": 0, "axis": "y", "origin": [7, 2, 6.5]},
			"faces": {
				"north": {"uv": [5.037, 11.555, 7.037, 12.477], "rotation": 90, "texture": "#0"},
				"east": {"uv": [5.037, 11.555, 7.037, 12.477], "rotation": 90, "texture": "#0"},
				"south": {"uv": [5.037, 11.555, 7.037, 12.477], "rotation": 90, "texture": "#0"},
				"west": {"uv": [0, 0, 2, 0.25], "texture": "#missing"},
				"up": {"uv": [5.037, 11.555, 7.037, 12.477], "rotation": 90, "texture": "#0"},
				"down": {"uv": [0, 0, 2, 0.92188], "rotation": 270, "texture": "#missing"}
			}
		},
		{
			"from": [5.57813, 11, 6.5],
			"to": [6.5, 11.25, 8.5],
			"rotation": {"angle": 0, "axis": "y", "origin": [7, 2, 6.5]},
			"faces": {
				"north": {"uv": [5.037, 11.555, 7.037, 12.477], "rotation": 90, "texture": "#0"},
				"east": {"uv": [0, 0, 2, 0.25], "texture": "#missing"},
				"south": {"uv": [5.037, 11.555, 7.037, 12.477], "rotation": 90, "texture": "#0"},
				"west": {"uv": [5.037, 11.555, 7.037, 12.477], "rotation": 90, "texture": "#0"},
				"up": {"uv": [5.037, 11.555, 7.037, 12.477], "rotation": 90, "texture": "#0"},
				"down": {"uv": [0, 0, 2, 0.92188], "rotation": 270, "texture": "#missing"}
			}
		},
		{
			"from": [9.75, 11.25, 6.5],
			"to": [10.5, 11.5, 8.5],
			"rotation": {"angle": 0, "axis": "y", "origin": [7, 2, 6.5]},
			"faces": {
				"north": {"uv": [5.037, 11.555, 7.037, 12.477], "rotation": 90, "texture": "#0"},
				"east": {"uv": [5.037, 11.555, 7.037, 12.477], "rotation": 90, "texture": "#0"},
				"south": {"uv": [5.037, 11.555, 7.037, 12.477], "rotation": 90, "texture": "#0"},
				"west": {"uv": [5.037, 11.555, 7.037, 12.477], "rotation": 90, "texture": "#0"},
				"up": {"uv": [5.037, 11.555, 7.037, 12.477], "rotation": 90, "texture": "#0"},
				"down": {"uv": [5.037, 11.555, 7.037, 12.477], "rotation": 90, "texture": "#0"}
			}
		},
		{
			"from": [5.5, 11.25, 6.5],
			"to": [6.25, 11.5, 8.5],
			"rotation": {"angle": 0, "axis": "y", "origin": [7, 2, 6.5]},
			"faces": {
				"north": {"uv": [5.037, 11.555, 7.037, 12.477], "rotation": 90, "texture": "#0"},
				"east": {"uv": [5.037, 11.555, 7.037, 12.477], "rotation": 90, "texture": "#0"},
				"south": {"uv": [5.037, 11.555, 7.037, 12.477], "rotation": 90, "texture": "#0"},
				"west": {"uv": [5.037, 11.555, 7.037, 12.477], "rotation": 90, "texture": "#0"},
				"up": {"uv": [5.037, 11.555, 7.037, 12.477], "rotation": 90, "texture": "#0"},
				"down": {"uv": [5.037, 11.555, 7.037, 12.477], "rotation": 90, "texture": "#0"}
			}
		},
		{
			"from": [7.41421, 1, 4],
			"to": [9.41421, 11, 9],
			"rotation": {"angle": -45, "axis": "y", "origin": [7, 2, 6.5]},
			"faces": {
				"north": {"uv": [15.258, 0, 15.958, 15.923], "texture": "#0"},
				"east": {"uv": [15.258, 0, 15.958, 15.923], "texture": "#0"},
				"south": {"uv": [15.258, 0, 15.958, 15.923], "texture": "#0"},
				"west": {"uv": [15.258, 0, 15.958, 15.923], "texture": "#0"},
				"up": {"uv": [15.258, 0, 15.958, 15.923], "texture": "#0"},
				"down": {"uv": [15.258, 0, 15.958, 15.923], "texture": "#0"}
			}
		},
		{
			"from": [7.41421, 11.25, 4],
			"to": [9.41421, 11.5, 4.75],
			"rotation": {"angle": -45, "axis": "y", "origin": [7, 2, 6.5]},
			"faces": {
				"north": {"uv": [5.037, 11.555, 7.037, 12.477], "rotation": 90, "texture": "#0"},
				"east": {"uv": [5.037, 11.555, 7.037, 12.477], "rotation": 90, "texture": "#0"},
				"south": {"uv": [5.037, 11.555, 7.037, 12.477], "rotation": 90, "texture": "#0"},
				"west": {"uv": [5.037, 11.555, 7.037, 12.477], "rotation": 90, "texture": "#0"},
				"up": {"uv": [5.037, 11.555, 7.037, 12.477], "rotation": 90, "texture": "#0"},
				"down": {"uv": [5.037, 11.555, 7.037, 12.477], "rotation": 90, "texture": "#0"}
			}
		},
		{
			"from": [7.41421, 11.25, 8.24957],
			"to": [9.41421, 11.5, 8.99957],
			"rotation": {"angle": -45, "axis": "y", "origin": [7, 2, 6.5]},
			"faces": {
				"north": {"uv": [5.037, 11.555, 5.287, 13.555], "rotation": 90, "texture": "#0"},
				"east": {"uv": [5.037, 11.555, 5.287, 12.305], "rotation": 90, "texture": "#0"},
				"south": {"uv": [5.037, 11.555, 5.287, 13.555], "rotation": 90, "texture": "#0"},
				"west": {"uv": [5.037, 11.555, 5.287, 12.305], "rotation": 90, "texture": "#0"},
				"up": {"uv": [5.037, 11.555, 5.787, 13.555], "rotation": 90, "texture": "#0"},
				"down": {"uv": [5.037, 11.555, 7.037, 12.477], "rotation": 90, "texture": "#0"}
			}
		},
		{
			"from": [7.41421, 11, 4.07813],
			"to": [9.41421, 11.25, 5],
			"rotation": {"angle": -45, "axis": "y", "origin": [7, 2, 6.5]},
			"faces": {
				"north": {"uv": [5.037, 11.555, 7.037, 12.477], "rotation": 90, "texture": "#0"},
				"east": {"uv": [5.037, 11.555, 7.037, 12.477], "rotation": 90, "texture": "#0"},
				"south": {"uv": [0, 0, 2, 0.25], "texture": "#missing"},
				"west": {"uv": [5.037, 11.555, 7.037, 12.477], "rotation": 90, "texture": "#0"},
				"up": {"uv": [5.037, 11.555, 7.037, 12.477], "rotation": 90, "texture": "#0"},
				"down": {"uv": [0, 0, 2, 0.92188], "texture": "#missing"}
			}
		},
		{
			"from": [7.41421, 11, 8.01141],
			"to": [9.41421, 11.25, 8.93328],
			"rotation": {"angle": -45, "axis": "y", "origin": [7, 2, 6.5]},
			"faces": {
				"north": {"uv": [0, 0, 2, 0.25], "texture": "#missing"},
				"east": {"uv": [5.037, 11.555, 7.037, 12.477], "rotation": 90, "texture": "#0"},
				"south": {"uv": [5.037, 11.555, 7.037, 12.477], "rotation": 90, "texture": "#0"},
				"west": {"uv": [5.037, 11.555, 7.037, 12.477], "rotation": 90, "texture": "#0"},
				"up": {"uv": [5.037, 11.555, 7.037, 12.477], "rotation": 90, "texture": "#0"},
				"down": {"uv": [0, 0, 2, 0.92188], "texture": "#missing"}
			}
		},
		{
			"from": [5.91421, 1, 5.5],
			"to": [10.91421, 11, 7.5],
			"rotation": {"angle": -45, "axis": "y", "origin": [7, 2, 6.5]},
			"faces": {
				"north": {"uv": [9.037, 0, 12.553, 15.924], "texture": "#0"},
				"east": {"uv": [12.444, 0, 15.926, 15.926], "texture": "#0"},
				"south": {"uv": [15.852, 0, 16, 15.777], "texture": "#0"},
				"west": {"uv": [12.444, 0, 15.926, 15.926], "texture": "#0"},
				"up": {"uv": [13.554, 0.148, 10.074, 0.998], "texture": "#0"},
				"down": {"uv": [13.554, 0.148, 10.074, 0.998], "texture": "#0"}
			}
		},
		{
			"from": [9.91421, 11, 5.5],
			"to": [10.83609, 11.25, 7.5],
			"rotation": {"angle": -45, "axis": "y", "origin": [7, 2, 6.5]},
			"faces": {
				"north": {"uv": [5.037, 11.555, 7.037, 12.477], "rotation": 90, "texture": "#0"},
				"east": {"uv": [5.037, 11.555, 7.037, 12.477], "rotation": 90, "texture": "#0"},
				"south": {"uv": [5.037, 11.555, 7.037, 12.477], "rotation": 90, "texture": "#0"},
				"west": {"uv": [0, 0, 2, 0.25], "texture": "#missing"},
				"up": {"uv": [5.037, 11.555, 7.037, 12.477], "rotation": 90, "texture": "#0"},
				"down": {"uv": [0, 0, 2, 0.92187], "rotation": 270, "texture": "#missing"}
			}
		},
		{
			"from": [10.16421, 11.25, 5.5],
			"to": [10.91421, 11.5, 7.5],
			"rotation": {"angle": -45, "axis": "y", "origin": [7, 2, 6.5]},
			"faces": {
				"north": {"uv": [5.037, 11.555, 7.037, 12.477], "rotation": 90, "texture": "#0"},
				"east": {"uv": [5.037, 11.555, 7.037, 12.477], "rotation": 90, "texture": "#0"},
				"south": {"uv": [5.037, 11.555, 7.037, 12.477], "rotation": 90, "texture": "#0"},
				"west": {"uv": [5.037, 11.555, 7.037, 12.477], "rotation": 90, "texture": "#0"},
				"up": {"uv": [5.037, 11.555, 7.037, 12.477], "rotation": 90, "texture": "#0"},
				"down": {"uv": [5.037, 11.555, 7.037, 12.477], "rotation": 90, "texture": "#0"}
			}
		},
		{
			"from": [5.99234, 11, 5.5],
			"to": [6.91421, 11.25, 7.5],
			"rotation": {"angle": -45, "axis": "y", "origin": [7, 2, 6.5]},
			"faces": {
				"north": {"uv": [5.037, 11.555, 7.037, 12.477], "rotation": 90, "texture": "#0"},
				"east": {"uv": [0, 0, 2, 0.25], "texture": "#missing"},
				"south": {"uv": [5.037, 11.555, 7.037, 12.477], "rotation": 90, "texture": "#0"},
				"west": {"uv": [5.037, 11.555, 7.037, 12.477], "rotation": 90, "texture": "#0"},
				"up": {"uv": [5.037, 11.555, 7.037, 12.477], "rotation": 90, "texture": "#0"},
				"down": {"uv": [0, 0, 2, 0.92187], "rotation": 270, "texture": "#missing"}
			}
		},
		{
			"from": [5.91421, 11.25, 5.5],
			"to": [6.66421, 11.5, 7.5],
			"rotation": {"angle": -45, "axis": "y", "origin": [7, 2, 6.5]},
			"faces": {
				"north": {"uv": [5.037, 11.555, 7.037, 12.477], "rotation": 90, "texture": "#0"},
				"east": {"uv": [5.037, 11.555, 7.037, 12.477], "rotation": 90, "texture": "#0"},
				"south": {"uv": [5.037, 11.555, 7.037, 12.477], "rotation": 90, "texture": "#0"},
				"west": {"uv": [5.037, 11.555, 7.037, 12.477], "rotation": 90, "texture": "#0"},
				"up": {"uv": [5.037, 11.555, 7.037, 12.477], "rotation": 90, "texture": "#0"},
				"down": {"uv": [5.037, 11.555, 7.037, 12.477], "rotation": 90, "texture": "#0"}
			}
		},
		{
			"from": [6.5, 11.01563, 6],
			"to": [9.5, 11.26563, 9],
			"faces": {
				"north": {"uv": [5.037, 11.555, 7.037, 12.477], "rotation": 90, "texture": "#0"},
				"east": {"uv": [5.037, 11.555, 7.037, 12.477], "rotation": 90, "texture": "#0"},
				"south": {"uv": [5.037, 11.555, 7.037, 12.477], "rotation": 90, "texture": "#0"},
				"west": {"uv": [5.037, 11.555, 7.037, 12.477], "rotation": 90, "texture": "#0"},
				"up": {"uv": [2.815, 4.444, 8.777, 10.407], "texture": "#0"},
				"down": {"uv": [5.037, 11.555, 7.037, 12.477], "rotation": 90, "texture": "#0"}
			}
		},
		{
			"from": [7, 0.75, 5.07813],
			"to": [9, 1, 9.90625],
			"rotation": {"angle": 0, "axis": "y", "origin": [8, 0.75, 7.49609]},
			"faces": {
				"north": {"uv": [5.037, 11.555, 5.287, 13.555], "rotation": 90, "texture": "#0"},
				"east": {"uv": [5.037, 11.17188, 5.287, 16], "rotation": 90, "texture": "#0"},
				"south": {"uv": [5.037, 11.555, 5.287, 13.555], "rotation": 90, "texture": "#0"},
				"west": {"uv": [5.037, 11.17188, 5.287, 16], "rotation": 90, "texture": "#0"},
				"up": {"uv": [0, 0, 2, 4.82813], "texture": "#missing"},
				"down": {"uv": [0, 0, 2, 4.82813], "texture": "#missing"}
			}
		},
		{
			"from": [5.58203, 0.75, 6.49609],
			"to": [10.41016, 1, 8.49609],
			"rotation": {"angle": 0, "axis": "y", "origin": [8, 0.75, 7.49609]},
			"faces": {
				"north": {"uv": [5.037, 11.17188, 5.287, 16], "rotation": 90, "texture": "#0"},
				"east": {"uv": [5.037, 11.555, 5.287, 13.555], "rotation": 90, "texture": "#0"},
				"south": {"uv": [5.037, 11.17188, 5.287, 16], "rotation": 90, "texture": "#0"},
				"west": {"uv": [5.037, 11.555, 5.287, 13.555], "rotation": 90, "texture": "#0"},
				"up": {"uv": [0, 0, 2, 4.82813], "rotation": 270, "texture": "#missing"},
				"down": {"uv": [0, 0, 2, 4.82813], "rotation": 90, "texture": "#missing"}
			}
		},
		{
			"from": [5.58203, 0.75, 6.49609],
			"to": [10.41016, 1, 8.49609],
			"rotation": {"angle": -45, "axis": "y", "origin": [8, 0.75, 7.49609]},
			"faces": {
				"north": {"uv": [5.037, 11.17188, 5.287, 16], "rotation": 90, "texture": "#0"},
				"east": {"uv": [5.037, 11.555, 5.287, 13.555], "rotation": 90, "texture": "#0"},
				"south": {"uv": [5.037, 11.17188, 5.287, 16], "rotation": 90, "texture": "#0"},
				"west": {"uv": [5.037, 11.555, 5.287, 13.555], "rotation": 90, "texture": "#0"},
				"up": {"uv": [0, 0, 2, 4.82813], "rotation": 270, "texture": "#missing"},
				"down": {"uv": [0, 0, 2, 4.82813], "rotation": 90, "texture": "#missing"}
			}
		},
		{
			"from": [7, 0.75, 5.08594],
			"to": [9, 1, 9.91406],
			"rotation": {"angle": -45, "axis": "y", "origin": [8, 0.75, 7.49609]},
			"faces": {
				"north": {"uv": [5.037, 11.555, 5.287, 13.555], "rotation": 90, "texture": "#0"},
				"east": {"uv": [5.037, 11.17188, 5.287, 16], "rotation": 90, "texture": "#0"},
				"south": {"uv": [5.037, 11.555, 5.287, 13.555], "rotation": 90, "texture": "#0"},
				"west": {"uv": [5.037, 11.17188, 5.287, 16], "rotation": 90, "texture": "#0"},
				"up": {"uv": [0, 0, 2, 4.82813], "rotation": 180, "texture": "#missing"},
				"down": {"uv": [0, 0, 2, 4.82813], "rotation": 180, "texture": "#missing"}
			}
		},
		{
			"from": [7, 0.5, 5],
			"to": [9, 0.75, 10],
			"rotation": {"angle": 0, "axis": "y", "origin": [8, 0.75, 7.49609]},
			"faces": {
				"north": {"uv": [5.037, 11.555, 5.287, 13.555], "rotation": 90, "texture": "#0"},
				"east": {"uv": [5.037, 11, 5.287, 16], "rotation": 90, "texture": "#0"},
				"south": {"uv": [5.037, 11.555, 5.287, 13.555], "rotation": 90, "texture": "#0"},
				"west": {"uv": [5.037, 11, 5.287, 16], "rotation": 90, "texture": "#0"},
				"up": {"uv": [5.037, 11.555, 5.287, 13.555], "rotation": 90, "texture": "#0"},
				"down": {"uv": [5.037, 11.555, 5.287, 13.555], "rotation": 90, "texture": "#0"}
			}
		},
		{
			"from": [5.50391, 0.5, 6.49609],
			"to": [10.50391, 0.75, 8.49609],
			"rotation": {"angle": 0, "axis": "y", "origin": [8, 0.75, 7.49609]},
			"faces": {
				"north": {"uv": [5.037, 11, 5.287, 16], "rotation": 90, "texture": "#0"},
				"east": {"uv": [5.037, 11.555, 5.287, 13.555], "rotation": 90, "texture": "#0"},
				"south": {"uv": [5.037, 11, 5.287, 16], "rotation": 90, "texture": "#0"},
				"west": {"uv": [5.037, 11.555, 5.287, 13.555], "rotation": 90, "texture": "#0"},
				"up": {"uv": [5.037, 11.555, 5.287, 13.555], "texture": "#0"},
				"down": {"uv": [5.037, 11.555, 5.287, 13.555], "rotation": 180, "texture": "#0"}
			}
		},
		{
			"from": [5.50391, 0.5, 6.49609],
			"to": [10.50391, 0.75, 8.49609],
			"rotation": {"angle": -45, "axis": "y", "origin": [8, 0.75, 7.49609]},
			"faces": {
				"north": {"uv": [5.037, 11, 5.287, 16], "rotation": 90, "texture": "#0"},
				"east": {"uv": [5.037, 11.555, 5.287, 13.555], "rotation": 90, "texture": "#0"},
				"south": {"uv": [5.037, 11, 5.287, 16], "rotation": 90, "texture": "#0"},
				"west": {"uv": [5.037, 11.555, 5.287, 13.555], "rotation": 90, "texture": "#0"},
				"up": {"uv": [5.037, 11.555, 5.287, 13.555], "texture": "#0"},
				"down": {"uv": [5.037, 11.555, 5.287, 13.555], "rotation": 180, "texture": "#0"}
			}
		},
		{
			"from": [7, 0.5, 4.99219],
			"to": [9, 0.75, 9.99219],
			"rotation": {"angle": -45, "axis": "y", "origin": [8, 0.75, 7.49609]},
			"faces": {
				"north": {"uv": [5.037, 11.555, 5.287, 13.555], "rotation": 90, "texture": "#0"},
				"east": {"uv": [5.037, 11, 5.287, 16], "rotation": 90, "texture": "#0"},
				"south": {"uv": [5.037, 11.555, 5.287, 13.555], "rotation": 90, "texture": "#0"},
				"west": {"uv": [5.037, 11, 5.287, 16], "rotation": 90, "texture": "#0"},
				"up": {"uv": [5.037, 11.555, 5.287, 13.555], "rotation": 270, "texture": "#0"},
				"down": {"uv": [5.037, 11.555, 5.287, 13.555], "rotation": 270, "texture": "#0"}
			}
		}
	],
	"display": {
		"thirdperson_righthand": {
			"rotation": [34, 0, 0],
			"translation": [0, 3.75, 1.5],
			"scale": [0.58789, 0.58789, 0.58789]
		},
		"thirdperson_lefthand": {
			"rotation": [30, 0, 0],
			"translation": [0, 3.5, 1.25],
			"scale": [0.58789, 0.58789, 0.58789]
		},
		"firstperson_righthand": {
			"rotation": [-26, 0, 0],
			"translation": [2.75, 4.5, 0],
			"scale": [0.72852, 0.72852, 0.72852]
		},
		"firstperson_lefthand": {
			"rotation": [-22, 0, 0],
			"translation": [2.25, 5, 0],
			"scale": [0.72852, 0.72852, 0.72852]
		},
		"ground": {
			"translation": [0, 1.5, 0],
			"scale": [0.47266, 0.47266, 0.47266]
		},
		"gui": {
			"rotation": [32.5, 0, -40.25],
			"translation": [1.75, 1.5, 0],
			"scale": [1.41797, 1.41797, 1.41797]
		},
		"head": {
			"translation": [0, 14, 0]
		},
		"fixed": {
			"rotation": [2, 0, 0],
			"translation": [0, 3, -2.5],
			"scale": [1.31055, 1.31055, 1.31055]
		}
	}
}