{
	"credit": "quiktori",
	"texture_size": [8, 8],
	"textures": {
		"0": "items/ice_cream",
		"particle": "items/ice_cream"
	},
	"elements": [
		{
			"from": [8, 0, 7],
			"to": [8.25, 3, 7.125],
			"rotation": {"angle": 0, "axis": "y", "origin": [16, 8, 15]},
			"faces": {
				"north": {"uv": [8, 8, 10, 14], "texture": "#0"},
				"east": {"uv": [8, 0, 10, 6], "texture": "#0"},
				"south": {"uv": [10, 10, 12, 16], "texture": "#0"},
				"west": {"uv": [10, 0, 12, 6], "texture": "#0"},
				"up": {"uv": [10, 8, 8, 6], "texture": "#0"},
				"down": {"uv": [12, 6, 10, 8], "texture": "#0"}
			}
		},
		{
			"from": [7, 2, 6.625],
			"to": [9.25, 6.125, 7.5],
			"rotation": {"angle": 0, "axis": "y", "origin": [16, 8, 15]},
			"faces": {
				"north": {"uv": [0, 0, 4, 8], "texture": "#0"},
				"east": {"uv": [0, 8, 2, 16], "texture": "#0"},
				"south": {"uv": [4, 4, 8, 12], "texture": "#0"},
				"west": {"uv": [2, 8, 4, 16], "texture": "#0"},
				"up": {"uv": [8, 2, 4, 0], "texture": "#0"},
				"down": {"uv": [8, 2, 4, 4], "texture": "#0"}
			}
		}
	],
	"display": {
		"thirdperson_righthand": {
			"translation": [0, 10.5, 1.5],
			"scale": [1.5, 1.5, 1.5]
		},
		"thirdperson_lefthand": {
			"translation": [0, 10.25, 1.5],
			"scale": [1.5, 1.5, 1.5]
		},
		"firstperson_righthand": {
			"translation": [3.25, 11, 1],
			"scale": [1.5, 1.5, 1.5]
		},
		"firstperson_lefthand": {
			"translation": [4.5, 11, 0.5],
			"scale": [1.5, 1.5, 1.5]
		},
		"ground": {
			"rotation": [90, 0, 0],
			"translation": [0, -4.75, 6],
			"scale": [1.5, 1.5, 1.5]
		},
		"gui": {
			"rotation": [0, -47, -47],
			"translation": [5, 9.5, 0],
			"scale": [3, 3, 3]
		},
		"head": {
			"rotation": [90, 0, -139],
			"translation": [7.5, 5, -9.5],
			"scale": [3, 3, 3]
		},
		"fixed": {
			"translation": [0, 9.25, 1],
			"scale": [2, 2, 2]
		}
	}
}