{
	"credit": "quiktori",
	"elements": [
		{
			"from": [5.025, 0.9, 4.05],
			"to": [8.6, 1, 10.4],
			"faces": {
				"north": {"uv": [0, 0, 1, 1], "texture": "#missing"},
				"east": {"uv": [6.281, 4.594, 9.499, 9.281], "texture": "#missing"},
				"south": {"uv": [7.625, 1.813, 8.058, 2.183], "texture": "#missing"},
				"west": {"uv": [6.281, 5, 9.344, 9.156], "texture": "#missing"},
				"up": {"uv": [3.672, 0.609, 11.762, 15.681], "texture": "#missing"},
				"down": {"uv": [0, 0, 1, 1], "rotation": 180, "texture": "#missing"}
			}
		},
		{
			"from": [4.875, 0.92, 5.85],
			"to": [4.925, 0.97, 6.5],
			"faces": {
				"north": {"uv": [0, 1.219, 1.624, 5.624], "texture": "#missing"},
				"east": {"uv": [0, 1.219, 1.624, 5.624], "texture": "#missing"},
				"south": {"uv": [0, 1.219, 1.624, 5.624], "texture": "#missing"},
				"west": {"uv": [0, 1.219, 1.624, 5.624], "texture": "#missing"},
				"up": {"uv": [0, 1.219, 1.624, 5.624], "texture": "#missing"},
				"down": {"uv": [0, 1.219, 1.624, 5.624], "texture": "#missing"}
			}
		},
		{
			"from": [4.875, 0.92, 5.125],
			"to": [4.925, 0.97, 5.775],
			"faces": {
				"north": {"uv": [0, 1.219, 1.624, 5.624], "texture": "#missing"},
				"east": {"uv": [0, 1.219, 1.624, 5.624], "texture": "#missing"},
				"south": {"uv": [0, 1.219, 1.624, 5.624], "texture": "#missing"},
				"west": {"uv": [0, 1.219, 1.624, 5.624], "texture": "#missing"},
				"up": {"uv": [0, 1.219, 1.624, 5.624], "texture": "#missing"},
				"down": {"uv": [0, 1.219, 1.624, 5.624], "texture": "#missing"}
			}
		},
		{
			"from": [4.875, 0.97, 5.875],
			"to": [4.925, 0.995, 6.475],
			"faces": {
				"north": {"uv": [0, 1.219, 1.624, 5.624], "texture": "#missing"},
				"east": {"uv": [0, 1.219, 1.624, 5.624], "texture": "#missing"},
				"south": {"uv": [0, 1.219, 1.624, 5.624], "texture": "#missing"},
				"west": {"uv": [0, 1.219, 1.624, 5.624], "texture": "#missing"},
				"up": {"uv": [0, 1.219, 1.624, 5.624], "texture": "#missing"},
				"down": {"uv": [0, 1.219, 1.624, 5.624], "texture": "#missing"}
			}
		},
		{
			"from": [4.875, 0.97, 5.15],
			"to": [4.925, 0.995, 5.75],
			"faces": {
				"north": {"uv": [0, 1.219, 1.624, 5.624], "texture": "#missing"},
				"east": {"uv": [0, 1.219, 1.624, 5.624], "texture": "#missing"},
				"south": {"uv": [0, 1.219, 1.624, 5.624], "texture": "#missing"},
				"west": {"uv": [0, 1.219, 1.624, 5.624], "texture": "#missing"},
				"up": {"uv": [0, 1.219, 1.624, 5.624], "texture": "#missing"},
				"down": {"uv": [0, 1.219, 1.624, 5.624], "texture": "#missing"}
			}
		},
		{
			"from": [4.875, 0.895, 5.875],
			"to": [4.925, 0.92, 6.475],
			"faces": {
				"north": {"uv": [0, 1.219, 1.624, 5.624], "texture": "#missing"},
				"east": {"uv": [0, 1.219, 1.624, 5.624], "texture": "#missing"},
				"south": {"uv": [0, 1.219, 1.624, 5.624], "texture": "#missing"},
				"west": {"uv": [0, 1.219, 1.624, 5.624], "texture": "#missing"},
				"up": {"uv": [0, 1.219, 1.624, 5.624], "texture": "#missing"},
				"down": {"uv": [0, 1.219, 1.624, 5.624], "texture": "#missing"}
			}
		},
		{
			"from": [4.875, 0.895, 5.15],
			"to": [4.925, 0.92, 5.75],
			"faces": {
				"north": {"uv": [0, 1.219, 1.624, 5.624], "texture": "#missing"},
				"east": {"uv": [0, 1.219, 1.624, 5.624], "texture": "#missing"},
				"south": {"uv": [0, 1.219, 1.624, 5.624], "texture": "#missing"},
				"west": {"uv": [0, 1.219, 1.624, 5.624], "texture": "#missing"},
				"up": {"uv": [0, 1.219, 1.624, 5.624], "texture": "#missing"},
				"down": {"uv": [0, 1.219, 1.624, 5.624], "texture": "#missing"}
			}
		},
		{
			"from": [4.875, 0.895, 4.35],
			"to": [5, 0.945, 4.6],
			"faces": {
				"north": {"uv": [0, 0, 1, 1], "texture": "#missing"},
				"east": {"uv": [0, 0, 1, 1], "texture": "#missing"},
				"south": {"uv": [0, 0, 1, 1], "texture": "#missing"},
				"west": {"uv": [0, 0, 1, 1], "texture": "#missing"},
				"up": {"uv": [0, 0, 1, 1], "texture": "#missing"},
				"down": {"uv": [0, 0, 1, 1], "texture": "#missing"}
			}
		},
		{
			"from": [5.2, 1, 3.9],
			"to": [8.6, 1.1, 4.05],
			"faces": {
				"north": {"uv": [0, 0, 1, 1], "texture": "#missing"},
				"east": {"uv": [0, 0, 1, 1], "texture": "#missing"},
				"south": {"uv": [6.594, 5, 9.749, 8.781], "texture": "#missing"},
				"west": {"uv": [0, 0, 1, 1], "texture": "#missing"},
				"up": {"uv": [5.688, 4.531, 10.063, 10.78], "rotation": 180, "texture": "#missing"},
				"down": {"uv": [0, 0, 1, 1], "rotation": 180, "texture": "#missing"}
			}
		},
		{
			"from": [5.2, 0.8, 3.65],
			"to": [8.6, 0.9, 10.6],
			"faces": {
				"north": {"uv": [6.375, 5.219, 9.063, 8.594], "rotation": 180, "texture": "#missing"},
				"east": {"uv": [6.375, 5.219, 9.063, 8.594], "rotation": 180, "texture": "#missing"},
				"south": {"uv": [6.375, 5.219, 9.063, 8.594], "rotation": 180, "texture": "#missing"},
				"west": {"uv": [6.375, 5.219, 9.063, 8.594], "rotation": 180, "texture": "#missing"},
				"up": {"uv": [6.375, 5.219, 9.063, 8.594], "rotation": 180, "texture": "#missing"},
				"down": {"uv": [4.156, 0.75, 11.374, 14.969], "rotation": 180, "texture": "#missing"}
			}
		},
		{
			"from": [5.1, 0.9, 10.35],
			"to": [6.6, 1, 10.6],
			"faces": {
				"north": {"uv": [0, 0, 1, 1], "texture": "#missing"},
				"east": {"uv": [6.531, 5.125, 8.687, 7.906], "texture": "#missing"},
				"south": {"uv": [6.375, 4.75, 9, 8.813], "texture": "#missing"},
				"west": {"uv": [5.219, 4.125, 10.374, 10.125], "texture": "#missing"},
				"up": {"uv": [0, 0, 1, 1], "rotation": 180, "texture": "#missing"},
				"down": {"uv": [0, 0, 1, 1], "rotation": 180, "texture": "#missing"}
			}
		},
		{
			"from": [7.2, 0.9, 10.35],
			"to": [8.7, 1, 10.6],
			"faces": {
				"north": {"uv": [0, 0, 1, 1], "texture": "#missing"},
				"east": {"uv": [5.688, 4.281, 8.906, 9.594], "texture": "#missing"},
				"south": {"uv": [6.375, 4.75, 9, 8.813], "texture": "#missing"},
				"west": {"uv": [5.219, 4.125, 10.374, 10.125], "texture": "#missing"},
				"up": {"uv": [0, 0, 1, 1], "rotation": 180, "texture": "#missing"},
				"down": {"uv": [0, 0, 1, 1], "rotation": 180, "texture": "#missing"}
			}
		},
		{
			"from": [5.2, 0.9, 3.65],
			"to": [8.7, 1, 4.05],
			"faces": {
				"north": {"uv": [6.594, 5.281, 8.687, 8.281], "texture": "#missing"},
				"east": {"uv": [6.594, 5.281, 8.687, 8.281], "texture": "#missing"},
				"south": {"uv": [6.594, 5.281, 8.687, 8.281], "texture": "#missing"},
				"west": {"uv": [6.594, 5.281, 8.687, 8.281], "texture": "#missing"},
				"up": {"uv": [6.594, 5.281, 8.687, 8.281], "texture": "#missing"},
				"down": {"uv": [6.594, 5.281, 8.687, 8.281], "texture": "#missing"}
			}
		},
		{
			"from": [4.925, 0.9, 4.6],
			"to": [5.025, 1, 10.35],
			"faces": {
				"north": {"uv": [6.594, 5.281, 8.687, 8.281], "texture": "#missing"},
				"east": {"uv": [6.594, 5.281, 8.687, 8.281], "texture": "#missing"},
				"south": {"uv": [6.594, 5.281, 8.687, 8.281], "texture": "#missing"},
				"west": {"uv": [6.594, 5.281, 8.687, 8.281], "texture": "#missing"},
				"up": {"uv": [6.594, 5.281, 8.687, 8.281], "texture": "#missing"},
				"down": {"uv": [6.594, 5.281, 8.687, 8.281], "texture": "#missing"}
			}
		},
		{
			"from": [4.925, 0.8, 4],
			"to": [5.025, 0.9, 10.6],
			"faces": {
				"north": {"uv": [6.594, 5.281, 8.687, 8.281], "texture": "#missing"},
				"east": {"uv": [6.594, 5.281, 8.687, 8.281], "texture": "#missing"},
				"south": {"uv": [6.594, 5.281, 8.687, 8.281], "texture": "#missing"},
				"west": {"uv": [6.594, 5.281, 8.687, 8.281], "texture": "#missing"},
				"up": {"uv": [6.594, 5.281, 8.687, 8.281], "texture": "#missing"},
				"down": {"uv": [6.594, 5.281, 8.687, 8.281], "texture": "#missing"}
			}
		},
		{
			"from": [4.925, 0.9, 4],
			"to": [5.025, 1, 4.35],
			"faces": {
				"north": {"uv": [6.594, 5.281, 8.687, 8.281], "texture": "#missing"},
				"east": {"uv": [6.594, 5.281, 8.687, 8.281], "texture": "#missing"},
				"south": {"uv": [6.594, 5.281, 8.687, 8.281], "texture": "#missing"},
				"west": {"uv": [6.594, 5.281, 8.687, 8.281], "texture": "#missing"},
				"up": {"uv": [6.594, 5.281, 8.687, 8.281], "texture": "#missing"},
				"down": {"uv": [6.594, 5.281, 8.687, 8.281], "texture": "#missing"}
			}
		},
		{
			"from": [5.025, 0.8, 3.875],
			"to": [5.2, 1.1, 4.05],
			"faces": {
				"north": {"uv": [6.594, 5.281, 8.687, 8.281], "texture": "#missing"},
				"east": {"uv": [6.594, 5.281, 8.687, 8.281], "texture": "#missing"},
				"south": {"uv": [6.594, 5.281, 8.687, 8.281], "texture": "#missing"},
				"west": {"uv": [6.594, 5.281, 8.687, 8.281], "texture": "#missing"},
				"up": {"uv": [6.594, 5.281, 8.687, 8.281], "texture": "#missing"},
				"down": {"uv": [6.594, 5.281, 8.687, 8.281], "texture": "#missing"}
			}
		},
		{
			"from": [5, 0.8, 3.8],
			"to": [5.075, 1.1, 3.85],
			"faces": {
				"north": {"uv": [6.594, 5.281, 8.687, 8.281], "texture": "#missing"},
				"east": {"uv": [6.594, 5.281, 8.687, 8.281], "texture": "#missing"},
				"south": {"uv": [6.594, 5.281, 8.687, 8.281], "texture": "#missing"},
				"west": {"uv": [6.594, 5.281, 8.687, 8.281], "texture": "#missing"},
				"up": {"uv": [6.594, 5.281, 8.687, 8.281], "texture": "#missing"},
				"down": {"uv": [6.594, 5.281, 8.687, 8.281], "texture": "#missing"}
			}
		},
		{
			"from": [4.925, 0.8, 3.95],
			"to": [5.025, 1.1, 4],
			"faces": {
				"north": {"uv": [6.594, 5.281, 8.687, 8.281], "texture": "#missing"},
				"east": {"uv": [6.594, 5.281, 8.687, 8.281], "texture": "#missing"},
				"south": {"uv": [6.594, 5.281, 8.687, 8.281], "texture": "#missing"},
				"west": {"uv": [6.594, 5.281, 8.687, 8.281], "texture": "#missing"},
				"up": {"uv": [6.594, 5.281, 8.687, 8.281], "texture": "#missing"},
				"down": {"uv": [6.594, 5.281, 8.687, 8.281], "texture": "#missing"}
			}
		},
		{
			"from": [5.05, 0.8, 3.725],
			"to": [5.2, 1.1, 3.75],
			"faces": {
				"north": {"uv": [6.594, 5.281, 8.687, 8.281], "texture": "#missing"},
				"east": {"uv": [6.594, 5.281, 8.687, 8.281], "texture": "#missing"},
				"south": {"uv": [6.594, 5.281, 8.687, 8.281], "texture": "#missing"},
				"west": {"uv": [6.594, 5.281, 8.687, 8.281], "texture": "#missing"},
				"up": {"uv": [6.594, 5.281, 8.687, 8.281], "texture": "#missing"},
				"down": {"uv": [6.594, 5.281, 8.687, 8.281], "texture": "#missing"}
			}
		},
		{
			"from": [4.95, 0.8, 3.9],
			"to": [5.025, 1.1, 3.95],
			"faces": {
				"north": {"uv": [6.594, 5.281, 8.687, 8.281], "texture": "#missing"},
				"east": {"uv": [6.594, 5.281, 8.687, 8.281], "texture": "#missing"},
				"south": {"uv": [6.594, 5.281, 8.687, 8.281], "texture": "#missing"},
				"west": {"uv": [6.594, 5.281, 8.687, 8.281], "texture": "#missing"},
				"up": {"uv": [6.594, 5.281, 8.687, 8.281], "texture": "#missing"},
				"down": {"uv": [6.594, 5.281, 8.687, 8.281], "texture": "#missing"}
			}
		},
		{
			"from": [5.025, 0.8, 3.85],
			"to": [5.075, 1.1, 3.875],
			"faces": {
				"north": {"uv": [6.594, 5.281, 8.687, 8.281], "texture": "#missing"},
				"east": {"uv": [6.594, 5.281, 8.687, 8.281], "texture": "#missing"},
				"south": {"uv": [6.594, 5.281, 8.687, 8.281], "texture": "#missing"},
				"west": {"uv": [6.594, 5.281, 8.687, 8.281], "texture": "#missing"},
				"up": {"uv": [6.594, 5.281, 8.687, 8.281], "texture": "#missing"},
				"down": {"uv": [6.594, 5.281, 8.687, 8.281], "texture": "#missing"}
			}
		},
		{
			"from": [5.025, 0.8, 3.75],
			"to": [5.075, 1.1, 3.8],
			"faces": {
				"north": {"uv": [6.594, 5.281, 8.687, 8.281], "texture": "#missing"},
				"east": {"uv": [6.594, 5.281, 8.687, 8.281], "texture": "#missing"},
				"south": {"uv": [6.594, 5.281, 8.687, 8.281], "texture": "#missing"},
				"west": {"uv": [6.594, 5.281, 8.687, 8.281], "texture": "#missing"},
				"up": {"uv": [6.594, 5.281, 8.687, 8.281], "texture": "#missing"},
				"down": {"uv": [6.594, 5.281, 8.687, 8.281], "texture": "#missing"}
			}
		},
		{
			"from": [5.075, 0.8, 3.7],
			"to": [5.2, 1.1, 3.725],
			"faces": {
				"north": {"uv": [6.594, 5.281, 8.687, 8.281], "texture": "#missing"},
				"east": {"uv": [6.594, 5.281, 8.687, 8.281], "texture": "#missing"},
				"south": {"uv": [6.594, 5.281, 8.687, 8.281], "texture": "#missing"},
				"west": {"uv": [6.594, 5.281, 8.687, 8.281], "texture": "#missing"},
				"up": {"uv": [6.594, 5.281, 8.687, 8.281], "texture": "#missing"},
				"down": {"uv": [6.594, 5.281, 8.687, 8.281], "texture": "#missing"}
			}
		},
		{
			"from": [5.1, 0.8, 3.675],
			"to": [5.2, 1.1, 3.7],
			"faces": {
				"north": {"uv": [6.594, 5.281, 8.687, 8.281], "texture": "#missing"},
				"east": {"uv": [6.594, 5.281, 8.687, 8.281], "texture": "#missing"},
				"south": {"uv": [6.594, 5.281, 8.687, 8.281], "texture": "#missing"},
				"west": {"uv": [6.594, 5.281, 8.687, 8.281], "texture": "#missing"},
				"up": {"uv": [6.594, 5.281, 8.687, 8.281], "texture": "#missing"},
				"down": {"uv": [6.594, 5.281, 8.687, 8.281], "texture": "#missing"}
			}
		},
		{
			"from": [5.15, 0.8, 3.65],
			"to": [5.2, 1.1, 3.675],
			"faces": {
				"north": {"uv": [6.594, 5.281, 8.687, 8.281], "texture": "#missing"},
				"east": {"uv": [6.594, 5.281, 8.687, 8.281], "texture": "#missing"},
				"south": {"uv": [6.594, 5.281, 8.687, 8.281], "texture": "#missing"},
				"west": {"uv": [6.594, 5.281, 8.687, 8.281], "texture": "#missing"},
				"up": {"uv": [6.594, 5.281, 8.687, 8.281], "texture": "#missing"},
				"down": {"uv": [6.594, 5.281, 8.687, 8.281], "texture": "#missing"}
			}
		},
		{
			"from": [4.975, 0.8, 3.85],
			"to": [5.025, 1.1, 3.9],
			"faces": {
				"north": {"uv": [6.594, 5.281, 8.687, 8.281], "texture": "#missing"},
				"east": {"uv": [6.594, 5.281, 8.687, 8.281], "texture": "#missing"},
				"south": {"uv": [6.594, 5.281, 8.687, 8.281], "texture": "#missing"},
				"west": {"uv": [6.594, 5.281, 8.687, 8.281], "texture": "#missing"},
				"up": {"uv": [6.594, 5.281, 8.687, 8.281], "texture": "#missing"},
				"down": {"uv": [6.594, 5.281, 8.687, 8.281], "texture": "#missing"}
			}
		},
		{
			"from": [5.075, 0.8, 3.75],
			"to": [5.2, 1.1, 3.875],
			"faces": {
				"north": {"uv": [6.594, 5.281, 8.687, 8.281], "texture": "#missing"},
				"east": {"uv": [6.594, 5.281, 8.687, 8.281], "texture": "#missing"},
				"south": {"uv": [6.594, 5.281, 8.687, 8.281], "texture": "#missing"},
				"west": {"uv": [6.594, 5.281, 8.687, 8.281], "texture": "#missing"},
				"up": {"uv": [6.594, 5.281, 8.687, 8.281], "texture": "#missing"},
				"down": {"uv": [6.594, 5.281, 8.687, 8.281], "texture": "#missing"}
			}
		},
		{
			"from": [8.6, 0.9, 4.05],
			"to": [8.7, 1, 10.35],
			"faces": {
				"north": {"uv": [6.594, 5.281, 8.687, 8.281], "texture": "#missing"},
				"east": {"uv": [6.594, 5.281, 8.687, 8.281], "texture": "#missing"},
				"south": {"uv": [6.594, 5.281, 8.687, 8.281], "texture": "#missing"},
				"west": {"uv": [6.594, 5.281, 8.687, 8.281], "texture": "#missing"},
				"up": {"uv": [6.594, 5.281, 8.687, 8.281], "texture": "#missing"},
				"down": {"uv": [6.594, 5.281, 8.687, 8.281], "texture": "#missing"}
			}
		},
		{
			"from": [4.925, 1, 4],
			"to": [5.025, 1.1, 10.6],
			"faces": {
				"north": {"uv": [6.531, 6.375, 8.749, 9.75], "texture": "#missing"},
				"east": {"uv": [7.063, 4.375, 7.844, 7.438], "texture": "#missing"},
				"south": {"uv": [6.125, 5.281, 8.344, 7.969], "texture": "#missing"},
				"west": {"uv": [5.75, 4.531, 9.063, 9.312], "texture": "#missing"},
				"up": {"uv": [0, 0, 1, 1], "rotation": 180, "texture": "#missing"},
				"down": {"uv": [0, 0, 1, 1], "rotation": 180, "texture": "#missing"}
			}
		},
		{
			"from": [8.6, 1, 3.65],
			"to": [8.7, 1.1, 10.6],
			"faces": {
				"north": {"uv": [4.594, 4.531, 9.656, 9.219], "texture": "#missing"},
				"east": {"uv": [5.906, 4.594, 9.593, 9.531], "texture": "#missing"},
				"south": {"uv": [6.219, 4.906, 9.531, 8.906], "texture": "#missing"},
				"west": {"uv": [0, 0, 1, 1], "texture": "#missing"},
				"up": {"uv": [6.594, 6, 9.281, 9.219], "rotation": 180, "texture": "#missing"},
				"down": {"uv": [0, 0, 1, 1], "rotation": 180, "texture": "#missing"}
			}
		},
		{
			"from": [5.2, 1, 10.35],
			"to": [8.6, 1.1, 10.6],
			"faces": {
				"north": {"uv": [5.219, 4.594, 8.374, 9.531], "texture": "#missing"},
				"east": {"uv": [0, 0, 1, 1], "texture": "#missing"},
				"south": {"uv": [5.281, 3.438, 10.594, 12.063], "texture": "#missing"},
				"west": {"uv": [6.438, 4.531, 9.438, 8.906], "texture": "#missing"},
				"up": {"uv": [6.469, 4.219, 10.374, 11.374], "rotation": 180, "texture": "#missing"},
				"down": {"uv": [6.688, 4.75, 9.156, 7.906], "rotation": 180, "texture": "#missing"}
			}
		},
		{
			"from": [5.2, 1, 3.65],
			"to": [8.6, 1.1, 3.9],
			"faces": {
				"north": {"uv": [6.531, 5.063, 9.312, 7.906], "texture": "#missing"},
				"east": {"uv": [0, 0, 1, 1], "texture": "#missing"},
				"south": {"uv": [0, 0, 1, 1], "texture": "#missing"},
				"west": {"uv": [0, 0, 1, 1], "texture": "#missing"},
				"up": {"uv": [6.469, 4.219, 10.374, 11.374], "rotation": 180, "texture": "#missing"},
				"down": {"uv": [0, 0, 1, 1], "rotation": 180, "texture": "#missing"}
			}
		}
	],
	"display": {
		"thirdperson_righthand": {
			"rotation": [111, 0, 0],
			"translation": [1, -0.25, 7.75]
		},
		"thirdperson_lefthand": {
			"rotation": [102, 0, 0],
			"translation": [-1, 1, 7.75]
		},
		"firstperson_righthand": {
			"rotation": [87, 0, 0],
			"translation": [12, 1, 7],
			"scale": [2, 2, 2]
		},
		"firstperson_lefthand": {
			"rotation": [91, 0, 0],
			"translation": [7, 0, 8],
			"scale": [2, 2, 2]
		},
		"ground": {
			"translation": [0, 5, 0]
		},
		"gui": {
			"rotation": [98, 0, 0],
			"translation": [1.75, -3.75, 0],
			"scale": [2, 2, 2]
		},
		"head": {
			"rotation": [-90, -180, 0],
			"translation": [-4.25, -2, -35.25],
			"scale": [4, 4, 2]
		},
		"fixed": {
			"rotation": [-86, -180, 0],
			"translation": [-2.5, 0, -16.25],
			"scale": [2, 2, 2]
		}
	},
	"groups": [
		{
			"name": "group",
			"origin": [8, 8, 8],
			"children": [0]
		},
		{
			"name": "group",
			"origin": [8, 8, 8],
			"children": [1, 2, 3, 4, 5, 6, 7, 8, 9, 10, 11, 12, 13, 14, 15, 16, 17, 18, 19, 20, 21, 22, 23, 24, 25, 26, 27, 28, 29, 30, 31, 32]
		}
	]
}