{
	"credit": "quiktori",
	"textures": {
		"0": "items/atm",
		"particle": "items/atm"
	},
	"elements": [
		{
			"from": [3, 0, 3],
			"to": [13, 10, 13],
			"rotation": {"angle": 0, "axis": "y", "origin": [11, 8, 10]},
			"faces": {
				"north": {"uv": [12.969, 14.625, 16, 15.999], "texture": "#0"},
				"east": {"uv": [8.063, 10.688, 16, 16], "rotation": 90, "texture": "#0"},
				"south": {"uv": [0, 12.188, 1, 13.188], "texture": "#0"},
				"west": {"uv": [8, 10.719, 15.969, 15.999], "rotation": 90, "texture": "#0"},
				"up": {"uv": [5.188, 15, 9.438, 15.938], "rotation": 90, "texture": "#0"},
				"down": {"uv": [0, 14.969, 1.219, 16], "texture": "#0"}
			}
		},
		{
			"from": [12, 9.94336, 3],
			"to": [13, 20, 13],
			"rotation": {"angle": 0, "axis": "y", "origin": [11, 18, 10]},
			"faces": {
				"north": {"uv": [7.063, 15.125, 12.907, 16], "rotation": 90, "texture": "#0"},
				"east": {"uv": [0, 10.657, 8.063, 16], "rotation": 90, "texture": "#0"},
				"south": {"uv": [0, 11.688, 1, 12.688], "texture": "#0"},
				"west": {"uv": [0.063, 11.063, 0.75, 12.188], "texture": "#0"},
				"up": {"uv": [6.782, 15.188, 10.438, 15.688], "texture": "#0"},
				"down": {"uv": [0, 0, 1, 1], "texture": "#missing"}
			}
		},
		{
			"from": [3, 9.92969, 3],
			"to": [4, 20, 13],
			"rotation": {"angle": 0, "axis": "y", "origin": [2, 18, 10]},
			"faces": {
				"north": {"uv": [6.844, 15.125, 13.844, 16], "rotation": 90, "texture": "#0"},
				"east": {"uv": [0, 11.063, 1, 15.999], "texture": "#0"},
				"south": {"uv": [0, 11.563, 1, 12.563], "texture": "#0"},
				"west": {"uv": [0, 10.688, 8.032, 16], "rotation": 90, "texture": "#0"},
				"up": {"uv": [0, 15.063, 1, 16], "texture": "#0"},
				"down": {"uv": [0, 11, 1, 12], "texture": "#0"}
			}
		},
		{
			"from": [4, 12.625, 12],
			"to": [12, 19, 13],
			"rotation": {"angle": 0, "axis": "y", "origin": [10, 18, 10]},
			"faces": {
				"north": {"uv": [8.063, 0, 15.999, 10.594], "rotation": 270, "texture": "#0"},
				"east": {"uv": [0, 0, 1, 1], "texture": "#missing"},
				"south": {"uv": [0, 11.563, 1, 12.563], "texture": "#0"},
				"west": {"uv": [0, 0, 1, 1], "texture": "#missing"},
				"up": {"uv": [0, 0, 1, 1], "texture": "#missing"},
				"down": {"uv": [0, 0, 1, 1], "texture": "#missing"}
			}
		},
		{
			"from": [4, 9.83594, 12],
			"to": [12, 12.625, 13],
			"rotation": {"angle": 0, "axis": "y", "origin": [10, 15.375, 10]},
			"faces": {
				"north": {"uv": [5.25, 0, 15.999, 10.594], "rotation": 270, "texture": "#0"},
				"east": {"uv": [0, 0, 1, 1], "texture": "#missing"},
				"south": {"uv": [0, 11.625, 1, 12.625], "texture": "#0"},
				"west": {"uv": [0, 0, 1, 1], "texture": "#missing"},
				"up": {"uv": [0, 0, 1, 1], "texture": "#missing"},
				"down": {"uv": [0, 0, 1, 1], "texture": "#missing"}
			}
		},
		{
			"from": [4, 11.875, 1.65625],
			"to": [12, 12.875, 8.65625],
			"rotation": {"angle": -22.5, "axis": "x", "origin": [10, 14.875, 9.65625]},
			"faces": {
				"north": {"uv": [0, 0, 1, 1], "rotation": 180, "texture": "#missing"},
				"east": {"uv": [0, 0, 1, 1], "rotation": 270, "texture": "#missing"},
				"south": {"uv": [0, 0, 1, 1], "texture": "#missing"},
				"west": {"uv": [0, 0, 1, 1], "rotation": 90, "texture": "#missing"},
				"up": {"uv": [0, 0, 6.563, 10.594], "rotation": 90, "texture": "#0"},
				"down": {"uv": [0, 0, 1, 1], "texture": "#missing"}
			}
		},
		{
			"from": [4, 11.61914, 9.46875],
			"to": [12, 12.61914, 12.5625],
			"rotation": {"angle": 0, "axis": "x", "origin": [10, 14.61914, 13.5625]},
			"faces": {
				"north": {"uv": [0, 0, 1, 1], "rotation": 180, "texture": "#missing"},
				"east": {"uv": [0, 0, 1, 1], "rotation": 270, "texture": "#missing"},
				"south": {"uv": [0, 0, 1, 1], "texture": "#missing"},
				"west": {"uv": [0, 0, 1, 1], "rotation": 90, "texture": "#missing"},
				"up": {"uv": [6.657, 0, 7.938, 10.563], "rotation": 90, "texture": "#0"},
				"down": {"uv": [0, 0, 1, 1], "texture": "#missing"}
			}
		},
		{
			"from": [4, 6.11914, 1.46875],
			"to": [12, 7.11914, 3.5625],
			"rotation": {"angle": 0, "axis": "x", "origin": [10, 9.11914, 5.5625]},
			"faces": {
				"north": {"uv": [3.782, 15.125, 10.968, 15.625], "rotation": 180, "texture": "#0"},
				"east": {"uv": [3.782, 15.125, 10.968, 15.625], "rotation": 180, "texture": "#0"},
				"south": {"uv": [3.782, 15.125, 10.968, 15.625], "rotation": 180, "texture": "#0"},
				"west": {"uv": [3.782, 15.125, 10.968, 15.625], "rotation": 180, "texture": "#0"},
				"up": {"uv": [3.782, 15.125, 10.968, 15.625], "rotation": 180, "texture": "#0"},
				"down": {"uv": [3.782, 15.125, 10.968, 15.625], "rotation": 180, "texture": "#0"}
			}
		},
		{
			"from": [4.875, 8.74414, 2.59375],
			"to": [6.25, 8.86914, 3.5625],
			"rotation": {"angle": 0, "axis": "x", "origin": [10.875, 11.74414, 5.5625]},
			"faces": {
				"north": {"uv": [7.532, 0, 7.844, 0.5], "rotation": 180, "texture": "#0"},
				"east": {"uv": [7.532, 0, 7.844, 0.5], "rotation": 180, "texture": "#0"},
				"south": {"uv": [7.532, 0, 7.844, 0.5], "rotation": 180, "texture": "#0"},
				"west": {"uv": [7.532, 0, 7.844, 0.5], "rotation": 180, "texture": "#0"},
				"up": {"uv": [7.532, 0, 7.844, 0.5], "rotation": 180, "texture": "#0"},
				"down": {"uv": [7.532, 0, 7.844, 0.5], "rotation": 180, "texture": "#0"}
			}
		},
		{
			"from": [4.875, 8.49414, 2.59375],
			"to": [6.25, 8.61914, 3.5625],
			"rotation": {"angle": 0, "axis": "x", "origin": [10.875, 11.49414, 5.5625]},
			"faces": {
				"north": {"uv": [7.532, 0, 7.844, 0.5], "rotation": 180, "texture": "#0"},
				"east": {"uv": [7.532, 0, 7.844, 0.5], "rotation": 180, "texture": "#0"},
				"south": {"uv": [7.532, 0, 7.844, 0.5], "rotation": 180, "texture": "#0"},
				"west": {"uv": [7.532, 0, 7.844, 0.5], "rotation": 180, "texture": "#0"},
				"up": {"uv": [7.532, 0, 7.844, 0.5], "rotation": 180, "texture": "#0"},
				"down": {"uv": [7.532, 0, 7.844, 0.5], "rotation": 180, "texture": "#0"}
			}
		},
		{
			"from": [4.875, 8.61914, 2.59375],
			"to": [5, 8.74414, 3.5625],
			"rotation": {"angle": 0, "axis": "x", "origin": [9.625, 11.61914, 5.5625]},
			"faces": {
				"north": {"uv": [7.532, 0, 7.844, 0.5], "rotation": 180, "texture": "#0"},
				"east": {"uv": [7.532, 0, 7.844, 0.5], "rotation": 180, "texture": "#0"},
				"south": {"uv": [7.532, 0, 7.844, 0.5], "rotation": 180, "texture": "#0"},
				"west": {"uv": [7.532, 0, 7.844, 0.5], "rotation": 180, "texture": "#0"},
				"up": {"uv": [7.532, 0, 7.844, 0.5], "rotation": 180, "texture": "#0"},
				"down": {"uv": [7.532, 0, 7.844, 0.5], "rotation": 180, "texture": "#0"}
			}
		},
		{
			"from": [6.125, 8.61914, 2.59375],
			"to": [6.25, 8.74414, 3.5625],
			"rotation": {"angle": 0, "axis": "x", "origin": [10.875, 11.61914, 5.5625]},
			"faces": {
				"north": {"uv": [7.532, 0, 7.844, 0.5], "rotation": 180, "texture": "#0"},
				"east": {"uv": [7.532, 0, 7.844, 0.5], "rotation": 180, "texture": "#0"},
				"south": {"uv": [7.532, 0, 7.844, 0.5], "rotation": 180, "texture": "#0"},
				"west": {"uv": [7.532, 0, 7.844, 0.5], "rotation": 180, "texture": "#0"},
				"up": {"uv": [7.532, 0, 7.844, 0.5], "rotation": 180, "texture": "#0"},
				"down": {"uv": [7.532, 0, 7.844, 0.5], "rotation": 180, "texture": "#0"}
			}
		},
		{
			"from": [4, 19, 3],
			"to": [12, 20, 13],
			"rotation": {"angle": 0, "axis": "y", "origin": [10, 18, 10]},
			"faces": {
				"north": {"uv": [7, 14.75, 8.187, 16], "rotation": 90, "texture": "#0"},
				"east": {"uv": [0, 0, 1, 1], "texture": "#missing"},
				"south": {"uv": [0, 11.5, 1, 12.5], "texture": "#0"},
				"west": {"uv": [0, 0, 1, 1], "texture": "#missing"},
				"up": {"uv": [1.907, 15.125, 8.688, 16], "texture": "#0"},
				"down": {"uv": [0, 14.407, 1, 15.407], "texture": "#0"}
			}
		}
	],
	"display": {
		"fixed": {
			"translation": [0, -21.5, -18.5],
			"scale": [3.5, 3.5, 3.5]
		}
	}
}