{
	"credit": "quiktori",
	"textures": {
		"0": "items/m9",
		"particle": "items/m9"
	},
	"elements": [
		{
			"from": [7, 0.25, 7.25],
			"to": [8, 3.5, 7.75],
			"faces": {
				"north": {"uv": [0, 3.875, 1.345, 7.915], "texture": "#0"},
				"east": {"uv": [0, 3.875, 1.345, 7.915], "texture": "#0"},
				"south": {"uv": [0, 3.875, 1.345, 7.915], "texture": "#0"},
				"west": {"uv": [0, 3.875, 1.345, 7.915], "texture": "#0"},
				"up": {"uv": [0, 3.875, 1.345, 7.915], "texture": "#0"},
				"down": {"uv": [0, 3.875, 1.345, 7.915], "texture": "#0"}
			}
		},
		{
			"from": [6.95, 0.2, 6.95],
			"to": [8.05, 0.29, 8.05],
			"faces": {
				"north": {"uv": [3.5, 1, 5.095, 1.665], "texture": "#0"},
				"east": {"uv": [3.5, 1, 5.095, 1.665], "texture": "#0"},
				"south": {"uv": [3.5, 1, 5.095, 1.665], "texture": "#0"},
				"west": {"uv": [3.5, 1, 5.095, 1.665], "texture": "#0"},
				"up": {"uv": [3.5, 1, 5.095, 1.665], "texture": "#0"},
				"down": {"uv": [3.5, 1, 5.095, 1.665], "texture": "#0"}
			}
		},
		{
			"from": [6.7, 4.25, 6.95],
			"to": [8.34, 4.5, 8.09],
			"faces": {
				"north": {"uv": [3.5, 1, 5.095, 1.75], "texture": "#0"},
				"east": {"uv": [3.5, 1, 5.095, 1.75], "texture": "#0"},
				"south": {"uv": [3.5, 1, 5.095, 1.75], "texture": "#0"},
				"west": {"uv": [3.5, 1, 5.095, 1.75], "texture": "#0"},
				"up": {"uv": [3.5, 1, 5.095, 1.75], "texture": "#0"},
				"down": {"uv": [3.5, 1, 5.095, 1.75], "texture": "#0"}
			}
		},
		{
			"from": [6.88, 4.5, 7.26],
			"to": [8.16, 4.75, 7.76],
			"faces": {
				"north": {"uv": [3.5, 1, 5.095, 1.75], "texture": "#0"},
				"east": {"uv": [3.5, 1, 5.095, 1.75], "texture": "#0"},
				"south": {"uv": [3.5, 1, 5.095, 1.75], "texture": "#0"},
				"west": {"uv": [3.5, 1, 5.095, 1.75], "texture": "#0"},
				"up": {"uv": [3.5, 1, 5.095, 1.75], "texture": "#0"},
				"down": {"uv": [3.5, 1, 5.095, 1.75], "texture": "#0"}
			}
		},
		{
			"from": [6.96, 3.5, 7.25],
			"to": [8.04, 4.25, 7.75],
			"faces": {
				"north": {"uv": [0, 3.375, 1.345, 3.915], "texture": "#0"},
				"east": {"uv": [0, 3.375, 1.345, 3.915], "texture": "#0"},
				"south": {"uv": [0, 3.375, 1.345, 3.915], "texture": "#0"},
				"west": {"uv": [0, 3.375, 1.345, 3.915], "texture": "#0"},
				"up": {"uv": [0, 3.375, 1.345, 3.915], "texture": "#0"},
				"down": {"uv": [0, 3.375, 1.345, 3.915], "texture": "#0"}
			}
		},
		{
			"from": [8.32, 4.36, 6.84],
			"to": [8.44, 4.44, 8.2],
			"faces": {
				"north": {"uv": [3.5, 1, 5.095, 1.75], "texture": "#0"},
				"east": {"uv": [3.5, 1, 5.095, 1.75], "texture": "#0"},
				"south": {"uv": [3.5, 1, 5.095, 1.75], "texture": "#0"},
				"west": {"uv": [3.5, 1, 5.095, 1.75], "texture": "#0"},
				"up": {"uv": [3.5, 1, 5.095, 1.75], "texture": "#0"},
				"down": {"uv": [3.5, 1, 5.095, 1.75], "texture": "#0"}
			}
		},
		{
			"from": [6.6, 4.36, 6.84],
			"to": [6.72, 4.44, 8.2],
			"faces": {
				"north": {"uv": [3.5, 1, 5.095, 1.75], "texture": "#0"},
				"east": {"uv": [3.5, 1, 5.095, 1.75], "texture": "#0"},
				"south": {"uv": [3.5, 1, 5.095, 1.75], "texture": "#0"},
				"west": {"uv": [3.5, 1, 5.095, 1.75], "texture": "#0"},
				"up": {"uv": [3.5, 1, 5.095, 1.75], "texture": "#0"},
				"down": {"uv": [3.5, 1, 5.095, 1.75], "texture": "#0"}
			}
		},
		{
			"from": [6.72, 4.36, 8.08],
			"to": [8.32, 4.44, 8.2],
			"faces": {
				"north": {"uv": [3.5, 1, 5.095, 1.75], "texture": "#0"},
				"east": {"uv": [3.5, 1, 5.095, 1.75], "texture": "#0"},
				"south": {"uv": [3.5, 1, 5.095, 1.75], "texture": "#0"},
				"west": {"uv": [3.5, 1, 5.095, 1.75], "texture": "#0"},
				"up": {"uv": [3.5, 1, 5.095, 1.75], "texture": "#0"},
				"down": {"uv": [3.5, 1, 5.095, 1.75], "texture": "#0"}
			}
		},
		{
			"from": [6.72, 4.36, 6.84],
			"to": [8.32, 4.44, 6.96],
			"faces": {
				"north": {"uv": [3.5, 1, 5.095, 1.75], "texture": "#0"},
				"east": {"uv": [3.5, 1, 5.095, 1.75], "texture": "#0"},
				"south": {"uv": [3.5, 1, 5.095, 1.75], "texture": "#0"},
				"west": {"uv": [3.5, 1, 5.095, 1.75], "texture": "#0"},
				"up": {"uv": [3.5, 1, 5.095, 1.75], "texture": "#0"},
				"down": {"uv": [3.5, 1, 5.095, 1.75], "texture": "#0"}
			}
		},
		{
			"from": [7.25, 0.25, 7],
			"to": [7.75, 3.5, 8],
			"faces": {
				"north": {"uv": [0, 3.875, 1.345, 7.915], "texture": "#0"},
				"east": {"uv": [0, 3.875, 1.345, 7.915], "texture": "#0"},
				"south": {"uv": [0, 3.875, 1.345, 7.915], "texture": "#0"},
				"west": {"uv": [0, 3.875, 1.345, 7.915], "texture": "#0"},
				"up": {"uv": [0, 3.875, 1.345, 7.915], "texture": "#0"},
				"down": {"uv": [0, 3.875, 1.345, 7.915], "texture": "#0"}
			}
		},
		{
			"from": [7.25, 3.5, 6.96],
			"to": [7.75, 4.25, 8.04],
			"faces": {
				"north": {"uv": [0, 3.375, 1.345, 3.915], "texture": "#0"},
				"east": {"uv": [0, 3.375, 1.345, 3.915], "texture": "#0"},
				"south": {"uv": [0, 3.375, 1.345, 3.915], "texture": "#0"},
				"west": {"uv": [0, 3.375, 1.345, 3.915], "texture": "#0"},
				"up": {"uv": [0, 3.375, 1.345, 3.915], "texture": "#0"},
				"down": {"uv": [0, 3.375, 1.345, 3.915], "texture": "#0"}
			}
		},
		{
			"from": [7.08, 0.24, 7.09],
			"to": [7.24, 3.5, 7.25],
			"faces": {
				"north": {"uv": [0, 3.875, 1.345, 7.915], "texture": "#0"},
				"east": {"uv": [0, 3.875, 1.345, 7.915], "texture": "#0"},
				"south": {"uv": [0, 3.875, 1.345, 7.915], "texture": "#0"},
				"west": {"uv": [0, 3.875, 1.345, 7.915], "texture": "#0"},
				"up": {"uv": [0, 3.875, 1.345, 7.915], "texture": "#0"},
				"down": {"uv": [0, 3.875, 1.345, 7.915], "texture": "#0"}
			}
		},
		{
			"from": [7.76, 0.23, 7.76],
			"to": [7.92, 3.49, 7.92],
			"faces": {
				"north": {"uv": [0, 3.875, 1.345, 7.915], "texture": "#0"},
				"east": {"uv": [0, 3.875, 1.345, 7.915], "texture": "#0"},
				"south": {"uv": [0, 3.875, 1.345, 7.915], "texture": "#0"},
				"west": {"uv": [0, 3.875, 1.345, 7.915], "texture": "#0"},
				"up": {"uv": [0, 3.875, 1.345, 7.915], "texture": "#0"},
				"down": {"uv": [0, 3.875, 1.345, 7.915], "texture": "#0"}
			}
		},
		{
			"from": [7.76, 3.47, 7.76],
			"to": [7.92, 4.25, 7.92],
			"faces": {
				"north": {"uv": [0, 3.375, 1.345, 3.915], "texture": "#0"},
				"east": {"uv": [0, 3.375, 1.345, 3.915], "texture": "#0"},
				"south": {"uv": [0, 3.375, 1.345, 3.915], "texture": "#0"},
				"west": {"uv": [0, 3.375, 1.345, 3.915], "texture": "#0"},
				"up": {"uv": [0, 3.375, 1.345, 3.915], "texture": "#0"},
				"down": {"uv": [0, 3.375, 1.345, 3.915], "texture": "#0"}
			}
		},
		{
			"from": [7.08, 3.47, 7.09],
			"to": [7.24, 4.25, 7.25],
			"faces": {
				"north": {"uv": [0, 3.375, 1.345, 3.915], "texture": "#0"},
				"east": {"uv": [0, 3.375, 1.345, 3.915], "texture": "#0"},
				"south": {"uv": [0, 3.375, 1.345, 3.915], "texture": "#0"},
				"west": {"uv": [0, 3.375, 1.345, 3.915], "texture": "#0"},
				"up": {"uv": [0, 3.375, 1.345, 3.915], "texture": "#0"},
				"down": {"uv": [0, 3.375, 1.345, 3.915], "texture": "#0"}
			}
		},
		{
			"from": [7.76, 3.47, 7.09],
			"to": [7.92, 4.25, 7.25],
			"faces": {
				"north": {"uv": [0, 3.375, 1.345, 3.915], "texture": "#0"},
				"east": {"uv": [0, 3.375, 1.345, 3.915], "texture": "#0"},
				"south": {"uv": [0, 3.375, 1.345, 3.915], "texture": "#0"},
				"west": {"uv": [0, 3.375, 1.345, 3.915], "texture": "#0"},
				"up": {"uv": [0, 3.375, 1.345, 3.915], "texture": "#0"},
				"down": {"uv": [0, 3.375, 1.345, 3.915], "texture": "#0"}
			}
		},
		{
			"from": [7.76, 0.24, 7.09],
			"to": [7.92, 3.5, 7.25],
			"faces": {
				"north": {"uv": [0, 3.875, 1.345, 7.915], "texture": "#0"},
				"east": {"uv": [0, 3.875, 1.345, 7.915], "texture": "#0"},
				"south": {"uv": [0, 3.875, 1.345, 7.915], "texture": "#0"},
				"west": {"uv": [0, 3.875, 1.345, 7.915], "texture": "#0"},
				"up": {"uv": [0, 3.875, 1.345, 7.915], "texture": "#0"},
				"down": {"uv": [0, 3.875, 1.345, 7.915], "texture": "#0"}
			}
		},
		{
			"from": [7.08, 0.24, 7.73],
			"to": [7.24, 3.5, 7.89],
			"faces": {
				"north": {"uv": [0, 3.875, 1.345, 7.915], "texture": "#0"},
				"east": {"uv": [0, 3.875, 1.345, 7.915], "texture": "#0"},
				"south": {"uv": [0, 3.875, 1.345, 7.915], "texture": "#0"},
				"west": {"uv": [0, 3.875, 1.345, 7.915], "texture": "#0"},
				"up": {"uv": [0, 3.875, 1.345, 7.915], "texture": "#0"},
				"down": {"uv": [0, 3.875, 1.345, 7.915], "texture": "#0"}
			}
		},
		{
			"from": [7.08, 3.47, 7.73],
			"to": [7.24, 4.25, 7.89],
			"faces": {
				"north": {"uv": [0, 3.375, 1.345, 3.915], "texture": "#0"},
				"east": {"uv": [0, 3.375, 1.345, 3.915], "texture": "#0"},
				"south": {"uv": [0, 3.375, 1.345, 3.915], "texture": "#0"},
				"west": {"uv": [0, 3.375, 1.345, 3.915], "texture": "#0"},
				"up": {"uv": [0, 3.375, 1.345, 3.915], "texture": "#0"},
				"down": {"uv": [0, 3.375, 1.345, 3.915], "texture": "#0"}
			}
		},
		{
			"from": [7.77, 16.69, 7.46],
			"to": [8.37, 17.38, 7.56],
			"faces": {
				"north": {"uv": [1.875, 1.75, 3.47, 2.415], "texture": "#0"},
				"east": {"uv": [1.875, 1.75, 3.47, 2.415], "texture": "#0"},
				"south": {"uv": [1.875, 1.75, 3.47, 2.415], "texture": "#0"},
				"west": {"uv": [1.875, 1.75, 3.47, 2.415], "texture": "#0"},
				"up": {"uv": [1.875, 1.75, 3.47, 2.415], "texture": "#0"},
				"down": {"uv": [1.875, 1.75, 3.47, 2.415], "texture": "#0"}
			}
		},
		{
			"from": [7.69, 16.01, 7.42],
			"to": [8.29, 16.7, 7.6],
			"faces": {
				"north": {"uv": [1.875, 1.75, 3.47, 2.415], "texture": "#0"},
				"east": {"uv": [1.875, 1.75, 3.47, 2.415], "texture": "#0"},
				"south": {"uv": [1.875, 1.75, 3.47, 2.415], "texture": "#0"},
				"west": {"uv": [1.875, 1.75, 3.47, 2.415], "texture": "#0"},
				"up": {"uv": [1.875, 1.75, 3.47, 2.415], "texture": "#0"},
				"down": {"uv": [1.875, 1.75, 3.47, 2.415], "texture": "#0"}
			}
		},
		{
			"from": [7.57, 15.17, 7.38],
			"to": [8.25, 16.02, 7.64],
			"faces": {
				"north": {"uv": [1.875, 1.75, 3.47, 2.415], "texture": "#0"},
				"east": {"uv": [1.875, 1.75, 3.47, 2.415], "texture": "#0"},
				"south": {"uv": [1.875, 1.75, 3.47, 2.415], "texture": "#0"},
				"west": {"uv": [1.875, 1.75, 3.47, 2.415], "texture": "#0"},
				"up": {"uv": [1.875, 1.75, 3.47, 2.415], "texture": "#0"},
				"down": {"uv": [1.875, 1.75, 3.47, 2.415], "texture": "#0"}
			}
		},
		{
			"from": [7.49, 13.89, 7.38],
			"to": [8.21, 15.18, 7.64],
			"faces": {
				"north": {"uv": [1.875, 1.75, 3.47, 2.415], "texture": "#0"},
				"east": {"uv": [1.875, 1.75, 3.47, 2.415], "texture": "#0"},
				"south": {"uv": [1.875, 1.75, 3.47, 2.415], "texture": "#0"},
				"west": {"uv": [1.875, 1.75, 3.47, 2.415], "texture": "#0"},
				"up": {"uv": [1.875, 1.75, 3.47, 2.415], "texture": "#0"},
				"down": {"uv": [1.875, 1.75, 3.47, 2.415], "texture": "#0"}
			}
		},
		{
			"from": [7.45, 12.6, 7.38],
			"to": [8.17, 13.89, 7.64],
			"faces": {
				"north": {"uv": [1.875, 1.75, 3.47, 2.415], "texture": "#0"},
				"east": {"uv": [1.875, 1.75, 3.47, 2.415], "texture": "#0"},
				"south": {"uv": [1.875, 1.75, 3.47, 2.415], "texture": "#0"},
				"west": {"uv": [1.875, 1.75, 3.47, 2.415], "texture": "#0"},
				"up": {"uv": [1.875, 1.75, 3.47, 2.415], "texture": "#0"},
				"down": {"uv": [1.875, 1.75, 3.47, 2.415], "texture": "#0"}
			}
		},
		{
			"from": [7.41, 10.83, 7.38],
			"to": [8.13, 12.62, 7.64],
			"faces": {
				"north": {"uv": [1.875, 1.75, 3.47, 2.415], "texture": "#0"},
				"east": {"uv": [1.875, 1.75, 3.47, 2.415], "texture": "#0"},
				"south": {"uv": [1.875, 1.75, 3.47, 2.415], "texture": "#0"},
				"west": {"uv": [1.875, 1.75, 3.47, 2.415], "texture": "#0"},
				"up": {"uv": [1.875, 1.75, 3.47, 2.415], "texture": "#0"},
				"down": {"uv": [1.875, 1.75, 3.47, 2.415], "texture": "#0"}
			}
		},
		{
			"from": [7.36, 8.79, 7.38],
			"to": [8.08, 10.83, 7.64],
			"faces": {
				"north": {"uv": [1.875, 1.75, 3.47, 2.415], "texture": "#0"},
				"east": {"uv": [1.875, 1.75, 3.47, 2.415], "texture": "#0"},
				"south": {"uv": [1.875, 1.75, 3.47, 2.415], "texture": "#0"},
				"west": {"uv": [1.875, 1.75, 3.47, 2.415], "texture": "#0"},
				"up": {"uv": [1.875, 1.75, 3.47, 2.415], "texture": "#0"},
				"down": {"uv": [1.875, 1.75, 3.47, 2.415], "texture": "#0"}
			}
		},
		{
			"from": [7.32, 6.79, 7.38],
			"to": [8.04, 8.83, 7.64],
			"faces": {
				"north": {"uv": [1.875, 1.75, 3.47, 2.415], "texture": "#0"},
				"east": {"uv": [1.875, 1.75, 3.47, 2.415], "texture": "#0"},
				"south": {"uv": [1.875, 1.75, 3.47, 2.415], "texture": "#0"},
				"west": {"uv": [1.875, 1.75, 3.47, 2.415], "texture": "#0"},
				"up": {"uv": [1.875, 1.75, 3.47, 2.415], "texture": "#0"},
				"down": {"uv": [1.875, 1.75, 3.47, 2.415], "texture": "#0"}
			}
		},
		{
			"from": [7.29, 4.75, 7.38],
			"to": [8.01, 6.79, 7.64],
			"faces": {
				"north": {"uv": [1.875, 1.75, 3.47, 2.415], "texture": "#0"},
				"east": {"uv": [1.875, 1.75, 3.47, 2.415], "texture": "#0"},
				"south": {"uv": [1.875, 1.75, 3.47, 2.415], "texture": "#0"},
				"west": {"uv": [1.875, 1.75, 3.47, 2.415], "texture": "#0"},
				"up": {"uv": [1.875, 1.75, 3.47, 2.415], "texture": "#0"},
				"down": {"uv": [1.875, 1.75, 3.47, 2.415], "texture": "#0"}
			}
		},
		{
			"from": [7.01, 4.75, 7.46],
			"to": [7.29, 6.79, 7.56],
			"faces": {
				"north": {"uv": [1.875, 1, 3.47, 1.665], "texture": "#0"},
				"east": {"uv": [1.875, 1, 3.47, 1.665], "texture": "#0"},
				"south": {"uv": [1.875, 1, 3.47, 1.665], "texture": "#0"},
				"west": {"uv": [1.875, 1, 3.47, 1.665], "texture": "#0"},
				"up": {"uv": [1.875, 1, 3.47, 1.665], "texture": "#0"},
				"down": {"uv": [1.875, 1, 3.47, 1.665], "texture": "#0"}
			}
		},
		{
			"from": [7.04, 6.79, 7.46],
			"to": [7.32, 8.83, 7.56],
			"faces": {
				"north": {"uv": [1.875, 1, 3.47, 1.665], "texture": "#0"},
				"east": {"uv": [1.875, 1, 3.47, 1.665], "texture": "#0"},
				"south": {"uv": [1.875, 1, 3.47, 1.665], "texture": "#0"},
				"west": {"uv": [1.875, 1, 3.47, 1.665], "texture": "#0"},
				"up": {"uv": [1.875, 1, 3.47, 1.665], "texture": "#0"},
				"down": {"uv": [1.875, 1, 3.47, 1.665], "texture": "#0"}
			}
		},
		{
			"from": [7.08, 8.79, 7.46],
			"to": [7.36, 10.83, 7.56],
			"faces": {
				"north": {"uv": [1.875, 1, 3.47, 1.665], "texture": "#0"},
				"east": {"uv": [1.875, 1, 3.47, 1.665], "texture": "#0"},
				"south": {"uv": [1.875, 1, 3.47, 1.665], "texture": "#0"},
				"west": {"uv": [1.875, 1, 3.47, 1.665], "texture": "#0"},
				"up": {"uv": [1.875, 1, 3.47, 1.665], "texture": "#0"},
				"down": {"uv": [1.875, 1, 3.47, 1.665], "texture": "#0"}
			}
		},
		{
			"from": [7.13, 10.83, 7.46],
			"to": [7.41, 12.62, 7.56],
			"faces": {
				"north": {"uv": [1.875, 1, 3.47, 1.665], "texture": "#0"},
				"east": {"uv": [1.875, 1, 3.47, 1.665], "texture": "#0"},
				"south": {"uv": [1.875, 1, 3.47, 1.665], "texture": "#0"},
				"west": {"uv": [1.875, 1, 3.47, 1.665], "texture": "#0"},
				"up": {"uv": [1.875, 1, 3.47, 1.665], "texture": "#0"},
				"down": {"uv": [1.875, 1, 3.47, 1.665], "texture": "#0"}
			}
		},
		{
			"from": [7.17, 12.6, 7.46],
			"to": [7.45, 13.89, 7.56],
			"faces": {
				"north": {"uv": [1.875, 1, 3.47, 1.665], "texture": "#0"},
				"east": {"uv": [1.875, 1, 3.47, 1.665], "texture": "#0"},
				"south": {"uv": [1.875, 1, 3.47, 1.665], "texture": "#0"},
				"west": {"uv": [1.875, 1, 3.47, 1.665], "texture": "#0"},
				"up": {"uv": [1.875, 1, 3.47, 1.665], "texture": "#0"},
				"down": {"uv": [1.875, 1, 3.47, 1.665], "texture": "#0"}
			}
		},
		{
			"from": [7.21, 13.89, 7.46],
			"to": [7.49, 15.18, 7.56],
			"faces": {
				"north": {"uv": [1.875, 1, 3.47, 1.665], "texture": "#0"},
				"east": {"uv": [1.875, 1, 3.47, 1.665], "texture": "#0"},
				"south": {"uv": [1.875, 1, 3.47, 1.665], "texture": "#0"},
				"west": {"uv": [1.875, 1, 3.47, 1.665], "texture": "#0"},
				"up": {"uv": [1.875, 1, 3.47, 1.665], "texture": "#0"},
				"down": {"uv": [1.875, 1, 3.47, 1.665], "texture": "#0"}
			}
		},
		{
			"from": [7.33, 15.17, 7.46],
			"to": [7.57, 16.02, 7.56],
			"faces": {
				"north": {"uv": [1.875, 1, 3.47, 1.665], "texture": "#0"},
				"east": {"uv": [1.875, 1, 3.47, 1.665], "texture": "#0"},
				"south": {"uv": [1.875, 1, 3.47, 1.665], "texture": "#0"},
				"west": {"uv": [1.875, 1, 3.47, 1.665], "texture": "#0"},
				"up": {"uv": [1.875, 1, 3.47, 1.665], "texture": "#0"},
				"down": {"uv": [1.875, 1, 3.47, 1.665], "texture": "#0"}
			}
		},
		{
			"from": [7.45, 16.01, 7.5],
			"to": [7.69, 16.7, 7.52],
			"faces": {
				"north": {"uv": [1.875, 1, 3.47, 1.665], "texture": "#0"},
				"east": {"uv": [1.875, 1, 3.47, 1.665], "texture": "#0"},
				"south": {"uv": [1.875, 1, 3.47, 1.665], "texture": "#0"},
				"west": {"uv": [1.875, 1, 3.47, 1.665], "texture": "#0"},
				"up": {"uv": [1.875, 1, 3.47, 1.665], "texture": "#0"},
				"down": {"uv": [1.875, 1, 3.47, 1.665], "texture": "#0"}
			}
		},
		{
			"from": [7.53, 16.69, 7.5],
			"to": [7.77, 17.38, 7.52],
			"faces": {
				"north": {"uv": [1.875, 1, 3.47, 1.665], "texture": "#0"},
				"east": {"uv": [1.875, 1, 3.47, 1.665], "texture": "#0"},
				"south": {"uv": [1.875, 1, 3.47, 1.665], "texture": "#0"},
				"west": {"uv": [1.875, 1, 3.47, 1.665], "texture": "#0"},
				"up": {"uv": [1.875, 1, 3.47, 1.665], "texture": "#0"},
				"down": {"uv": [1.875, 1, 3.47, 1.665], "texture": "#0"}
			}
		},
		{
			"from": [7.61, 17.37, 7.5],
			"to": [8.29, 17.66, 7.52],
			"faces": {
				"north": {"uv": [1.875, 1, 3.47, 1.665], "texture": "#0"},
				"east": {"uv": [1.875, 1, 3.47, 1.665], "texture": "#0"},
				"south": {"uv": [1.875, 1, 3.47, 1.665], "texture": "#0"},
				"west": {"uv": [1.875, 1, 3.47, 1.665], "texture": "#0"},
				"up": {"uv": [1.875, 1, 3.47, 1.665], "texture": "#0"},
				"down": {"uv": [1.875, 1, 3.47, 1.665], "texture": "#0"}
			}
		},
		{
			"from": [7.69, 17.65, 7.5],
			"to": [8.13, 17.78, 7.52],
			"faces": {
				"north": {"uv": [1.875, 1, 3.47, 1.665], "texture": "#0"},
				"east": {"uv": [1.875, 1, 3.47, 1.665], "texture": "#0"},
				"south": {"uv": [1.875, 1, 3.47, 1.665], "texture": "#0"},
				"west": {"uv": [1.875, 1, 3.47, 1.665], "texture": "#0"},
				"up": {"uv": [1.875, 1, 3.47, 1.665], "texture": "#0"},
				"down": {"uv": [1.875, 1, 3.47, 1.665], "texture": "#0"}
			}
		},
		{
			"from": [7.29, 15.17, 7.5],
			"to": [7.33, 16.02, 7.52],
			"faces": {
				"north": {"uv": [0, 3.375, 1.345, 3.79], "texture": "#0"},
				"east": {"uv": [0, 3.375, 1.345, 3.79], "texture": "#0"},
				"south": {"uv": [0, 3.375, 1.345, 3.79], "texture": "#0"},
				"west": {"uv": [0, 3.375, 1.345, 3.79], "texture": "#0"},
				"up": {"uv": [0, 3.375, 1.345, 3.79], "texture": "#0"},
				"down": {"uv": [0, 3.375, 1.345, 3.79], "texture": "#0"}
			}
		},
		{
			"from": [7.17, 13.81, 7.5],
			"to": [7.21, 15.18, 7.52],
			"faces": {
				"north": {"uv": [0, 3.375, 1.345, 3.79], "texture": "#0"},
				"east": {"uv": [0, 3.375, 1.345, 3.79], "texture": "#0"},
				"south": {"uv": [0, 3.375, 1.345, 3.79], "texture": "#0"},
				"west": {"uv": [0, 3.375, 1.345, 3.79], "texture": "#0"},
				"up": {"uv": [0, 3.375, 1.345, 3.79], "texture": "#0"},
				"down": {"uv": [0, 3.375, 1.345, 3.79], "texture": "#0"}
			}
		},
		{
			"from": [7.13, 12.6, 7.5],
			"to": [7.17, 13.89, 7.52],
			"faces": {
				"north": {"uv": [0, 3.375, 1.345, 3.79], "texture": "#0"},
				"east": {"uv": [0, 3.375, 1.345, 3.79], "texture": "#0"},
				"south": {"uv": [0, 3.375, 1.345, 3.79], "texture": "#0"},
				"west": {"uv": [0, 3.375, 1.345, 3.79], "texture": "#0"},
				"up": {"uv": [0, 3.375, 1.345, 3.79], "texture": "#0"},
				"down": {"uv": [0, 3.375, 1.345, 3.79], "texture": "#0"}
			}
		},
		{
			"from": [7.09, 10.84, 7.5],
			"to": [7.13, 12.62, 7.52],
			"faces": {
				"north": {"uv": [0, 3.375, 1.345, 3.79], "texture": "#0"},
				"east": {"uv": [0, 3.375, 1.345, 3.79], "texture": "#0"},
				"south": {"uv": [0, 3.375, 1.345, 3.79], "texture": "#0"},
				"west": {"uv": [0, 3.375, 1.345, 3.79], "texture": "#0"},
				"up": {"uv": [0, 3.375, 1.345, 3.79], "texture": "#0"},
				"down": {"uv": [0, 3.375, 1.345, 3.79], "texture": "#0"}
			}
		},
		{
			"from": [7.04, 8.79, 7.5],
			"to": [7.08, 10.83, 7.52],
			"faces": {
				"north": {"uv": [0, 3.375, 1.345, 3.79], "texture": "#0"},
				"east": {"uv": [0, 3.375, 1.345, 3.79], "texture": "#0"},
				"south": {"uv": [0, 3.375, 1.345, 3.79], "texture": "#0"},
				"west": {"uv": [0, 3.375, 1.345, 3.79], "texture": "#0"},
				"up": {"uv": [0, 3.375, 1.345, 3.79], "texture": "#0"},
				"down": {"uv": [0, 3.375, 1.345, 3.79], "texture": "#0"}
			}
		},
		{
			"from": [7, 6.79, 7.5],
			"to": [7.04, 8.83, 7.52],
			"faces": {
				"north": {"uv": [0, 3.375, 1.345, 3.79], "texture": "#0"},
				"east": {"uv": [0, 3.375, 1.345, 3.79], "texture": "#0"},
				"south": {"uv": [0, 3.375, 1.345, 3.79], "texture": "#0"},
				"west": {"uv": [0, 3.375, 1.345, 3.79], "texture": "#0"},
				"up": {"uv": [0, 3.375, 1.345, 3.79], "texture": "#0"},
				"down": {"uv": [0, 3.375, 1.345, 3.79], "texture": "#0"}
			}
		},
		{
			"from": [6.97, 4.75, 7.5],
			"to": [7.01, 6.79, 7.52],
			"faces": {
				"north": {"uv": [0, 3.375, 1.345, 3.79], "texture": "#0"},
				"east": {"uv": [0, 3.375, 1.345, 3.79], "texture": "#0"},
				"south": {"uv": [0, 3.375, 1.345, 3.79], "texture": "#0"},
				"west": {"uv": [0, 3.375, 1.345, 3.79], "texture": "#0"},
				"up": {"uv": [0, 3.375, 1.345, 3.79], "texture": "#0"},
				"down": {"uv": [0, 3.375, 1.345, 3.79], "texture": "#0"}
			}
		},
		{
			"from": [8.01, 4.75, 7.5],
			"to": [8.05, 6.79, 7.52],
			"faces": {
				"north": {"uv": [0, 3.375, 1.345, 3.79], "texture": "#0"},
				"east": {"uv": [0, 3.375, 1.345, 3.79], "texture": "#0"},
				"south": {"uv": [0, 3.375, 1.345, 3.79], "texture": "#0"},
				"west": {"uv": [0, 3.375, 1.345, 3.79], "texture": "#0"},
				"up": {"uv": [0, 3.375, 1.345, 3.79], "texture": "#0"},
				"down": {"uv": [0, 3.375, 1.345, 3.79], "texture": "#0"}
			}
		},
		{
			"from": [8.04, 6.79, 7.5],
			"to": [8.08, 8.83, 7.52],
			"faces": {
				"north": {"uv": [0, 3.375, 1.345, 3.79], "texture": "#0"},
				"east": {"uv": [0, 3.375, 1.345, 3.79], "texture": "#0"},
				"south": {"uv": [0, 3.375, 1.345, 3.79], "texture": "#0"},
				"west": {"uv": [0, 3.375, 1.345, 3.79], "texture": "#0"},
				"up": {"uv": [0, 3.375, 1.345, 3.79], "texture": "#0"},
				"down": {"uv": [0, 3.375, 1.345, 3.79], "texture": "#0"}
			}
		},
		{
			"from": [8.08, 8.79, 7.5],
			"to": [8.12, 10.83, 7.52],
			"faces": {
				"north": {"uv": [0, 3.375, 1.345, 3.79], "texture": "#0"},
				"east": {"uv": [0, 3.375, 1.345, 3.79], "texture": "#0"},
				"south": {"uv": [0, 3.375, 1.345, 3.79], "texture": "#0"},
				"west": {"uv": [0, 3.375, 1.345, 3.79], "texture": "#0"},
				"up": {"uv": [0, 3.375, 1.345, 3.79], "texture": "#0"},
				"down": {"uv": [0, 3.375, 1.345, 3.79], "texture": "#0"}
			}
		},
		{
			"from": [8.13, 10.84, 7.5],
			"to": [8.17, 12.62, 7.52],
			"faces": {
				"north": {"uv": [0, 3.375, 1.345, 3.79], "texture": "#0"},
				"east": {"uv": [0, 3.375, 1.345, 3.79], "texture": "#0"},
				"south": {"uv": [0, 3.375, 1.345, 3.79], "texture": "#0"},
				"west": {"uv": [0, 3.375, 1.345, 3.79], "texture": "#0"},
				"up": {"uv": [0, 3.375, 1.345, 3.79], "texture": "#0"},
				"down": {"uv": [0, 3.375, 1.345, 3.79], "texture": "#0"}
			}
		},
		{
			"from": [8.17, 12.6, 7.5],
			"to": [8.21, 13.89, 7.52],
			"faces": {
				"north": {"uv": [0, 3.375, 1.345, 3.79], "texture": "#0"},
				"east": {"uv": [0, 3.375, 1.345, 3.79], "texture": "#0"},
				"south": {"uv": [0, 3.375, 1.345, 3.79], "texture": "#0"},
				"west": {"uv": [0, 3.375, 1.345, 3.79], "texture": "#0"},
				"up": {"uv": [0, 3.375, 1.345, 3.79], "texture": "#0"},
				"down": {"uv": [0, 3.375, 1.345, 3.79], "texture": "#0"}
			}
		},
		{
			"from": [8.21, 13.89, 7.5],
			"to": [8.25, 15.18, 7.52],
			"faces": {
				"north": {"uv": [0, 3.375, 1.345, 3.79], "texture": "#0"},
				"east": {"uv": [0, 3.375, 1.345, 3.79], "texture": "#0"},
				"south": {"uv": [0, 3.375, 1.345, 3.79], "texture": "#0"},
				"west": {"uv": [0, 3.375, 1.345, 3.79], "texture": "#0"},
				"up": {"uv": [0, 3.375, 1.345, 3.79], "texture": "#0"},
				"down": {"uv": [0, 3.375, 1.345, 3.79], "texture": "#0"}
			}
		},
		{
			"from": [8.25, 15.17, 7.5],
			"to": [8.29, 16.02, 7.52],
			"faces": {
				"north": {"uv": [0, 3.375, 1.345, 3.79], "texture": "#0"},
				"east": {"uv": [0, 3.375, 1.345, 3.79], "texture": "#0"},
				"south": {"uv": [0, 3.375, 1.345, 3.79], "texture": "#0"},
				"west": {"uv": [0, 3.375, 1.345, 3.79], "texture": "#0"},
				"up": {"uv": [0, 3.375, 1.345, 3.79], "texture": "#0"},
				"down": {"uv": [0, 3.375, 1.345, 3.79], "texture": "#0"}
			}
		},
		{
			"from": [8.29, 16.01, 7.5],
			"to": [8.33, 16.7, 7.52],
			"faces": {
				"north": {"uv": [0, 3.375, 1.345, 3.79], "texture": "#0"},
				"east": {"uv": [0, 3.375, 1.345, 3.79], "texture": "#0"},
				"south": {"uv": [0, 3.375, 1.345, 3.79], "texture": "#0"},
				"west": {"uv": [0, 3.375, 1.345, 3.79], "texture": "#0"},
				"up": {"uv": [0, 3.375, 1.345, 3.79], "texture": "#0"},
				"down": {"uv": [0, 3.375, 1.345, 3.79], "texture": "#0"}
			}
		},
		{
			"from": [8.37, 16.69, 7.5],
			"to": [8.41, 17.38, 7.52],
			"faces": {
				"north": {"uv": [0, 3.375, 1.345, 3.79], "texture": "#0"},
				"east": {"uv": [0, 3.375, 1.345, 3.79], "texture": "#0"},
				"south": {"uv": [0, 3.375, 1.345, 3.79], "texture": "#0"},
				"west": {"uv": [0, 3.375, 1.345, 3.79], "texture": "#0"},
				"up": {"uv": [0, 3.375, 1.345, 3.79], "texture": "#0"},
				"down": {"uv": [0, 3.375, 1.345, 3.79], "texture": "#0"}
			}
		}
	],
	"display": {
		"thirdperson_righthand": {
			"rotation": [0, -90, 0],
			"translation": [-0.25, 5.25, 1],
			"scale": [1.2, 1.2, 1.2]
		},
		"thirdperson_lefthand": {
			"rotation": [0, 90, 0],
			"translation": [-0.25, 5.25, 1],
			"scale": [1.2, 1.2, 1.2]
		},
		"firstperson_righthand": {
			"rotation": [0, -90, 34],
			"translation": [0.75, 4.75, 0],
			"scale": [0.7, 0.7, 0.7]
		},
		"firstperson_lefthand": {
			"rotation": [0, 90, -34],
			"translation": [0.75, 4.5, 0],
			"scale": [0.7, 0.7, 0.7]
		},
		"ground": {
			"translation": [0, 3.5, 0],
			"scale": [0.5, 0.5, 0.5]
		},
		"gui": {
			"rotation": [0, -33, 51],
			"translation": [0.5, -0.25, 0],
			"scale": [1.3, 1.3, 1.3]
		},
		"head": {
			"rotation": [0, 0, 132],
			"translation": [-0.5, 9, -1.25],
			"scale": [1.5, 1.5, 1.5]
		},
		"fixed": {
			"translation": [1.25, -1, 0]
		}
	},
	"groups": [0, 1, 2, 3, 4, 5, 6, 7, 8, 9, 10, 11, 12, 13, 14, 15, 16, 17, 18,
		{
			"name": "лезвия первый ряд",
			"origin": [8, 8, 8],
			"children": [19, 20, 21, 22, 23, 24, 25, 26, 27]
		},
		{
			"name": "второй ряд",
			"origin": [8, 8, 8],
			"children": [28, 29, 30, 31, 32, 33, 34, 35, 36, 37, 38]
		},
		{
			"name": "третий ряд",
			"origin": [8, 8, 8],
			"children": [39, 40, 41, 42, 43, 44, 45, 46, 47, 48, 49, 50, 51, 52, 53, 54]
		}
	]
}