{
	"credit": "quiktori",
	"textures": {
		"2": "items/hats/doggy",
		"particle": "items/hats/doggy"
	},
	"elements": [
		{
			"from": [9.95, 0, -0.875],
			"to": [11.95, 1, 2.125],
			"rotation": {"angle": 0, "axis": "y", "origin": [7.95, 8, 7.125]},
			"faces": {
				"north": {"uv": [8.25, 6.75, 8.75, 7], "texture": "#2"},
				"east": {"uv": [7.5, 6.75, 8.25, 7], "texture": "#2"},
				"south": {"uv": [9.5, 6.75, 10, 7], "texture": "#2"},
				"west": {"uv": [8.75, 6.75, 9.5, 7], "texture": "#2"},
				"up": {"uv": [8.75, 6.75, 8.25, 6], "texture": "#2"},
				"down": {"uv": [9.25, 6, 8.75, 6.75], "texture": "#2"}
			}
		},
		{
			"from": [9.95, 0, 1.125],
			"to": [11.95, 8, 3.125],
			"rotation": {"angle": 0, "axis": "x", "origin": [7.95, 9, 7.125]},
			"faces": {
				"north": {"uv": [4, 11.75, 4.5, 13.75], "texture": "#2"},
				"east": {"uv": [3.5, 11.75, 4, 13.75], "texture": "#2"},
				"south": {"uv": [5, 11.75, 5.5, 13.75], "texture": "#2"},
				"west": {"uv": [4.5, 11.75, 5, 13.75], "texture": "#2"},
				"up": {"uv": [4.5, 11.75, 4, 11.25], "texture": "#2"},
				"down": {"uv": [5, 11.25, 4.5, 11.75], "texture": "#2"}
			}
		},
		{
			"from": [9.96, 3.4047, 2.93674],
			"to": [11.94, 5.3847, 4.16674],
			"rotation": {"angle": -22.5, "axis": "x", "origin": [7.95, -0.3553, -2.07326]},
			"faces": {
				"north": {"uv": [7.75, 1.75, 8.25, 2.25], "texture": "#2"},
				"east": {"uv": [7.5, 1.75, 7.75, 2.25], "texture": "#2"},
				"south": {"uv": [8.5, 1.75, 9, 2.25], "texture": "#2"},
				"west": {"uv": [8.25, 1.75, 8.5, 2.25], "texture": "#2"},
				"up": {"uv": [8.25, 1.75, 7.75, 1.5], "texture": "#2"},
				"down": {"uv": [8.75, 1.5, 8.25, 1.75], "texture": "#2"}
			}
		},
		{
			"from": [9.96, 10.00079, 0.66488],
			"to": [11.94, 16.48079, 3.64488],
			"rotation": {"angle": -22.5, "axis": "x", "origin": [7.95, 7.66345, 8.39413]},
			"faces": {
				"north": {"uv": [0.75, 5, 1.25, 6.5], "texture": "#2"},
				"east": {"uv": [0, 5, 0.75, 6.5], "texture": "#2"},
				"south": {"uv": [2, 5, 2.5, 6.5], "texture": "#2"},
				"west": {"uv": [1.25, 5, 2, 6.5], "texture": "#2"},
				"up": {"uv": [1.25, 5, 0.75, 4.25], "texture": "#2"},
				"down": {"uv": [1.75, 4.25, 1.25, 5], "texture": "#2"}
			}
		},
		{
			"from": [9.95, 8, 0.625],
			"to": [11.95, 14, 3.125],
			"rotation": {"angle": 0, "axis": "x", "origin": [7.95, 5.67266, 7.86425]},
			"faces": {
				"north": {"uv": [0.5, 0.5, 1, 2], "texture": "#2"},
				"east": {"uv": [0, 0.5, 0.5, 2], "texture": "#2"},
				"south": {"uv": [1.5, 0.5, 2, 2], "texture": "#2"},
				"west": {"uv": [1, 0.5, 1.5, 2], "texture": "#2"},
				"up": {"uv": [1, 0.5, 0.5, 0], "texture": "#2"},
				"down": {"uv": [1.5, 0, 1, 0.5], "texture": "#2"}
			}
		},
		{
			"from": [9.975, 0, 12.95],
			"to": [11.975, 1, 15.95],
			"rotation": {"angle": 0, "axis": "y", "origin": [7.975, 8, 9.95]},
			"faces": {
				"north": {"uv": [13.25, 4.75, 13.75, 5], "texture": "#2"},
				"east": {"uv": [12.5, 4.75, 13.25, 5], "texture": "#2"},
				"south": {"uv": [14.5, 4.75, 15, 5], "texture": "#2"},
				"west": {"uv": [13.75, 4.75, 14.5, 5], "texture": "#2"},
				"up": {"uv": [13.75, 4.75, 13.25, 4], "texture": "#2"},
				"down": {"uv": [14.25, 4, 13.75, 4.75], "texture": "#2"}
			}
		},
		{
			"from": [9.975, 1, 14.45],
			"to": [11.975, 5, 15.95],
			"rotation": {"angle": 0, "axis": "y", "origin": [7.975, 8, 8.95]},
			"faces": {
				"north": {"uv": [13, 8, 13.5, 9], "texture": "#2"},
				"east": {"uv": [12.75, 8, 13, 9], "texture": "#2"},
				"south": {"uv": [13.75, 8, 14.25, 9], "texture": "#2"},
				"west": {"uv": [13.5, 8, 13.75, 9], "texture": "#2"},
				"up": {"uv": [13.5, 8, 13, 7.75], "texture": "#2"},
				"down": {"uv": [14, 7.75, 13.5, 8], "texture": "#2"}
			}
		},
		{
			"from": [9.985, -2.19711, 11.56051],
			"to": [11.965, 2.78289, 13.54051],
			"rotation": {"angle": -45, "axis": "x", "origin": [7.975, 4.29289, 6.05051]},
			"faces": {
				"north": {"uv": [0.5, 13, 1, 14.25], "texture": "#2"},
				"east": {"uv": [0, 13, 0.5, 14.25], "texture": "#2"},
				"south": {"uv": [1.5, 13, 2, 14.25], "texture": "#2"},
				"west": {"uv": [1, 13, 1.5, 14.25], "texture": "#2"},
				"up": {"uv": [1, 13, 0.5, 12.5], "texture": "#2"},
				"down": {"uv": [1.5, 12.5, 1, 13], "texture": "#2"}
			}
		},
		{
			"from": [9.975, 7.12132, 11.00025],
			"to": [11.975, 14.12132, 16.00025],
			"rotation": {"angle": 0, "axis": "x", "origin": [7.975, 4.12132, 7.00025]},
			"faces": {
				"north": {"uv": [1.25, 9.5, 1.75, 11.25], "texture": "#2"},
				"east": {"uv": [0, 9.5, 1.25, 11.25], "texture": "#2"},
				"south": {"uv": [3, 9.5, 3.5, 11.25], "texture": "#2"},
				"west": {"uv": [1.75, 9.5, 3, 11.25], "texture": "#2"},
				"up": {"uv": [1.75, 9.5, 1.25, 8.25], "texture": "#2"},
				"down": {"uv": [2.25, 8.25, 1.75, 9.5], "texture": "#2"}
			}
		},
		{
			"from": [9.995, 5.91632, 13.02025],
			"to": [11.955, 8.87632, 14.98025],
			"rotation": {"angle": 0, "axis": "x", "origin": [7.975, 4.12132, 8.00025]},
			"faces": {
				"north": {"uv": [2.75, 8.75, 3.25, 9.5], "texture": "#2"},
				"east": {"uv": [2.25, 8.75, 2.75, 9.5], "texture": "#2"},
				"south": {"uv": [3.75, 8.75, 4.25, 9.5], "texture": "#2"},
				"west": {"uv": [3.25, 8.75, 3.75, 9.5], "texture": "#2"},
				"up": {"uv": [3.25, 8.75, 2.75, 8.25], "texture": "#2"},
				"down": {"uv": [3.75, 8.25, 3.25, 8.75], "texture": "#2"}
			}
		},
		{
			"name": "cube4",
			"from": [5, 15.75, -5],
			"to": [11, 21.75, 0],
			"rotation": {"angle": 0, "axis": "x", "origin": [8.5, 13, 7]},
			"faces": {
				"north": {"uv": [7.5, 8.25, 9, 9.75], "texture": "#2"},
				"east": {"uv": [6.25, 8.25, 7.5, 9.75], "texture": "#2"},
				"south": {"uv": [10.25, 8.25, 11.75, 9.75], "texture": "#2"},
				"west": {"uv": [9, 8.25, 10.25, 9.75], "texture": "#2"},
				"up": {"uv": [9, 8.25, 7.5, 7], "texture": "#2"},
				"down": {"uv": [10.5, 7, 9, 8.25], "texture": "#2"}
			}
		},
		{
			"name": "cube5",
			"from": [9.25, 19.25, -2.5],
			"to": [11.75, 24.25, -1.5],
			"rotation": {"angle": -22.5, "axis": "z", "origin": [10.75, 22.75, -2]},
			"faces": {
				"north": {"uv": [2.25, 12.75, 2.75, 14], "texture": "#2"},
				"east": {"uv": [2, 12.75, 2.25, 14], "texture": "#2"},
				"south": {"uv": [3, 12.75, 3.5, 14], "texture": "#2"},
				"west": {"uv": [2.75, 12.75, 3, 14], "texture": "#2"},
				"up": {"uv": [2.75, 12.75, 2.25, 12.5], "texture": "#2"},
				"down": {"uv": [3.25, 12.5, 2.75, 12.75], "texture": "#2"}
			}
		},
		{
			"name": "cube6",
			"from": [4.25, 19.25, -2.5],
			"to": [6.75, 24.25, -1.5],
			"shade": false,
			"rotation": {"angle": 22.5, "axis": "z", "origin": [5.25, 22.75, -2]},
			"faces": {
				"north": {"uv": [2.75, 12.75, 2.25, 14], "texture": "#2"},
				"east": {"uv": [3, 12.75, 2.75, 14], "texture": "#2"},
				"south": {"uv": [3.5, 12.75, 3, 14], "texture": "#2"},
				"west": {"uv": [2.25, 12.75, 2, 14], "texture": "#2"},
				"up": {"uv": [2.25, 12.75, 2.75, 12.5], "texture": "#2"},
				"down": {"uv": [2.75, 12.5, 3.25, 12.75], "texture": "#2"}
			}
		},
		{
			"name": "cube5",
			"from": [6, 14.02165, -1.66165],
			"to": [10, 20.02165, 1.33835],
			"rotation": {"angle": -22.5, "axis": "x", "origin": [8, 17.02165, -1.16165]},
			"faces": {
				"north": {"uv": [7.75, 10.5, 8.75, 12], "texture": "#2"},
				"east": {"uv": [7, 10.5, 7.75, 12], "texture": "#2"},
				"south": {"uv": [9.5, 10.5, 10.5, 12], "texture": "#2"},
				"west": {"uv": [8.75, 10.5, 9.5, 12], "texture": "#2"},
				"up": {"uv": [8.75, 10.5, 7.75, 9.75], "texture": "#2"},
				"down": {"uv": [9.75, 9.75, 8.75, 10.5], "texture": "#2"}
			}
		},
		{
			"name": "cube6",
			"from": [6, 10.93507, -3.04225],
			"to": [10, 16.93507, -0.04225],
			"rotation": {"angle": -22.5, "axis": "x", "origin": [8, 13.93507, -0.54225]},
			"faces": {
				"north": {"uv": [4.25, 9.75, 5.25, 11.25], "texture": "#2"},
				"east": {"uv": [3.5, 9.75, 4.25, 11.25], "texture": "#2"},
				"south": {"uv": [6, 9.75, 7, 11.25], "texture": "#2"},
				"west": {"uv": [5.25, 9.75, 6, 11.25], "texture": "#2"},
				"up": {"uv": [5.25, 9.75, 4.25, 9], "texture": "#2"},
				"down": {"uv": [6.25, 9, 5.25, 9.75], "texture": "#2"}
			}
		},
		{
			"name": "cube5",
			"from": [4.5, 16.75, -4],
			"to": [11.5, 19.75, -1],
			"rotation": {"angle": 0, "axis": "y", "origin": [9, 17.75, 0]},
			"faces": {
				"north": {"uv": [6.25, 0.75, 8, 1.5], "texture": "#2"},
				"east": {"uv": [5.5, 0.75, 6.25, 1.5], "texture": "#2"},
				"south": {"uv": [8.75, 0.75, 10.5, 1.5], "texture": "#2"},
				"west": {"uv": [8, 0.75, 8.75, 1.5], "texture": "#2"},
				"up": {"uv": [8, 0.75, 6.25, 0], "texture": "#2"},
				"down": {"uv": [9.75, 0, 8, 0.75], "texture": "#2"}
			}
		},
		{
			"name": "cube7",
			"from": [7, 18.75, -8],
			"to": [9, 19.75, -3],
			"rotation": {"angle": 0, "axis": "y", "origin": [8.5, 12, 7]},
			"faces": {
				"north": {"uv": [11.75, 9.75, 12.25, 10], "texture": "#2"},
				"east": {"uv": [10.5, 9.75, 11.75, 10], "texture": "#2"},
				"south": {"uv": [13.5, 9.75, 14, 10], "texture": "#2"},
				"west": {"uv": [12.25, 9.75, 13.5, 10], "texture": "#2"},
				"up": {"uv": [12.25, 9.75, 11.75, 8.5], "texture": "#2"},
				"down": {"uv": [12.75, 8.5, 12.25, 9.75], "texture": "#2"}
			}
		},
		{
			"name": "cube7",
			"from": [7.25, 19, -8.25],
			"to": [8.75, 19.5, -7.75],
			"rotation": {"angle": 0, "axis": "y", "origin": [8.5, 12.25, 8.75]},
			"faces": {
				"north": {"uv": [5.75, 1.75, 6.25, 2], "texture": "#2"},
				"east": {"uv": [5.5, 1.75, 5.75, 2], "texture": "#2"},
				"south": {"uv": [6.5, 1.75, 7, 2], "texture": "#2"},
				"west": {"uv": [6.25, 1.75, 6.5, 2], "texture": "#2"},
				"up": {"uv": [6.25, 1.75, 5.75, 1.5], "texture": "#2"},
				"down": {"uv": [6.75, 1.5, 6.25, 1.75], "texture": "#2"}
			}
		},
		{
			"name": "cube5",
			"from": [6.5, 17.25, -7.5],
			"to": [9.5, 18.25, -2.5],
			"rotation": {"angle": -22.5, "axis": "x", "origin": [9, 16.5, -3.25]},
			"faces": {
				"north": {"uv": [10.5, 1.5, 11.25, 1.75], "texture": "#2"},
				"east": {"uv": [9.25, 1.5, 10.5, 1.75], "texture": "#2"},
				"south": {"uv": [12.5, 1.5, 13.25, 1.75], "texture": "#2"},
				"west": {"uv": [11.25, 1.5, 12.5, 1.75], "texture": "#2"},
				"up": {"uv": [11.25, 1.5, 10.5, 0.25], "texture": "#2"},
				"down": {"uv": [12, 0.25, 11.25, 1.5], "texture": "#2"}
			}
		},
		{
			"name": "cube6",
			"from": [6.8, 17.55, -7.45],
			"to": [9.2, 17.95, -4.05],
			"rotation": {"angle": -22.5, "axis": "x", "origin": [9, 16.5, -4.5]},
			"faces": {
				"north": {"uv": [1, 12.25, 1.75, 12.5], "texture": "#2"},
				"east": {"uv": [0, 12.25, 1, 12.5], "texture": "#2"},
				"south": {"uv": [2.75, 12.25, 3.5, 12.5], "texture": "#2"},
				"west": {"uv": [1.75, 12.25, 2.75, 12.5], "texture": "#2"},
				"up": {"uv": [1.75, 12.25, 1, 11.25], "texture": "#2"},
				"down": {"uv": [2.5, 11.25, 1.75, 12.25], "texture": "#2"}
			}
		},
		{
			"name": "cube7",
			"from": [6.8, 16.41721, -8.02323],
			"to": [9.2, 16.81721, -6.62323],
			"rotation": {"angle": -45, "axis": "x", "origin": [9, 15.36721, -7.07323]},
			"faces": {
				"north": {"uv": [5.5, 6.5, 6.25, 6.75], "texture": "#2"},
				"east": {"uv": [5, 6.5, 5.5, 6.75], "texture": "#2"},
				"south": {"uv": [6.75, 6.5, 7.5, 6.75], "texture": "#2"},
				"west": {"uv": [6.25, 6.5, 6.75, 6.75], "texture": "#2"},
				"up": {"uv": [6.25, 6.5, 5.5, 6], "texture": "#2"},
				"down": {"uv": [7, 6, 6.25, 6.5], "texture": "#2"}
			}
		},
		{
			"name": "cube8",
			"from": [7.3, 14.80012, -9.05287],
			"to": [8.7, 15.20012, -8.65287],
			"rotation": {"angle": 22.5, "axis": "x", "origin": [9.5, 14.75012, -7.60287]},
			"faces": {
				"north": {"uv": [9.25, 2, 9.75, 2.25], "texture": "#2"},
				"east": {"uv": [9, 2, 9.25, 2.25], "texture": "#2"},
				"south": {"uv": [10, 2, 10.5, 2.25], "texture": "#2"},
				"west": {"uv": [9.75, 2, 10, 2.25], "texture": "#2"},
				"up": {"uv": [9.75, 2, 9.25, 1.75], "texture": "#2"},
				"down": {"uv": [10.25, 1.75, 9.75, 2], "texture": "#2"}
			}
		},
		{
			"name": "cube6",
			"from": [6.5, 17.75, -8],
			"to": [9.5, 18.75, -3],
			"rotation": {"angle": 0, "axis": "y", "origin": [9, 12, 7]},
			"faces": {
				"north": {"uv": [11.75, 11.75, 12.5, 12], "texture": "#2"},
				"east": {"uv": [10.5, 11.75, 11.75, 12], "texture": "#2"},
				"south": {"uv": [13.75, 11.75, 14.5, 12], "texture": "#2"},
				"west": {"uv": [12.5, 11.75, 13.75, 12], "texture": "#2"},
				"up": {"uv": [12.5, 11.75, 11.75, 10.5], "texture": "#2"},
				"down": {"uv": [13.25, 10.5, 12.5, 11.75], "texture": "#2"}
			}
		},
		{
			"name": "cube8",
			"from": [7.75, 18.5, -8.25],
			"to": [8.25, 19, -7.75],
			"rotation": {"angle": 0, "axis": "y", "origin": [8.5, 12.25, 8.75]},
			"faces": {
				"north": {"uv": [7.25, 6.25, 7.5, 6.5], "texture": "#2"},
				"east": {"uv": [7, 6.25, 7.25, 6.5], "texture": "#2"},
				"south": {"uv": [7.75, 6.25, 8, 6.5], "texture": "#2"},
				"west": {"uv": [7.5, 6.25, 7.75, 6.5], "texture": "#2"},
				"up": {"uv": [7.5, 6.25, 7.25, 6], "texture": "#2"},
				"down": {"uv": [7.75, 6, 7.5, 6.25], "texture": "#2"}
			}
		},
		{
			"name": "cube3",
			"from": [5.5, 9.75, -3],
			"to": [10.5, 15.75, 7],
			"faces": {
				"north": {"uv": [2.5, 6.75, 3.75, 8.25], "texture": "#2"},
				"east": {"uv": [0, 6.75, 2.5, 8.25], "texture": "#2"},
				"south": {"uv": [6.25, 6.75, 7.5, 8.25], "texture": "#2"},
				"west": {"uv": [3.75, 6.75, 6.25, 8.25], "texture": "#2"},
				"up": {"uv": [3.75, 6.75, 2.5, 4.25], "texture": "#2"},
				"down": {"uv": [5, 4.25, 3.75, 6.75], "texture": "#2"}
			}
		},
		{
			"name": "cube4",
			"from": [4.5, 7.75, -1],
			"to": [11.5, 16.75, 7],
			"faces": {
				"north": {"uv": [2, 2, 3.75, 4.25], "texture": "#2"},
				"east": {"uv": [0, 2, 2, 4.25], "texture": "#2"},
				"south": {"uv": [5.75, 2, 7.5, 4.25], "texture": "#2"},
				"west": {"uv": [3.75, 2, 5.75, 4.25], "texture": "#2"},
				"up": {"uv": [3.75, 2, 2, 0], "texture": "#2"},
				"down": {"uv": [5.5, 0, 3.75, 2], "texture": "#2"}
			}
		},
		{
			"name": "cube4",
			"from": [5, 9.5, 7],
			"to": [11, 16.5, 15],
			"faces": {
				"north": {"uv": [7.5, 4.25, 9, 6], "texture": "#2"},
				"east": {"uv": [5.5, 4.25, 7.5, 6], "texture": "#2"},
				"south": {"uv": [11, 4.25, 12.5, 6], "texture": "#2"},
				"west": {"uv": [9, 4.25, 11, 6], "texture": "#2"},
				"up": {"uv": [9, 4.25, 7.5, 2.25], "texture": "#2"},
				"down": {"uv": [10.5, 2.25, 9, 4.25], "texture": "#2"}
			}
		},
		{
			"name": "cube7",
			"from": [6.5, 13.92787, 14.32085],
			"to": [9.5, 15.92787, 18.32085],
			"rotation": {"angle": 0, "axis": "x", "origin": [8, 13.43692, 19.89774]},
			"faces": {
				"north": {"uv": [11.75, 12.75, 12.5, 13.25], "texture": "#2"},
				"east": {"uv": [11, 12.75, 11.75, 13.25], "texture": "#2"},
				"south": {"uv": [13.25, 12.75, 14, 13.25], "texture": "#2"},
				"west": {"uv": [12.5, 12.75, 13.25, 13.25], "texture": "#2"},
				"up": {"uv": [12.5, 12.75, 11.75, 12], "texture": "#2"},
				"down": {"uv": [13.25, 12, 12.5, 12.75], "texture": "#2"}
			}
		},
		{
			"name": "cube8",
			"from": [6.52, 14.82411, 18.02637],
			"to": [9.5, 16.80411, 21.00637],
			"rotation": {"angle": -22.5, "axis": "x", "origin": [8.01, 15.11622, 20.42647]},
			"faces": {
				"north": {"uv": [13.25, 0.5, 12.5, 0], "rotation": 180, "texture": "#2"},
				"east": {"uv": [12, 0.5, 12.5, 1.25], "rotation": 90, "texture": "#2"},
				"south": {"uv": [14, 0, 13.25, 0.5], "texture": "#2"},
				"west": {"uv": [13.25, 0.5, 13.75, 1.25], "rotation": 270, "texture": "#2"},
				"up": {"uv": [13.75, 0.5, 14.5, 1.25], "texture": "#2"},
				"down": {"uv": [12.5, 0.5, 13.25, 1.25], "rotation": 180, "texture": "#2"}
			}
		},
		{
			"name": "cube9",
			"from": [7.002, 14.53108, 17.94218],
			"to": [9, 17.27908, 20.69018],
			"rotation": {"angle": -22.5, "axis": "x", "origin": [8.001, 15.15988, 20.46755]},
			"faces": {
				"north": {"uv": [7, 12.75, 6.25, 12], "rotation": 180, "texture": "#2"},
				"east": {"uv": [5.5, 12.75, 6.25, 13.5], "rotation": 90, "texture": "#2"},
				"south": {"uv": [7.75, 12, 7, 12.75], "texture": "#2"},
				"west": {"uv": [7, 12.75, 7.75, 13.5], "rotation": 270, "texture": "#2"},
				"up": {"uv": [7.75, 12.75, 8.5, 13.5], "texture": "#2"},
				"down": {"uv": [6.25, 12.75, 7, 13.5], "rotation": 180, "texture": "#2"}
			}
		},
		{
			"name": "cube10",
			"from": [7, 13.61253, 14.62504],
			"to": [9, 16.36253, 18.37504],
			"rotation": {"angle": 0, "axis": "x", "origin": [8, 13.43692, 19.89774]},
			"faces": {
				"north": {"uv": [11.5, 7, 12.25, 7.75], "texture": "#2"},
				"east": {"uv": [10.5, 7, 11.5, 7.75], "texture": "#2"},
				"south": {"uv": [13.25, 7, 14, 7.75], "texture": "#2"},
				"west": {"uv": [12.25, 7, 13.25, 7.75], "texture": "#2"},
				"up": {"uv": [12.25, 7, 11.5, 6], "texture": "#2"},
				"down": {"uv": [13, 6, 12.25, 7.125], "texture": "#2"}
			}
		},
		{
			"name": "cube9",
			"from": [7, 20.33216, 19.35335],
			"to": [9, 21.33216, 21.10335],
			"rotation": {"angle": 45, "axis": "x", "origin": [8, 15.93692, 20.64774]},
			"faces": {
				"north": {"uv": [4.75, 8.5, 5.25, 8.75], "rotation": 180, "texture": "#2"},
				"east": {"uv": [3.75, 8.5, 4, 8.75], "rotation": 180, "texture": "#2"},
				"south": {"uv": [4, 8.5, 4.5, 8.75], "rotation": 180, "texture": "#2"},
				"west": {"uv": [4.5, 8.5, 4.75, 8.75], "rotation": 180, "texture": "#2"},
				"up": {"uv": [5, 8.25, 4.5, 8.5], "texture": "#2"},
				"down": {"uv": [4.5, 8.5, 4, 8.25], "texture": "#2"}
			}
		},
		{
			"name": "cube10",
			"from": [6.5, 15.3851, 20.73779],
			"to": [9.5, 17.3851, 25.73779],
			"rotation": {"angle": -45, "axis": "x", "origin": [8, 15.59071, 20.84255]},
			"faces": {
				"north": {"uv": [9.75, 12.5, 9, 12], "rotation": 180, "texture": "#2"},
				"east": {"uv": [8.5, 12.5, 9, 13.75], "rotation": 90, "texture": "#2"},
				"south": {"uv": [10.5, 12, 9.75, 12.5], "texture": "#2"},
				"west": {"uv": [9.75, 12.5, 10.25, 13.75], "rotation": 270, "texture": "#2"},
				"up": {"uv": [10.25, 12.5, 11, 13.75], "texture": "#2"},
				"down": {"uv": [9, 12.5, 9.75, 13.75], "rotation": 180, "texture": "#2"}
			}
		},
		{
			"name": "cube11",
			"from": [7, 14.8851, 20.23779],
			"to": [9, 17.6351, 25.23779],
			"rotation": {"angle": -45, "axis": "x", "origin": [8, 15.59071, 20.84255]},
			"faces": {
				"north": {"uv": [12, 2.5, 11.25, 1.75], "rotation": 180, "texture": "#2"},
				"east": {"uv": [10.5, 2.5, 11.25, 4], "rotation": 90, "texture": "#2"},
				"south": {"uv": [12.75, 1.75, 12, 2.5], "texture": "#2"},
				"west": {"uv": [12, 2.5, 12.75, 4], "rotation": 270, "texture": "#2"},
				"up": {"uv": [12.75, 2.5, 13.5, 4], "texture": "#2"},
				"down": {"uv": [11.25, 2.5, 12, 4], "rotation": 180, "texture": "#2"}
			}
		},
		{
			"from": [4.05, 0, -0.875],
			"to": [6.05, 1, 2.125],
			"shade": false,
			"rotation": {"angle": 0, "axis": "y", "origin": [8.05, 8, 7.125]},
			"faces": {
				"north": {"uv": [8.75, 6.75, 8.25, 7], "texture": "#2"},
				"east": {"uv": [9.5, 6.75, 8.75, 7], "texture": "#2"},
				"south": {"uv": [10, 6.75, 9.5, 7], "texture": "#2"},
				"west": {"uv": [8.25, 6.75, 7.5, 7], "texture": "#2"},
				"up": {"uv": [8.25, 6.75, 8.75, 6], "texture": "#2"},
				"down": {"uv": [8.75, 6, 9.25, 6.75], "texture": "#2"}
			}
		},
		{
			"from": [4.05, 0, 1.125],
			"to": [6.05, 8, 3.125],
			"shade": false,
			"rotation": {"angle": 0, "axis": "x", "origin": [8.05, 9, 7.125]},
			"faces": {
				"north": {"uv": [4.5, 11.75, 4, 13.75], "texture": "#2"},
				"east": {"uv": [5, 11.75, 4.5, 13.75], "texture": "#2"},
				"south": {"uv": [5.5, 11.75, 5, 13.75], "texture": "#2"},
				"west": {"uv": [4, 11.75, 3.5, 13.75], "texture": "#2"},
				"up": {"uv": [4, 11.75, 4.5, 11.25], "texture": "#2"},
				"down": {"uv": [4.5, 11.25, 5, 11.75], "texture": "#2"}
			}
		},
		{
			"from": [4.06, 3.4047, 2.93674],
			"to": [6.04, 5.3847, 4.16674],
			"shade": false,
			"rotation": {"angle": -22.5, "axis": "x", "origin": [8.05, -0.3553, -2.07326]},
			"faces": {
				"north": {"uv": [8.25, 1.75, 7.75, 2.25], "texture": "#2"},
				"east": {"uv": [8.5, 1.75, 8.25, 2.25], "texture": "#2"},
				"south": {"uv": [9, 1.75, 8.5, 2.25], "texture": "#2"},
				"west": {"uv": [7.75, 1.75, 7.5, 2.25], "texture": "#2"},
				"up": {"uv": [7.75, 1.75, 8.25, 1.5], "texture": "#2"},
				"down": {"uv": [8.25, 1.5, 8.75, 1.75], "texture": "#2"}
			}
		},
		{
			"from": [4.06, 10.00079, 0.66488],
			"to": [6.04, 16.48079, 3.64488],
			"shade": false,
			"rotation": {"angle": -22.5, "axis": "x", "origin": [8.05, 7.66345, 8.39413]},
			"faces": {
				"north": {"uv": [1.25, 5, 0.75, 6.5], "texture": "#2"},
				"east": {"uv": [2, 5, 1.25, 6.5], "texture": "#2"},
				"south": {"uv": [2.5, 5, 2, 6.5], "texture": "#2"},
				"west": {"uv": [0.75, 5, 0, 6.5], "texture": "#2"},
				"up": {"uv": [0.75, 5, 1.25, 4.25], "texture": "#2"},
				"down": {"uv": [1.25, 4.25, 1.75, 5], "texture": "#2"}
			}
		},
		{
			"from": [4.05, 8, 0.625],
			"to": [6.05, 14, 3.125],
			"shade": false,
			"rotation": {"angle": 0, "axis": "x", "origin": [8.05, 5.67266, 7.86425]},
			"faces": {
				"north": {"uv": [1, 0.5, 0.5, 2], "texture": "#2"},
				"east": {"uv": [1.5, 0.5, 1, 2], "texture": "#2"},
				"south": {"uv": [2, 0.5, 1.5, 2], "texture": "#2"},
				"west": {"uv": [0.5, 0.5, 0, 2], "texture": "#2"},
				"up": {"uv": [0.5, 0.5, 1, 0], "texture": "#2"},
				"down": {"uv": [1, 0, 1.5, 0.5], "texture": "#2"}
			}
		},
		{
			"from": [4.025, 0, 12.95],
			"to": [6.025, 1, 15.95],
			"shade": false,
			"rotation": {"angle": 0, "axis": "y", "origin": [8.025, 8, 9.95]},
			"faces": {
				"north": {"uv": [13.75, 4.75, 13.25, 5], "texture": "#2"},
				"east": {"uv": [14.5, 4.75, 13.75, 5], "texture": "#2"},
				"south": {"uv": [15, 4.75, 14.5, 5], "texture": "#2"},
				"west": {"uv": [13.25, 4.75, 12.5, 5], "texture": "#2"},
				"up": {"uv": [13.25, 4.75, 13.75, 4], "texture": "#2"},
				"down": {"uv": [13.75, 4, 14.25, 4.75], "texture": "#2"}
			}
		},
		{
			"from": [4.025, 1, 14.45],
			"to": [6.025, 5, 15.95],
			"shade": false,
			"rotation": {"angle": 0, "axis": "y", "origin": [8.025, 8, 8.95]},
			"faces": {
				"north": {"uv": [13.5, 8, 13, 9], "texture": "#2"},
				"east": {"uv": [13.75, 8, 13.5, 9], "texture": "#2"},
				"south": {"uv": [14.25, 8, 13.75, 9], "texture": "#2"},
				"west": {"uv": [13, 8, 12.75, 9], "texture": "#2"},
				"up": {"uv": [13, 8, 13.5, 7.75], "texture": "#2"},
				"down": {"uv": [13.5, 7.75, 14, 8], "texture": "#2"}
			}
		},
		{
			"from": [4.035, -2.19711, 11.56051],
			"to": [6.015, 2.78289, 13.54051],
			"shade": false,
			"rotation": {"angle": -45, "axis": "x", "origin": [8.025, 4.29289, 6.05051]},
			"faces": {
				"north": {"uv": [1, 13, 0.5, 14.25], "texture": "#2"},
				"east": {"uv": [1.5, 13, 1, 14.25], "texture": "#2"},
				"south": {"uv": [2, 13, 1.5, 14.25], "texture": "#2"},
				"west": {"uv": [0.5, 13, 0, 14.25], "texture": "#2"},
				"up": {"uv": [0.5, 13, 1, 12.5], "texture": "#2"},
				"down": {"uv": [1, 12.5, 1.5, 13], "texture": "#2"}
			}
		},
		{
			"from": [4.025, 7.12132, 11.00025],
			"to": [6.025, 14.12132, 16.00025],
			"shade": false,
			"rotation": {"angle": 0, "axis": "x", "origin": [8.025, 4.12132, 7.00025]},
			"faces": {
				"north": {"uv": [1.75, 9.5, 1.25, 11.25], "texture": "#2"},
				"east": {"uv": [3, 9.5, 1.75, 11.25], "texture": "#2"},
				"south": {"uv": [3.5, 9.5, 3, 11.25], "texture": "#2"},
				"west": {"uv": [1.25, 9.5, 0, 11.25], "texture": "#2"},
				"up": {"uv": [1.25, 9.5, 1.75, 8.25], "texture": "#2"},
				"down": {"uv": [1.75, 8.25, 2.25, 9.5], "texture": "#2"}
			}
		},
		{
			"from": [4.045, 5.91632, 13.02025],
			"to": [6.005, 8.87632, 14.98025],
			"shade": false,
			"rotation": {"angle": 0, "axis": "x", "origin": [8.025, 4.12132, 8.00025]},
			"faces": {
				"north": {"uv": [3.25, 8.75, 2.75, 9.5], "texture": "#2"},
				"east": {"uv": [3.75, 8.75, 3.25, 9.5], "texture": "#2"},
				"south": {"uv": [4.25, 8.75, 3.75, 9.5], "texture": "#2"},
				"west": {"uv": [2.75, 8.75, 2.25, 9.5], "texture": "#2"},
				"up": {"uv": [2.75, 8.75, 3.25, 8.25], "texture": "#2"},
				"down": {"uv": [3.25, 8.25, 3.75, 8.75], "texture": "#2"}
			}
		}
	],
	"display": {
		"thirdperson_righthand": {
			"rotation": [70, 0, 0],
			"translation": [-24, 0.5, -6.5]
		},
		"thirdperson_lefthand": {
			"rotation": [67, 0, 0],
			"translation": [9.5, 12, -11]
		},
		"firstperson_righthand": {
			"translation": [30.5, -16.75, -35.75]
		},
		"firstperson_lefthand": {
			"translation": [30.75, -11.25, -34]
		},
		"ground": {
			"translation": [0, 4, 0]
		},
		"gui": {
			"rotation": [-2, -150, 0],
			"translation": [-0.5, -0.5, 0]
		},
		"head": {
			"translation": [-34.5, -32.25, -43.25],
			"scale": [2, 2, 2]
		},
		"fixed": {
			"translation": [0, -0.25, 2.75]
		}
	},
	"groups": [
		{
			"name": "front_leg_right",
			"origin": [8, 5.54328, 8.5461],
			"children": [0, 1, 2, 3, 4]
		},
		{
			"name": "hind_leg_right",
			"origin": [8, 8, 8],
			"children": [5, 6, 7, 8, 9]
		},
		{
			"name": "head",
			"origin": [8, 7, 8.75],
			"children": [10, 11, 12, 13, 14, 15, 16, 17, 18, 19, 20, 21, 22, 23]
		},
		{
			"name": "body",
			"origin": [8, 8, 8],
			"children": [24, 25, 26]
		},
		{
			"name": "tail",
			"origin": [7.5, 7.25, 8],
			"children": [27, 28, 29, 30, 31, 32, 33]
		},
		{
			"name": "front_leg_left",
			"origin": [8, 5.54328, 8.5461],
			"children": [34, 35, 36, 37, 38]
		},
		{
			"name": "hind_leg_left",
			"origin": [8, 8, 8],
			"children": [39, 40, 41, 42, 43]
		}
	]
}