{
	"credit": "quiktori",
	"texture_size": [32, 32],
	"textures": {
		"0": "items/rods/fish4",
		"particle": "items/rods/fish4"
	},
	"elements": [
		{
			"from": [5, 4, 8.25],
			"to": [12, 8, 11.75],
			"rotation": {"angle": 0, "axis": "y", "origin": [15, 12, 16]},
			"faces": {
				"north": {"uv": [2.5, 0, 6, 2], "texture": "#0"},
				"east": {"uv": [2.5, 8.5, 4.5, 10.5], "texture": "#0"},
				"south": {"uv": [5, 5, 8.5, 7], "texture": "#0"},
				"west": {"uv": [4.5, 8.5, 6.5, 10.5], "texture": "#0"},
				"up": {"uv": [8.5, 4, 5, 2], "texture": "#0"},
				"down": {"uv": [9.5, 0, 6, 2], "texture": "#0"}
			}
		},
		{
			"from": [3, 4.75, 9],
			"to": [5, 7.25, 10.875],
			"rotation": {"angle": 0, "axis": "y", "origin": [8, 12, 16]},
			"faces": {
				"north": {"uv": [0, 9, 1, 10.5], "texture": "#0"},
				"east": {"uv": [1, 9, 2, 10.5], "texture": "#0"},
				"south": {"uv": [9, 9, 10, 10.5], "texture": "#0"},
				"west": {"uv": [6.5, 9.5, 7.5, 11], "texture": "#0"},
				"up": {"uv": [9.5, 4, 8.5, 3], "texture": "#0"},
				"down": {"uv": [10, 8, 9, 9], "texture": "#0"}
			}
		},
		{
			"from": [11.75, 4.375, 8.5],
			"to": [12.625, 6.875, 11.5],
			"rotation": {"angle": 0, "axis": "y", "origin": [21.75, 11.75, 16.125]},
			"faces": {
				"north": {"uv": [2, 9, 2.5, 10.5], "texture": "#0"},
				"east": {"uv": [8.5, 5, 10, 6.5], "texture": "#0"},
				"south": {"uv": [7.5, 9.5, 8, 11], "texture": "#0"},
				"west": {"uv": [8.5, 6.5, 10, 8], "texture": "#0"},
				"up": {"uv": [8.5, 11, 8, 9.5], "texture": "#0"},
				"down": {"uv": [9, 9.5, 8.5, 11], "texture": "#0"}
			}
		},
		{
			"from": [6.375, 4.875, 7.625],
			"to": [10.875, 7.125, 12.375],
			"rotation": {"angle": 0, "axis": "y", "origin": [15, 12, 16]},
			"faces": {
				"north": {"uv": [5, 4, 7.5, 5], "texture": "#0"},
				"east": {"uv": [7.5, 4, 10, 5], "texture": "#0"},
				"south": {"uv": [6.5, 8.5, 9, 9.5], "texture": "#0"},
				"west": {"uv": [8.5, 2, 11, 3], "texture": "#0"},
				"up": {"uv": [2.5, 6.5, 0, 4], "texture": "#0"},
				"down": {"uv": [2.5, 6.5, 0, 9], "texture": "#0"}
			}
		},
		{
			"from": [5.375, 2.25, 10],
			"to": [10.875, 10.875, 10],
			"rotation": {"angle": 0, "axis": "y", "origin": [15, 13, 16]},
			"faces": {
				"north": {"uv": [0, 0, 2.5, 4], "texture": "#0"},
				"south": {"uv": [2.5, 0, 0, 4], "texture": "#0"}
			}
		},
		{
			"from": [-2.375, 3.375, 10],
			"to": [3.125, 9, 10],
			"rotation": {"angle": 0, "axis": "y", "origin": [7.25, 13.125, 16]},
			"faces": {
				"north": {"uv": [2.5, 2.5, 5, 6.5], "texture": "#0"},
				"south": {"uv": [5, 2.5, 2.5, 6.5], "texture": "#0"}
			}
		},
		{
			"from": [5.375, 9.25, 5.5],
			"to": [10.875, 12.875, 5.5],
			"rotation": {"angle": -45, "axis": "x", "origin": [15, 15, 11.5]},
			"faces": {
				"north": {"uv": [0, 4, 2.5, 2], "texture": "#0"},
				"south": {"uv": [0, 4, 2.5, 2], "texture": "#0"}
			}
		},
		{
			"from": [5.375, 3.125, 5.5],
			"to": [10.875, 6.75, 5.5],
			"rotation": {"angle": 45, "axis": "x", "origin": [15, 1, 11.5]},
			"faces": {
				"north": {"uv": [0, 4, 2.5, 2], "texture": "#0"},
				"south": {"uv": [0, 4, 2.5, 2], "texture": "#0"}
			}
		},
		{
			"from": [2.125, 3.875, 8.5],
			"to": [8.125, 8.125, 8.5],
			"rotation": {"angle": -22.5, "axis": "y", "origin": [11.125, 11.5, 12.5]},
			"faces": {
				"north": {"uv": [0, 10.5, 4, 13], "texture": "#0"},
				"south": {"uv": [4, 10.5, 0, 13], "texture": "#0"}
			}
		},
		{
			"from": [5.125, 3.875, 10.89844],
			"to": [11.125, 8.125, 10.89844],
			"rotation": {"angle": 22.5, "axis": "y", "origin": [14.125, 11.5, 14.89844]},
			"faces": {
				"north": {"uv": [0, 10.5, 4, 13], "texture": "#0"},
				"east": {"uv": [0, 0, 0, 1.5], "texture": "#0"},
				"south": {"uv": [4, 10.5, 0, 13], "texture": "#0"},
				"west": {"uv": [0, 0, 0, 1.5], "texture": "#0"},
				"up": {"uv": [3, 0, 0, 0], "texture": "#0"},
				"down": {"uv": [3, 0, 0, 0], "texture": "#0"}
			}
		}
	],
	"display": {
		"thirdperson_righthand": {
			"rotation": [65, 0, 0],
			"translation": [-5.75, 2.75, 2]
		},
		"thirdperson_lefthand": {
			"rotation": [65, 0, 0],
			"translation": [-6, 2, 1.5]
		},
		"firstperson_righthand": {
			"rotation": [44, 98, 0],
			"translation": [1.5, 2, 0.5],
			"scale": [0.6, 0.6, 0.6]
		},
		"firstperson_lefthand": {
			"rotation": [43, -82, 0],
			"translation": [3.75, 1.75, 0],
			"scale": [0.6, 0.6, 0.6]
		},
		"ground": {
			"translation": [0, 2, 0]
		},
		"gui": {
			"rotation": [0, -23, 29],
			"translation": [1.5, 4.5, 0],
			"scale": [1.6, 1.6, 1.6]
		},
		"head": {
			"rotation": [0, 78, 0],
			"translation": [-1.75, 10.5, -1.5]
		},
		"fixed": {
			"translation": [0.5, 3.25, -6],
			"scale": [2, 2, 2]
		}
	}
}