{
	"credit": "quiktori",
	"textures": {
		"0": "items/hats/saturn",
		"particle": "items/hats/saturn"
	},
	"elements": [
		{
			"name": "hexadecagon",
			"from": [6.4087, 6, 0],
			"to": [9.5913, 10, 16],
			"rotation": {"angle": -45, "axis": "y", "origin": [8, 8, 8]},
			"faces": {
				"north": {"uv": [1.5, 5, 2.5, 7], "texture": "#0"},
				"south": {"uv": [1.5, 5, 2.5, 7], "texture": "#0"},
				"up": {"uv": [1.5, 5, 2.5, 5.25], "texture": "#0"},
				"down": {"uv": [1.75, 8, 2.25, 12], "texture": "#0"}
			}
		},
		{
			"name": "hexadecagon",
			"from": [6.4087, 6, 0],
			"to": [9.5913, 10, 16],
			"rotation": {"angle": -22.5, "axis": "y", "origin": [8, 8, 8]},
			"faces": {
				"north": {"uv": [1.5, 5, 2.5, 7], "texture": "#0"},
				"south": {"uv": [1.5, 5, 2.5, 7], "texture": "#0"},
				"up": {"uv": [1.5, 5, 2.5, 5.25], "texture": "#0"},
				"down": {"uv": [1.75, 8, 2.25, 12], "texture": "#0"}
			}
		},
		{
			"name": "hexadecagon",
			"from": [6.4087, 6, 0],
			"to": [9.5913, 10, 16],
			"faces": {
				"north": {"uv": [1.5, 5, 2.5, 7], "texture": "#0"},
				"south": {"uv": [1.5, 5, 2.5, 7], "texture": "#0"},
				"up": {"uv": [1.5, 5, 2.5, 5.25], "texture": "#0"},
				"down": {"uv": [1.75, 8, 2.25, 12], "texture": "#0"}
			}
		},
		{
			"name": "hexadecagon",
			"from": [6.4087, 6, 0],
			"to": [9.5913, 10, 16],
			"rotation": {"angle": 22.5, "axis": "y", "origin": [8, 8, 8]},
			"faces": {
				"north": {"uv": [1.5, 5, 2.5, 7], "texture": "#0"},
				"south": {"uv": [1.5, 5, 2.5, 7], "texture": "#0"},
				"up": {"uv": [1.5, 5, 2.5, 5.25], "texture": "#0"},
				"down": {"uv": [1.75, 8, 2.25, 12], "texture": "#0"}
			}
		},
		{
			"name": "hexadecagon",
			"from": [6.4087, 6, 0],
			"to": [9.5913, 10, 16],
			"rotation": {"angle": 45, "axis": "y", "origin": [8, 8, 8]},
			"faces": {
				"north": {"uv": [1.5, 5, 2.5, 7], "texture": "#0"},
				"south": {"uv": [1.5, 5, 2.5, 7], "texture": "#0"},
				"up": {"uv": [1.5, 5, 2.5, 5.25], "texture": "#0"},
				"down": {"uv": [1.75, 8, 2.25, 12], "texture": "#0"}
			}
		},
		{
			"name": "hexadecagon",
			"from": [0, 6, 6.4087],
			"to": [16, 10, 9.5913],
			"rotation": {"angle": -22.5, "axis": "y", "origin": [8, 8, 8]},
			"faces": {
				"east": {"uv": [1.5, 5, 2.5, 7], "texture": "#0"},
				"west": {"uv": [1.5, 5, 2.5, 7], "texture": "#0"},
				"up": {"uv": [1.5, 5, 2.5, 5.25], "texture": "#0"},
				"down": {"uv": [1.75, 8, 2.25, 12], "rotation": 90, "texture": "#0"}
			}
		},
		{
			"name": "hexadecagon",
			"from": [0, 6, 6.4087],
			"to": [16, 10, 9.5913],
			"faces": {
				"east": {"uv": [1.5, 5, 2.5, 7], "texture": "#0"},
				"west": {"uv": [1.5, 5, 2.5, 7], "texture": "#0"},
				"up": {"uv": [1.5, 5, 2.5, 5.25], "texture": "#0"},
				"down": {"uv": [1.75, 8, 2.25, 12], "rotation": 90, "texture": "#0"}
			}
		},
		{
			"name": "hexadecagon",
			"from": [0, 6, 6.4087],
			"to": [16, 10, 9.5913],
			"rotation": {"angle": 22.5, "axis": "y", "origin": [8, 8, 8]},
			"faces": {
				"east": {"uv": [1.5, 5, 2.5, 7], "texture": "#0"},
				"west": {"uv": [1.5, 5, 2.5, 7], "texture": "#0"},
				"up": {"uv": [1.5, 5, 2.5, 5.25], "texture": "#0"},
				"down": {"uv": [1.75, 8, 2.25, 12], "rotation": 90, "texture": "#0"}
			}
		},
		{
			"name": "hexadecagon",
			"from": [6.50816, 4.5, 0.5],
			"to": [9.49184, 11.5, 15.5],
			"rotation": {"angle": -45, "axis": "y", "origin": [8, 8, 8]},
			"faces": {
				"north": {"uv": [1.5, 4.25, 2.5, 7.75], "texture": "#0"},
				"south": {"uv": [1.5, 4.25, 2.5, 7.75], "texture": "#0"},
				"up": {"uv": [1.75, 0.125, 2.25, 3.875], "texture": "#0"},
				"down": {"uv": [1.75, 8.125, 2.25, 11.875], "texture": "#0"}
			}
		},
		{
			"name": "hexadecagon",
			"from": [6.50816, 4.5, 0.5],
			"to": [9.49184, 11.5, 15.5],
			"rotation": {"angle": -22.5, "axis": "y", "origin": [8, 8, 8]},
			"faces": {
				"north": {"uv": [1.5, 4.25, 2.5, 7.75], "texture": "#0"},
				"south": {"uv": [1.5, 4.25, 2.5, 7.75], "texture": "#0"},
				"up": {"uv": [1.75, 0.125, 2.25, 3.875], "texture": "#0"},
				"down": {"uv": [1.75, 8.125, 2.25, 11.875], "texture": "#0"}
			}
		},
		{
			"name": "hexadecagon",
			"from": [6.50816, 4.5, 0.5],
			"to": [9.49184, 11.5, 15.5],
			"faces": {
				"north": {"uv": [1.5, 4.25, 2.5, 7.75], "texture": "#0"},
				"south": {"uv": [1.5, 4.25, 2.5, 7.75], "texture": "#0"},
				"up": {"uv": [1.75, 0.125, 2.25, 3.875], "texture": "#0"},
				"down": {"uv": [1.75, 8.125, 2.25, 11.875], "texture": "#0"}
			}
		},
		{
			"name": "hexadecagon",
			"from": [6.50816, 4.5, 0.5],
			"to": [9.49184, 11.5, 15.5],
			"rotation": {"angle": 22.5, "axis": "y", "origin": [8, 8, 8]},
			"faces": {
				"north": {"uv": [1.5, 4.25, 2.5, 7.75], "texture": "#0"},
				"south": {"uv": [1.5, 4.25, 2.5, 7.75], "texture": "#0"},
				"up": {"uv": [1.75, 0.125, 2.25, 3.875], "texture": "#0"},
				"down": {"uv": [1.75, 8.125, 2.25, 11.875], "texture": "#0"}
			}
		},
		{
			"name": "hexadecagon",
			"from": [6.50816, 4.5, 0.5],
			"to": [9.49184, 11.5, 15.5],
			"rotation": {"angle": 45, "axis": "y", "origin": [8, 8, 8]},
			"faces": {
				"north": {"uv": [1.5, 4.25, 2.5, 7.75], "texture": "#0"},
				"south": {"uv": [1.5, 4.25, 2.5, 7.75], "texture": "#0"},
				"up": {"uv": [1.75, 0.125, 2.25, 3.875], "texture": "#0"},
				"down": {"uv": [1.75, 8.125, 2.25, 11.875], "texture": "#0"}
			}
		},
		{
			"name": "hexadecagon",
			"from": [0.5, 4.5, 6.50816],
			"to": [15.5, 11.5, 9.49184],
			"rotation": {"angle": -22.5, "axis": "y", "origin": [8, 8, 8]},
			"faces": {
				"east": {"uv": [1.5, 4.25, 2.5, 7.75], "texture": "#0"},
				"west": {"uv": [1.5, 4.25, 2.5, 7.75], "texture": "#0"},
				"up": {"uv": [1.75, 0.125, 2.25, 3.875], "rotation": 270, "texture": "#0"},
				"down": {"uv": [1.75, 8.125, 2.25, 11.875], "rotation": 90, "texture": "#0"}
			}
		},
		{
			"name": "hexadecagon",
			"from": [0.5, 4.5, 6.50816],
			"to": [15.5, 11.5, 9.49184],
			"faces": {
				"east": {"uv": [1.5, 4.25, 2.5, 7.75], "texture": "#0"},
				"west": {"uv": [1.5, 4.25, 2.5, 7.75], "texture": "#0"},
				"up": {"uv": [1.75, 0.125, 2.25, 3.875], "rotation": 270, "texture": "#0"},
				"down": {"uv": [1.75, 8.125, 2.25, 11.875], "rotation": 90, "texture": "#0"}
			}
		},
		{
			"name": "hexadecagon",
			"from": [0.5, 4.5, 6.50816],
			"to": [15.5, 11.5, 9.49184],
			"rotation": {"angle": 22.5, "axis": "y", "origin": [8, 8, 8]},
			"faces": {
				"east": {"uv": [1.5, 4.25, 2.5, 7.75], "texture": "#0"},
				"west": {"uv": [1.5, 4.25, 2.5, 7.75], "texture": "#0"},
				"up": {"uv": [1.75, 0.125, 2.25, 3.875], "rotation": 270, "texture": "#0"},
				"down": {"uv": [1.75, 8.125, 2.25, 11.875], "rotation": 90, "texture": "#0"}
			}
		},
		{
			"name": "hexadecagon",
			"from": [6.60761, 3.5, 1],
			"to": [9.39239, 12.5, 15],
			"rotation": {"angle": -45, "axis": "y", "origin": [8, 8, 8]},
			"faces": {
				"north": {"uv": [1.5, 3.75, 2.5, 8.25], "texture": "#0"},
				"south": {"uv": [1.5, 3.75, 2.5, 8.25], "texture": "#0"},
				"up": {"uv": [1.75, 0.25, 2.25, 3.75], "texture": "#0"},
				"down": {"uv": [1.75, 8.25, 2.25, 11.75], "texture": "#0"}
			}
		},
		{
			"name": "hexadecagon",
			"from": [6.60761, 3.5, 1],
			"to": [9.39239, 12.5, 15],
			"rotation": {"angle": -22.5, "axis": "y", "origin": [8, 8, 8]},
			"faces": {
				"north": {"uv": [1.5, 3.75, 2.5, 8.25], "texture": "#0"},
				"south": {"uv": [1.5, 3.75, 2.5, 8.25], "texture": "#0"},
				"up": {"uv": [1.75, 0.25, 2.25, 3.75], "texture": "#0"},
				"down": {"uv": [1.75, 8.25, 2.25, 11.75], "texture": "#0"}
			}
		},
		{
			"name": "hexadecagon",
			"from": [6.60761, 3.5, 1],
			"to": [9.39239, 12.5, 15],
			"faces": {
				"north": {"uv": [1.5, 3.75, 2.5, 8.25], "texture": "#0"},
				"south": {"uv": [1.5, 3.75, 2.5, 8.25], "texture": "#0"},
				"up": {"uv": [1.75, 0.25, 2.25, 3.75], "texture": "#0"},
				"down": {"uv": [1.75, 8.25, 2.25, 11.75], "texture": "#0"}
			}
		},
		{
			"name": "hexadecagon",
			"from": [6.60761, 3.5, 1],
			"to": [9.39239, 12.5, 15],
			"rotation": {"angle": 22.5, "axis": "y", "origin": [8, 8, 8]},
			"faces": {
				"north": {"uv": [1.5, 3.75, 2.5, 8.25], "texture": "#0"},
				"south": {"uv": [1.5, 3.75, 2.5, 8.25], "texture": "#0"},
				"up": {"uv": [1.75, 0.25, 2.25, 3.75], "texture": "#0"},
				"down": {"uv": [1.75, 8.25, 2.25, 11.75], "texture": "#0"}
			}
		},
		{
			"name": "hexadecagon",
			"from": [6.60761, 3.5, 1],
			"to": [9.39239, 12.5, 15],
			"rotation": {"angle": 45, "axis": "y", "origin": [8, 8, 8]},
			"faces": {
				"north": {"uv": [1.5, 3.75, 2.5, 8.25], "texture": "#0"},
				"south": {"uv": [1.5, 3.75, 2.5, 8.25], "texture": "#0"},
				"up": {"uv": [1.75, 0.25, 2.25, 3.75], "texture": "#0"},
				"down": {"uv": [1.75, 8.25, 2.25, 11.75], "texture": "#0"}
			}
		},
		{
			"name": "hexadecagon",
			"from": [1, 3.5, 6.60761],
			"to": [15, 12.5, 9.39239],
			"rotation": {"angle": -22.5, "axis": "y", "origin": [8, 8, 8]},
			"faces": {
				"east": {"uv": [1.5, 3.75, 2.5, 8.25], "texture": "#0"},
				"west": {"uv": [1.5, 3.75, 2.5, 8.25], "texture": "#0"},
				"up": {"uv": [1.75, 0.25, 2.25, 3.75], "rotation": 270, "texture": "#0"},
				"down": {"uv": [1.75, 8.25, 2.25, 11.75], "rotation": 90, "texture": "#0"}
			}
		},
		{
			"name": "hexadecagon",
			"from": [1, 3.5, 6.60761],
			"to": [15, 12.5, 9.39239],
			"faces": {
				"east": {"uv": [1.5, 3.75, 2.5, 8.25], "texture": "#0"},
				"west": {"uv": [1.5, 3.75, 2.5, 8.25], "texture": "#0"},
				"up": {"uv": [1.75, 0.25, 2.25, 3.75], "rotation": 270, "texture": "#0"},
				"down": {"uv": [1.75, 8.25, 2.25, 11.75], "rotation": 90, "texture": "#0"}
			}
		},
		{
			"name": "hexadecagon",
			"from": [1, 3.5, 6.60761],
			"to": [15, 12.5, 9.39239],
			"rotation": {"angle": 22.5, "axis": "y", "origin": [8, 8, 8]},
			"faces": {
				"east": {"uv": [1.5, 3.75, 2.5, 8.25], "texture": "#0"},
				"west": {"uv": [1.5, 3.75, 2.5, 8.25], "texture": "#0"},
				"up": {"uv": [1.75, 0.25, 2.25, 3.75], "rotation": 270, "texture": "#0"},
				"down": {"uv": [1.75, 8.25, 2.25, 11.75], "rotation": 90, "texture": "#0"}
			}
		},
		{
			"name": "hexadecagon",
			"from": [6.70707, 3, 1.5],
			"to": [9.29293, 13, 14.5],
			"rotation": {"angle": -45, "axis": "y", "origin": [8, 8, 8]},
			"faces": {
				"north": {"uv": [1.5, 3.5, 2.5, 8.5], "texture": "#0"},
				"south": {"uv": [1.5, 3.5, 2.5, 8.5], "texture": "#0"},
				"up": {"uv": [1.75, 0.375, 2.25, 3.625], "texture": "#0"},
				"down": {"uv": [1.75, 8.375, 2.25, 11.625], "texture": "#0"}
			}
		},
		{
			"name": "hexadecagon",
			"from": [6.70707, 3, 1.5],
			"to": [9.29293, 13, 14.5],
			"rotation": {"angle": -22.5, "axis": "y", "origin": [8, 8, 8]},
			"faces": {
				"north": {"uv": [1.5, 3.5, 2.5, 8.5], "texture": "#0"},
				"south": {"uv": [1.5, 3.5, 2.5, 8.5], "texture": "#0"},
				"up": {"uv": [1.75, 0.375, 2.25, 3.625], "texture": "#0"},
				"down": {"uv": [1.75, 8.375, 2.25, 11.625], "texture": "#0"}
			}
		},
		{
			"name": "hexadecagon",
			"from": [6.70707, 3, 1.5],
			"to": [9.29293, 13, 14.5],
			"faces": {
				"north": {"uv": [1.5, 3.5, 2.5, 8.5], "texture": "#0"},
				"south": {"uv": [1.5, 3.5, 2.5, 8.5], "texture": "#0"},
				"up": {"uv": [1.75, 0.375, 2.25, 3.625], "texture": "#0"},
				"down": {"uv": [1.75, 8.375, 2.25, 11.625], "texture": "#0"}
			}
		},
		{
			"name": "hexadecagon",
			"from": [6.70707, 3, 1.5],
			"to": [9.29293, 13, 14.5],
			"rotation": {"angle": 22.5, "axis": "y", "origin": [8, 8, 8]},
			"faces": {
				"north": {"uv": [1.5, 3.5, 2.5, 8.5], "texture": "#0"},
				"south": {"uv": [1.5, 3.5, 2.5, 8.5], "texture": "#0"},
				"up": {"uv": [1.75, 0.375, 2.25, 3.625], "texture": "#0"},
				"down": {"uv": [1.75, 8.375, 2.25, 11.625], "texture": "#0"}
			}
		},
		{
			"name": "hexadecagon",
			"from": [6.70707, 3, 1.5],
			"to": [9.29293, 13, 14.5],
			"rotation": {"angle": 45, "axis": "y", "origin": [8, 8, 8]},
			"faces": {
				"north": {"uv": [1.5, 3.5, 2.5, 8.5], "texture": "#0"},
				"south": {"uv": [1.5, 3.5, 2.5, 8.5], "texture": "#0"},
				"up": {"uv": [1.75, 0.375, 2.25, 3.625], "texture": "#0"},
				"down": {"uv": [1.75, 8.375, 2.25, 11.625], "texture": "#0"}
			}
		},
		{
			"name": "hexadecagon",
			"from": [1.5, 3, 6.70707],
			"to": [14.5, 13, 9.29293],
			"rotation": {"angle": -22.5, "axis": "y", "origin": [8, 8, 8]},
			"faces": {
				"east": {"uv": [1.5, 3.5, 2.5, 8.5], "texture": "#0"},
				"west": {"uv": [1.5, 3.5, 2.5, 8.5], "texture": "#0"},
				"up": {"uv": [1.75, 0.375, 2.25, 3.625], "rotation": 270, "texture": "#0"},
				"down": {"uv": [1.75, 8.375, 2.25, 11.625], "rotation": 90, "texture": "#0"}
			}
		},
		{
			"name": "hexadecagon",
			"from": [1.5, 3, 6.70707],
			"to": [14.5, 13, 9.29293],
			"faces": {
				"east": {"uv": [1.5, 3.5, 2.5, 8.5], "texture": "#0"},
				"west": {"uv": [1.5, 3.5, 2.5, 8.5], "texture": "#0"},
				"up": {"uv": [1.75, 0.375, 2.25, 3.625], "rotation": 270, "texture": "#0"},
				"down": {"uv": [1.75, 8.375, 2.25, 11.625], "rotation": 90, "texture": "#0"}
			}
		},
		{
			"name": "hexadecagon",
			"from": [1.5, 3, 6.70707],
			"to": [14.5, 13, 9.29293],
			"rotation": {"angle": 22.5, "axis": "y", "origin": [8, 8, 8]},
			"faces": {
				"east": {"uv": [1.5, 3.5, 2.5, 8.5], "texture": "#0"},
				"west": {"uv": [1.5, 3.5, 2.5, 8.5], "texture": "#0"},
				"up": {"uv": [1.75, 0.375, 2.25, 3.625], "rotation": 270, "texture": "#0"},
				"down": {"uv": [1.75, 8.375, 2.25, 11.625], "rotation": 90, "texture": "#0"}
			}
		},
		{
			"name": "hexadecagon",
			"from": [6.80653, 2.5, 2],
			"to": [9.19347, 13.5, 14],
			"rotation": {"angle": -45, "axis": "y", "origin": [8, 8, 8]},
			"faces": {
				"north": {"uv": [1.5, 3.25, 2.5, 8.75], "texture": "#0"},
				"south": {"uv": [1.5, 3.25, 2.5, 8.75], "texture": "#0"},
				"up": {"uv": [1.75, 0.5, 2.25, 3.5], "texture": "#0"},
				"down": {"uv": [1.75, 8.5, 2.25, 11.5], "texture": "#0"}
			}
		},
		{
			"name": "hexadecagon",
			"from": [6.80653, 2.5, 2],
			"to": [9.19347, 13.5, 14],
			"rotation": {"angle": -22.5, "axis": "y", "origin": [8, 8, 8]},
			"faces": {
				"north": {"uv": [1.5, 3.25, 2.5, 8.75], "texture": "#0"},
				"south": {"uv": [1.5, 3.25, 2.5, 8.75], "texture": "#0"},
				"up": {"uv": [1.75, 0.5, 2.25, 3.5], "texture": "#0"},
				"down": {"uv": [1.75, 8.5, 2.25, 11.5], "texture": "#0"}
			}
		},
		{
			"name": "hexadecagon",
			"from": [6.80653, 2.5, 2],
			"to": [9.19347, 13.5, 14],
			"faces": {
				"north": {"uv": [1.5, 3.25, 2.5, 8.75], "texture": "#0"},
				"south": {"uv": [1.5, 3.25, 2.5, 8.75], "texture": "#0"},
				"up": {"uv": [1.75, 0.5, 2.25, 3.5], "texture": "#0"},
				"down": {"uv": [1.75, 8.5, 2.25, 11.5], "texture": "#0"}
			}
		},
		{
			"name": "hexadecagon",
			"from": [6.80653, 2.5, 2],
			"to": [9.19347, 13.5, 14],
			"rotation": {"angle": 22.5, "axis": "y", "origin": [8, 8, 8]},
			"faces": {
				"north": {"uv": [1.5, 3.25, 2.5, 8.75], "texture": "#0"},
				"south": {"uv": [1.5, 3.25, 2.5, 8.75], "texture": "#0"},
				"up": {"uv": [1.75, 0.5, 2.25, 3.5], "texture": "#0"},
				"down": {"uv": [1.75, 8.5, 2.25, 11.5], "texture": "#0"}
			}
		},
		{
			"name": "hexadecagon",
			"from": [6.80653, 2.5, 2],
			"to": [9.19347, 13.5, 14],
			"rotation": {"angle": 45, "axis": "y", "origin": [8, 8, 8]},
			"faces": {
				"north": {"uv": [1.5, 3.25, 2.5, 8.75], "texture": "#0"},
				"south": {"uv": [1.5, 3.25, 2.5, 8.75], "texture": "#0"},
				"up": {"uv": [1.75, 0.5, 2.25, 3.5], "texture": "#0"},
				"down": {"uv": [1.75, 8.5, 2.25, 11.5], "texture": "#0"}
			}
		},
		{
			"name": "hexadecagon",
			"from": [2, 2.5, 6.80653],
			"to": [14, 13.5, 9.19347],
			"rotation": {"angle": -22.5, "axis": "y", "origin": [8, 8, 8]},
			"faces": {
				"east": {"uv": [1.5, 3.25, 2.5, 8.75], "texture": "#0"},
				"west": {"uv": [1.5, 3.25, 2.5, 8.75], "texture": "#0"},
				"up": {"uv": [1.75, 0.5, 2.25, 3.5], "rotation": 270, "texture": "#0"},
				"down": {"uv": [1.75, 8.5, 2.25, 11.5], "rotation": 90, "texture": "#0"}
			}
		},
		{
			"name": "hexadecagon",
			"from": [2, 2.5, 6.80653],
			"to": [14, 13.5, 9.19347],
			"faces": {
				"east": {"uv": [1.5, 3.25, 2.5, 8.75], "texture": "#0"},
				"west": {"uv": [1.5, 3.25, 2.5, 8.75], "texture": "#0"},
				"up": {"uv": [1.75, 0.5, 2.25, 3.5], "rotation": 270, "texture": "#0"},
				"down": {"uv": [1.75, 8.5, 2.25, 11.5], "rotation": 90, "texture": "#0"}
			}
		},
		{
			"name": "hexadecagon",
			"from": [2, 2.5, 6.80653],
			"to": [14, 13.5, 9.19347],
			"rotation": {"angle": 22.5, "axis": "y", "origin": [8, 8, 8]},
			"faces": {
				"east": {"uv": [1.5, 3.25, 2.5, 8.75], "texture": "#0"},
				"west": {"uv": [1.5, 3.25, 2.5, 8.75], "texture": "#0"},
				"up": {"uv": [1.75, 0.5, 2.25, 3.5], "rotation": 270, "texture": "#0"},
				"down": {"uv": [1.75, 8.5, 2.25, 11.5], "rotation": 90, "texture": "#0"}
			}
		},
		{
			"name": "hexadecagon",
			"from": [6.90598, 2, 2.5],
			"to": [9.09402, 14, 13.5],
			"rotation": {"angle": -45, "axis": "y", "origin": [8, 8, 8]},
			"faces": {
				"north": {"uv": [1.5, 3, 2.5, 9], "texture": "#0"},
				"south": {"uv": [1.5, 3, 2.5, 9], "texture": "#0"},
				"up": {"uv": [1.75, 0.625, 2.25, 3.375], "texture": "#0"},
				"down": {"uv": [1.75, 8.625, 2.25, 11.375], "texture": "#0"}
			}
		},
		{
			"name": "hexadecagon",
			"from": [6.90598, 2, 2.5],
			"to": [9.09402, 14, 13.5],
			"rotation": {"angle": -22.5, "axis": "y", "origin": [8, 8, 8]},
			"faces": {
				"north": {"uv": [1.5, 3, 2.5, 9], "texture": "#0"},
				"south": {"uv": [1.5, 3, 2.5, 9], "texture": "#0"},
				"up": {"uv": [1.75, 0.625, 2.25, 3.375], "texture": "#0"},
				"down": {"uv": [1.75, 8.625, 2.25, 11.375], "texture": "#0"}
			}
		},
		{
			"name": "hexadecagon",
			"from": [6.90598, 2, 2.5],
			"to": [9.09402, 14, 13.5],
			"faces": {
				"north": {"uv": [1.5, 3, 2.5, 9], "texture": "#0"},
				"south": {"uv": [1.5, 3, 2.5, 9], "texture": "#0"},
				"up": {"uv": [1.75, 0.625, 2.25, 3.375], "texture": "#0"},
				"down": {"uv": [1.75, 8.625, 2.25, 11.375], "texture": "#0"}
			}
		},
		{
			"name": "hexadecagon",
			"from": [6.90598, 2, 2.5],
			"to": [9.09402, 14, 13.5],
			"rotation": {"angle": 22.5, "axis": "y", "origin": [8, 8, 8]},
			"faces": {
				"north": {"uv": [1.5, 3, 2.5, 9], "texture": "#0"},
				"south": {"uv": [1.5, 3, 2.5, 9], "texture": "#0"},
				"up": {"uv": [1.75, 0.625, 2.25, 3.375], "texture": "#0"},
				"down": {"uv": [1.75, 8.625, 2.25, 11.375], "texture": "#0"}
			}
		},
		{
			"name": "hexadecagon",
			"from": [6.90598, 2, 2.5],
			"to": [9.09402, 14, 13.5],
			"rotation": {"angle": 45, "axis": "y", "origin": [8, 8, 8]},
			"faces": {
				"north": {"uv": [1.5, 3, 2.5, 9], "texture": "#0"},
				"south": {"uv": [1.5, 3, 2.5, 9], "texture": "#0"},
				"up": {"uv": [1.75, 0.625, 2.25, 3.375], "texture": "#0"},
				"down": {"uv": [1.75, 8.625, 2.25, 11.375], "texture": "#0"}
			}
		},
		{
			"name": "hexadecagon",
			"from": [2.5, 2, 6.90598],
			"to": [13.5, 14, 9.09402],
			"rotation": {"angle": -22.5, "axis": "y", "origin": [8, 8, 8]},
			"faces": {
				"east": {"uv": [1.5, 3, 2.5, 9], "texture": "#0"},
				"west": {"uv": [1.5, 3, 2.5, 9], "texture": "#0"},
				"up": {"uv": [1.75, 0.625, 2.25, 3.375], "rotation": 270, "texture": "#0"},
				"down": {"uv": [1.75, 8.625, 2.25, 11.375], "rotation": 90, "texture": "#0"}
			}
		},
		{
			"name": "hexadecagon",
			"from": [2.5, 2, 6.90598],
			"to": [13.5, 14, 9.09402],
			"faces": {
				"east": {"uv": [1.5, 3, 2.5, 9], "texture": "#0"},
				"west": {"uv": [1.5, 3, 2.5, 9], "texture": "#0"},
				"up": {"uv": [1.75, 0.625, 2.25, 3.375], "rotation": 270, "texture": "#0"},
				"down": {"uv": [1.75, 8.625, 2.25, 11.375], "rotation": 90, "texture": "#0"}
			}
		},
		{
			"name": "hexadecagon",
			"from": [2.5, 2, 6.90598],
			"to": [13.5, 14, 9.09402],
			"rotation": {"angle": 22.5, "axis": "y", "origin": [8, 8, 8]},
			"faces": {
				"east": {"uv": [1.5, 3, 2.5, 9], "texture": "#0"},
				"west": {"uv": [1.5, 3, 2.5, 9], "texture": "#0"},
				"up": {"uv": [1.75, 0.625, 2.25, 3.375], "rotation": 270, "texture": "#0"},
				"down": {"uv": [1.75, 8.625, 2.25, 11.375], "rotation": 90, "texture": "#0"}
			}
		},
		{
			"name": "hexadecagon",
			"from": [7.00544, 1.5, 3],
			"to": [8.99456, 14.5, 13],
			"rotation": {"angle": -45, "axis": "y", "origin": [8, 8, 8]},
			"faces": {
				"north": {"uv": [1.5, 2.75, 2.5, 9.25], "texture": "#0"},
				"south": {"uv": [1.5, 2.75, 2.5, 9.25], "texture": "#0"},
				"up": {"uv": [1.75, 0.75, 2.25, 3.25], "texture": "#0"},
				"down": {"uv": [1.75, 8.75, 2.25, 11.25], "texture": "#0"}
			}
		},
		{
			"name": "hexadecagon",
			"from": [7.00544, 1.5, 3],
			"to": [8.99456, 14.5, 13],
			"rotation": {"angle": -22.5, "axis": "y", "origin": [8, 8, 8]},
			"faces": {
				"north": {"uv": [1.5, 2.75, 2.5, 9.25], "texture": "#0"},
				"south": {"uv": [1.5, 2.75, 2.5, 9.25], "texture": "#0"},
				"up": {"uv": [1.75, 0.75, 2.25, 3.25], "texture": "#0"},
				"down": {"uv": [1.75, 8.75, 2.25, 11.25], "texture": "#0"}
			}
		},
		{
			"name": "hexadecagon",
			"from": [7.00544, 1.5, 3],
			"to": [8.99456, 14.5, 13],
			"faces": {
				"north": {"uv": [1.5, 2.75, 2.5, 9.25], "texture": "#0"},
				"south": {"uv": [1.5, 2.75, 2.5, 9.25], "texture": "#0"},
				"up": {"uv": [1.75, 0.75, 2.25, 3.25], "texture": "#0"},
				"down": {"uv": [1.75, 8.75, 2.25, 11.25], "texture": "#0"}
			}
		},
		{
			"name": "hexadecagon",
			"from": [7.00544, 1.5, 3],
			"to": [8.99456, 14.5, 13],
			"rotation": {"angle": 22.5, "axis": "y", "origin": [8, 8, 8]},
			"faces": {
				"north": {"uv": [1.5, 2.75, 2.5, 9.25], "texture": "#0"},
				"south": {"uv": [1.5, 2.75, 2.5, 9.25], "texture": "#0"},
				"up": {"uv": [1.75, 0.75, 2.25, 3.25], "texture": "#0"},
				"down": {"uv": [1.75, 8.75, 2.25, 11.25], "texture": "#0"}
			}
		},
		{
			"name": "hexadecagon",
			"from": [7.00544, 1.5, 3],
			"to": [8.99456, 14.5, 13],
			"rotation": {"angle": 45, "axis": "y", "origin": [8, 8, 8]},
			"faces": {
				"north": {"uv": [1.5, 2.75, 2.5, 9.25], "texture": "#0"},
				"south": {"uv": [1.5, 2.75, 2.5, 9.25], "texture": "#0"},
				"up": {"uv": [1.75, 0.75, 2.25, 3.25], "texture": "#0"},
				"down": {"uv": [1.75, 8.75, 2.25, 11.25], "texture": "#0"}
			}
		},
		{
			"name": "hexadecagon",
			"from": [3, 1.5, 7.00544],
			"to": [13, 14.5, 8.99456],
			"rotation": {"angle": -22.5, "axis": "y", "origin": [8, 8, 8]},
			"faces": {
				"east": {"uv": [1.5, 2.75, 2.5, 9.25], "texture": "#0"},
				"west": {"uv": [1.5, 2.75, 2.5, 9.25], "texture": "#0"},
				"up": {"uv": [1.75, 0.75, 2.25, 3.25], "rotation": 270, "texture": "#0"},
				"down": {"uv": [1.75, 8.75, 2.25, 11.25], "rotation": 90, "texture": "#0"}
			}
		},
		{
			"name": "hexadecagon",
			"from": [3, 1.5, 7.00544],
			"to": [13, 14.5, 8.99456],
			"faces": {
				"east": {"uv": [1.5, 2.75, 2.5, 9.25], "texture": "#0"},
				"west": {"uv": [1.5, 2.75, 2.5, 9.25], "texture": "#0"},
				"up": {"uv": [1.75, 0.75, 2.25, 3.25], "rotation": 270, "texture": "#0"},
				"down": {"uv": [1.75, 8.75, 2.25, 11.25], "rotation": 90, "texture": "#0"}
			}
		},
		{
			"name": "hexadecagon",
			"from": [3, 1.5, 7.00544],
			"to": [13, 14.5, 8.99456],
			"rotation": {"angle": 22.5, "axis": "y", "origin": [8, 8, 8]},
			"faces": {
				"east": {"uv": [1.5, 2.75, 2.5, 9.25], "texture": "#0"},
				"west": {"uv": [1.5, 2.75, 2.5, 9.25], "texture": "#0"},
				"up": {"uv": [1.75, 0.75, 2.25, 3.25], "rotation": 270, "texture": "#0"},
				"down": {"uv": [1.75, 8.75, 2.25, 11.25], "rotation": 90, "texture": "#0"}
			}
		},
		{
			"name": "hexadecagon",
			"from": [7.10489, 1, 3.5],
			"to": [8.89511, 15, 12.5],
			"rotation": {"angle": -45, "axis": "y", "origin": [8, 8, 8]},
			"faces": {
				"north": {"uv": [1.5, 2.5, 2.5, 9.5], "texture": "#0"},
				"south": {"uv": [1.5, 2.5, 2.5, 9.5], "texture": "#0"},
				"up": {"uv": [1.75, 0.775, 2.25, 3.025], "texture": "#0"},
				"down": {"uv": [1.75, 8.775, 2.25, 11.025], "texture": "#0"}
			}
		},
		{
			"name": "hexadecagon",
			"from": [7.10489, 1, 3.5],
			"to": [8.89511, 15, 12.5],
			"rotation": {"angle": -22.5, "axis": "y", "origin": [8, 8, 8]},
			"faces": {
				"north": {"uv": [1.5, 2.5, 2.5, 9.5], "texture": "#0"},
				"south": {"uv": [1.5, 2.5, 2.5, 9.5], "texture": "#0"},
				"up": {"uv": [1.75, 0.775, 2.25, 3.025], "texture": "#0"},
				"down": {"uv": [1.75, 8.775, 2.25, 11.025], "texture": "#0"}
			}
		},
		{
			"name": "hexadecagon",
			"from": [7.10489, 1, 3.5],
			"to": [8.89511, 15, 12.5],
			"faces": {
				"north": {"uv": [1.5, 2.5, 2.5, 9.5], "texture": "#0"},
				"south": {"uv": [1.5, 2.5, 2.5, 9.5], "texture": "#0"},
				"up": {"uv": [1.75, 0.775, 2.25, 3.025], "texture": "#0"},
				"down": {"uv": [1.75, 8.775, 2.25, 11.025], "texture": "#0"}
			}
		},
		{
			"name": "hexadecagon",
			"from": [7.10489, 1, 3.5],
			"to": [8.89511, 15, 12.5],
			"rotation": {"angle": 22.5, "axis": "y", "origin": [8, 8, 8]},
			"faces": {
				"north": {"uv": [1.5, 2.5, 2.5, 9.5], "texture": "#0"},
				"south": {"uv": [1.5, 2.5, 2.5, 9.5], "texture": "#0"},
				"up": {"uv": [1.75, 0.775, 2.25, 3.025], "texture": "#0"},
				"down": {"uv": [1.75, 8.775, 2.25, 11.025], "texture": "#0"}
			}
		},
		{
			"name": "hexadecagon",
			"from": [7.10489, 1, 3.5],
			"to": [8.89511, 15, 12.5],
			"rotation": {"angle": 45, "axis": "y", "origin": [8, 8, 8]},
			"faces": {
				"north": {"uv": [1.5, 2.5, 2.5, 9.5], "texture": "#0"},
				"south": {"uv": [1.5, 2.5, 2.5, 9.5], "texture": "#0"},
				"up": {"uv": [1.75, 0.775, 2.25, 3.025], "texture": "#0"},
				"down": {"uv": [1.75, 8.775, 2.25, 11.025], "texture": "#0"}
			}
		},
		{
			"name": "hexadecagon",
			"from": [3.5, 1, 7.10489],
			"to": [12.5, 15, 8.89511],
			"rotation": {"angle": -22.5, "axis": "y", "origin": [8, 8, 8]},
			"faces": {
				"east": {"uv": [1.5, 2.5, 2.5, 9.5], "texture": "#0"},
				"west": {"uv": [1.5, 2.5, 2.5, 9.5], "texture": "#0"},
				"up": {"uv": [1.75, 0.775, 2.25, 3.025], "rotation": 270, "texture": "#0"},
				"down": {"uv": [1.75, 8.775, 2.25, 11.025], "rotation": 90, "texture": "#0"}
			}
		},
		{
			"name": "hexadecagon",
			"from": [3.5, 1, 7.10489],
			"to": [12.5, 15, 8.89511],
			"faces": {
				"east": {"uv": [1.5, 2.5, 2.5, 9.5], "texture": "#0"},
				"west": {"uv": [1.5, 2.5, 2.5, 9.5], "texture": "#0"},
				"up": {"uv": [1.75, 0.775, 2.25, 3.025], "rotation": 270, "texture": "#0"},
				"down": {"uv": [1.75, 8.775, 2.25, 11.025], "rotation": 90, "texture": "#0"}
			}
		},
		{
			"name": "hexadecagon",
			"from": [3.5, 1, 7.10489],
			"to": [12.5, 15, 8.89511],
			"rotation": {"angle": 22.5, "axis": "y", "origin": [8, 8, 8]},
			"faces": {
				"east": {"uv": [1.5, 2.5, 2.5, 9.5], "texture": "#0"},
				"west": {"uv": [1.5, 2.5, 2.5, 9.5], "texture": "#0"},
				"up": {"uv": [1.75, 0.775, 2.25, 3.025], "rotation": 270, "texture": "#0"},
				"down": {"uv": [1.75, 8.775, 2.25, 11.025], "rotation": 90, "texture": "#0"}
			}
		},
		{
			"name": "hexadecagon",
			"from": [7.30381, 0.5, 4.5],
			"to": [8.69619, 15.5, 11.5],
			"rotation": {"angle": -45, "axis": "y", "origin": [8, 8, 8]},
			"faces": {
				"north": {"uv": [1.5, 2.25, 2.5, 9.75], "texture": "#0"},
				"south": {"uv": [1.5, 2.25, 2.5, 9.75], "texture": "#0"},
				"up": {"uv": [1.75, 1.025, 2.25, 2.775], "texture": "#0"},
				"down": {"uv": [1.75, 9.025, 2.25, 10.775], "texture": "#0"}
			}
		},
		{
			"name": "hexadecagon",
			"from": [7.30381, 0.5, 4.5],
			"to": [8.69619, 15.5, 11.5],
			"rotation": {"angle": -22.5, "axis": "y", "origin": [8, 8, 8]},
			"faces": {
				"north": {"uv": [1.5, 2.25, 2.5, 9.75], "texture": "#0"},
				"south": {"uv": [1.5, 2.25, 2.5, 9.75], "texture": "#0"},
				"up": {"uv": [1.75, 1.025, 2.25, 2.775], "texture": "#0"},
				"down": {"uv": [1.75, 9.025, 2.25, 10.775], "texture": "#0"}
			}
		},
		{
			"name": "hexadecagon",
			"from": [7.30381, 0.5, 4.5],
			"to": [8.69619, 15.5, 11.5],
			"faces": {
				"north": {"uv": [1.5, 2.25, 2.5, 9.75], "texture": "#0"},
				"south": {"uv": [1.5, 2.25, 2.5, 9.75], "texture": "#0"},
				"up": {"uv": [1.75, 1.025, 2.25, 2.775], "texture": "#0"},
				"down": {"uv": [1.75, 9.025, 2.25, 10.775], "texture": "#0"}
			}
		},
		{
			"name": "hexadecagon",
			"from": [7.30381, 0.5, 4.5],
			"to": [8.69619, 15.5, 11.5],
			"rotation": {"angle": 22.5, "axis": "y", "origin": [8, 8, 8]},
			"faces": {
				"north": {"uv": [1.5, 2.25, 2.5, 9.75], "texture": "#0"},
				"south": {"uv": [1.5, 2.25, 2.5, 9.75], "texture": "#0"},
				"up": {"uv": [1.75, 1.025, 2.25, 2.775], "texture": "#0"},
				"down": {"uv": [1.75, 9.025, 2.25, 10.775], "texture": "#0"}
			}
		},
		{
			"name": "hexadecagon",
			"from": [7.30381, 0.5, 4.5],
			"to": [8.69619, 15.5, 11.5],
			"rotation": {"angle": 45, "axis": "y", "origin": [8, 8, 8]},
			"faces": {
				"north": {"uv": [1.5, 2.25, 2.5, 9.75], "texture": "#0"},
				"south": {"uv": [1.5, 2.25, 2.5, 9.75], "texture": "#0"},
				"up": {"uv": [1.75, 1.025, 2.25, 2.775], "texture": "#0"},
				"down": {"uv": [1.75, 9.025, 2.25, 10.775], "texture": "#0"}
			}
		},
		{
			"name": "hexadecagon",
			"from": [4.5, 0.5, 7.30381],
			"to": [11.5, 15.5, 8.69619],
			"rotation": {"angle": -22.5, "axis": "y", "origin": [8, 8, 8]},
			"faces": {
				"east": {"uv": [1.5, 2.25, 2.5, 9.75], "texture": "#0"},
				"west": {"uv": [1.5, 2.25, 2.5, 9.75], "texture": "#0"},
				"up": {"uv": [1.75, 1.025, 2.25, 2.775], "rotation": 270, "texture": "#0"},
				"down": {"uv": [1.75, 9.025, 2.25, 10.775], "rotation": 90, "texture": "#0"}
			}
		},
		{
			"name": "hexadecagon",
			"from": [4.5, 0.5, 7.30381],
			"to": [11.5, 15.5, 8.69619],
			"faces": {
				"east": {"uv": [1.5, 2.25, 2.5, 9.75], "texture": "#0"},
				"west": {"uv": [1.5, 2.25, 2.5, 9.75], "texture": "#0"},
				"up": {"uv": [1.75, 1.025, 2.25, 2.775], "rotation": 270, "texture": "#0"},
				"down": {"uv": [1.75, 9.025, 2.25, 10.775], "rotation": 90, "texture": "#0"}
			}
		},
		{
			"name": "hexadecagon",
			"from": [4.5, 0.5, 7.30381],
			"to": [11.5, 15.5, 8.69619],
			"rotation": {"angle": 22.5, "axis": "y", "origin": [8, 8, 8]},
			"faces": {
				"east": {"uv": [1.5, 2.25, 2.5, 9.75], "texture": "#0"},
				"west": {"uv": [1.5, 2.25, 2.5, 9.75], "texture": "#0"},
				"up": {"uv": [1.75, 1.025, 2.25, 2.775], "rotation": 270, "texture": "#0"},
				"down": {"uv": [1.75, 9.025, 2.25, 10.775], "rotation": 90, "texture": "#0"}
			}
		},
		{
			"name": "hexadecagon",
			"from": [7.60218, 0, 6],
			"to": [8.39782, 16, 10],
			"rotation": {"angle": -45, "axis": "y", "origin": [8, 8, 8]},
			"faces": {
				"north": {"uv": [1.5, 2, 2.5, 10], "texture": "#0"},
				"south": {"uv": [1.5, 2, 2.5, 10], "texture": "#0"},
				"up": {"uv": [1.75, 1.5, 2.25, 2.5], "texture": "#0"},
				"down": {"uv": [1.75, 9.5, 2.25, 10.5], "texture": "#0"}
			}
		},
		{
			"name": "hexadecagon",
			"from": [7.60218, 0, 6],
			"to": [8.39782, 16, 10],
			"rotation": {"angle": -22.5, "axis": "y", "origin": [8, 8, 8]},
			"faces": {
				"north": {"uv": [1.5, 2, 2.5, 10], "texture": "#0"},
				"south": {"uv": [1.5, 2, 2.5, 10], "texture": "#0"},
				"up": {"uv": [1.75, 1.5, 2.25, 2.5], "texture": "#0"},
				"down": {"uv": [1.75, 9.5, 2.25, 10.5], "texture": "#0"}
			}
		},
		{
			"name": "hexadecagon",
			"from": [7.60218, 0, 6],
			"to": [8.39782, 16, 10],
			"faces": {
				"north": {"uv": [1.5, 2, 2.5, 10], "texture": "#0"},
				"south": {"uv": [1.5, 2, 2.5, 10], "texture": "#0"},
				"up": {"uv": [1.75, 1.5, 2.25, 2.5], "texture": "#0"},
				"down": {"uv": [1.75, 9.5, 2.25, 10.5], "texture": "#0"}
			}
		},
		{
			"name": "hexadecagon",
			"from": [7.60218, 0, 6],
			"to": [8.39782, 16, 10],
			"rotation": {"angle": 22.5, "axis": "y", "origin": [8, 8, 8]},
			"faces": {
				"north": {"uv": [1.5, 2, 2.5, 10], "texture": "#0"},
				"south": {"uv": [1.5, 2, 2.5, 10], "texture": "#0"},
				"up": {"uv": [1.75, 1.5, 2.25, 2.5], "texture": "#0"},
				"down": {"uv": [1.75, 9.5, 2.25, 10.5], "texture": "#0"}
			}
		},
		{
			"name": "hexadecagon",
			"from": [7.60218, 0, 6],
			"to": [8.39782, 16, 10],
			"rotation": {"angle": 45, "axis": "y", "origin": [8, 8, 8]},
			"faces": {
				"north": {"uv": [1.5, 2, 2.5, 10], "texture": "#0"},
				"south": {"uv": [1.5, 2, 2.5, 10], "texture": "#0"},
				"up": {"uv": [1.75, 1.5, 2.25, 2.5], "texture": "#0"},
				"down": {"uv": [1.75, 9.5, 2.25, 10.5], "texture": "#0"}
			}
		},
		{
			"name": "hexadecagon",
			"from": [6, 0, 7.60218],
			"to": [10, 16, 8.39782],
			"rotation": {"angle": -22.5, "axis": "y", "origin": [8, 8, 8]},
			"faces": {
				"east": {"uv": [1.5, 2, 2.5, 10], "texture": "#0"},
				"west": {"uv": [1.5, 2, 2.5, 10], "texture": "#0"},
				"up": {"uv": [1.75, 1.5, 2.25, 2.5], "rotation": 270, "texture": "#0"},
				"down": {"uv": [1.75, 9.5, 2.25, 10.5], "rotation": 90, "texture": "#0"}
			}
		},
		{
			"name": "hexadecagon",
			"from": [6, 0, 7.60218],
			"to": [10, 16, 8.39782],
			"faces": {
				"east": {"uv": [1.5, 2, 2.5, 10], "texture": "#0"},
				"west": {"uv": [1.5, 2, 2.5, 10], "texture": "#0"},
				"up": {"uv": [1.75, 1.5, 2.25, 2.5], "rotation": 270, "texture": "#0"},
				"down": {"uv": [1.75, 9.5, 2.25, 10.5], "rotation": 90, "texture": "#0"}
			}
		},
		{
			"name": "hexadecagon",
			"from": [6, 0, 7.60218],
			"to": [10, 16, 8.39782],
			"rotation": {"angle": 22.5, "axis": "y", "origin": [8, 8, 8]},
			"faces": {
				"east": {"uv": [1.5, 2, 2.5, 10], "texture": "#0"},
				"west": {"uv": [1.5, 2, 2.5, 10], "texture": "#0"},
				"up": {"uv": [1.75, 1.5, 2.25, 2.5], "rotation": 270, "texture": "#0"},
				"down": {"uv": [1.75, 9.5, 2.25, 10.5], "rotation": 90, "texture": "#0"}
			}
		},
		{
			"name": "hexadecagon",
			"from": [4.02175, 8.01, -12],
			"to": [11.97825, 8.01, 28],
			"rotation": {"angle": -45, "axis": "y", "origin": [8, 8, 8]},
			"faces": {
				"north": {"uv": [8.00375, 6.00375, 13.99625, 15.99625], "texture": "#0"},
				"east": {"uv": [8.00375, 6.00375, 13.99625, 15.99625], "texture": "#0"},
				"south": {"uv": [8.00375, 6.00375, 13.99625, 15.99625], "texture": "#0"},
				"west": {"uv": [8.00375, 6.00375, 13.99625, 15.99625], "texture": "#0"},
				"up": {"uv": [8.00375, 6.00375, 13.99625, 15.99625], "texture": "#0"},
				"down": {"uv": [8.00375, 6.00375, 13.99625, 15.99625], "texture": "#0"}
			}
		},
		{
			"name": "hexadecagon",
			"from": [4.02175, 8, -12],
			"to": [11.97825, 8, 28],
			"rotation": {"angle": -22.5, "axis": "y", "origin": [8, 8, 8]},
			"faces": {
				"north": {"uv": [8.1, 6.00375, 13.9, 15.99625], "texture": "#0"},
				"east": {"uv": [8.1, 6.00375, 13.9, 15.99625], "texture": "#0"},
				"south": {"uv": [8.1, 6.00375, 13.9, 15.99625], "texture": "#0"},
				"west": {"uv": [8.1, 6.00375, 13.9, 15.99625], "texture": "#0"},
				"up": {"uv": [8.1, 6.00375, 13.9, 15.99625], "texture": "#0"},
				"down": {"uv": [8.1, 6.00375, 13.9, 15.99625], "texture": "#0"}
			}
		},
		{
			"name": "hexadecagon",
			"from": [4.02175, 8.01, -12],
			"to": [11.97825, 8.01, 28],
			"faces": {
				"north": {"uv": [8.00375, 6.00375, 13.99625, 15.99625], "texture": "#0"},
				"east": {"uv": [8.00375, 6.00375, 13.99625, 15.99625], "texture": "#0"},
				"south": {"uv": [8.00375, 6.00375, 13.99625, 15.99625], "texture": "#0"},
				"west": {"uv": [8.00375, 6.00375, 13.99625, 15.99625], "texture": "#0"},
				"up": {"uv": [8.00375, 6.00375, 13.99625, 15.99625], "texture": "#0"},
				"down": {"uv": [8.00375, 6.00375, 13.99625, 15.99625], "texture": "#0"}
			}
		},
		{
			"name": "hexadecagon",
			"from": [4.02175, 8, -12],
			"to": [11.97825, 8, 28],
			"rotation": {"angle": 22.5, "axis": "y", "origin": [8, 8, 8]},
			"faces": {
				"north": {"uv": [8.1, 6.00375, 13.9, 15.99625], "texture": "#0"},
				"east": {"uv": [8.1, 6.00375, 13.9, 15.99625], "texture": "#0"},
				"south": {"uv": [8.1, 6.00375, 13.9, 15.99625], "texture": "#0"},
				"west": {"uv": [8.1, 6.00375, 13.9, 15.99625], "texture": "#0"},
				"up": {"uv": [8.1, 6.00375, 13.9, 15.99625], "texture": "#0"},
				"down": {"uv": [8.1, 6.00375, 13.9, 15.99625], "texture": "#0"}
			}
		},
		{
			"name": "hexadecagon",
			"from": [4.02175, 8.01, -12],
			"to": [11.97825, 8.01, 28],
			"rotation": {"angle": 45, "axis": "y", "origin": [8, 8, 8]},
			"faces": {
				"north": {"uv": [8.00375, 6.00375, 13.99625, 15.99625], "texture": "#0"},
				"east": {"uv": [8.00375, 6.00375, 13.99625, 15.99625], "texture": "#0"},
				"south": {"uv": [8.00375, 6.00375, 13.99625, 15.99625], "texture": "#0"},
				"west": {"uv": [8.00375, 6.00375, 13.99625, 15.99625], "texture": "#0"},
				"up": {"uv": [8.00375, 6.00375, 13.99625, 15.99625], "texture": "#0"},
				"down": {"uv": [8.00375, 6.00375, 13.99625, 15.99625], "texture": "#0"}
			}
		},
		{
			"name": "hexadecagon",
			"from": [-12, 8, 4.02175],
			"to": [28, 8, 11.97825],
			"rotation": {"angle": -22.5, "axis": "y", "origin": [8, 8, 8]},
			"faces": {
				"north": {"uv": [8.1, 6.00375, 13.9, 15.99625], "rotation": 90, "texture": "#0"},
				"east": {"uv": [8.1, 6.00375, 13.9, 15.99625], "rotation": 90, "texture": "#0"},
				"south": {"uv": [8.1, 6.00375, 13.9, 15.99625], "rotation": 90, "texture": "#0"},
				"west": {"uv": [8.1, 6.00375, 13.9, 15.99625], "rotation": 90, "texture": "#0"},
				"up": {"uv": [8.1, 6.00375, 13.9, 15.99625], "rotation": 90, "texture": "#0"},
				"down": {"uv": [8.1, 6.00375, 13.9, 15.99625], "rotation": 90, "texture": "#0"}
			}
		},
		{
			"name": "hexadecagon",
			"from": [-12, 8.01, 4.02175],
			"to": [28, 8.01, 11.97825],
			"faces": {
				"north": {"uv": [8.00375, 6.00375, 13.99625, 15.99625], "rotation": 90, "texture": "#0"},
				"east": {"uv": [8.00375, 6.00375, 13.99625, 15.99625], "rotation": 90, "texture": "#0"},
				"south": {"uv": [8.00375, 6.00375, 13.99625, 15.99625], "rotation": 90, "texture": "#0"},
				"west": {"uv": [8.00375, 6.00375, 13.99625, 15.99625], "rotation": 90, "texture": "#0"},
				"up": {"uv": [8.00375, 6.00375, 13.99625, 15.99625], "rotation": 90, "texture": "#0"},
				"down": {"uv": [8.00375, 6.00375, 13.99625, 15.99625], "rotation": 90, "texture": "#0"}
			}
		},
		{
			"name": "hexadecagon",
			"from": [-12, 8, 4.02175],
			"to": [28, 8, 11.97825],
			"rotation": {"angle": 22.5, "axis": "y", "origin": [8, 8, 8]},
			"faces": {
				"north": {"uv": [8.1, 6.00375, 13.9, 15.99625], "rotation": 90, "texture": "#0"},
				"east": {"uv": [8.1, 6.00375, 13.9, 15.99625], "rotation": 90, "texture": "#0"},
				"south": {"uv": [8.1, 6.00375, 13.9, 15.99625], "rotation": 90, "texture": "#0"},
				"west": {"uv": [8.1, 6.00375, 13.9, 15.99625], "rotation": 90, "texture": "#0"},
				"up": {"uv": [8.1, 6.00375, 13.9, 15.99625], "rotation": 90, "texture": "#0"},
				"down": {"uv": [8.1, 6.00375, 13.9, 15.99625], "rotation": 90, "texture": "#0"}
			}
		}
	],
	"display": {
		"thirdperson_righthand": {
			"rotation": [78, 0, 0],
			"translation": [10.5, -1.75, 20.75],
			"scale": [0.5, 0.5, 0.5]
		},
		"thirdperson_lefthand": {
			"rotation": [80, 0, 0],
			"translation": [13.75, 0, 17.75],
			"scale": [0.5, 0.5, 0.5]
		},
		"firstperson_righthand": {
			"translation": [0, 7, 8.25],
			"scale": [0.1, 0.1, 0.1]
		},
		"firstperson_lefthand": {
			"translation": [67, 0, 0]
		},
		"ground": {
			"scale": [0.5, 0.5, 0.5]
		},
		"gui": {
			"rotation": [17, 0, 0],
			"translation": [1.75, 0, 0],
			"scale": [0.5, 0.5, 0.5]
		},
		"head": {
			"translation": [0, 21, 0]
		},
		"fixed": {
			"rotation": [3, 48, 19],
			"translation": [0, -0.5, 0]
		}
	},
	"groups": [
		{
			"name": "hexadecagon",
			"origin": [8, 8, 8],
			"children": [0, 1, 2, 3, 4, 5, 6, 7]
		},
		{
			"name": "hexadecagon",
			"origin": [8, 8, 8],
			"children": [8, 9, 10, 11, 12, 13, 14, 15]
		},
		{
			"name": "hexadecagon",
			"origin": [8, 8, 8],
			"children": [16, 17, 18, 19, 20, 21, 22, 23]
		},
		{
			"name": "hexadecagon",
			"origin": [8, 8, 8],
			"children": [24, 25, 26, 27, 28, 29, 30, 31]
		},
		{
			"name": "hexadecagon",
			"origin": [8, 8, 8],
			"children": [32, 33, 34, 35, 36, 37, 38, 39]
		},
		{
			"name": "hexadecagon",
			"origin": [8, 8, 8],
			"children": [40, 41, 42, 43, 44, 45, 46, 47]
		},
		{
			"name": "hexadecagon",
			"origin": [8, 8, 8],
			"children": [48, 49, 50, 51, 52, 53, 54, 55]
		},
		{
			"name": "hexadecagon",
			"origin": [8, 8, 8],
			"children": [56, 57, 58, 59, 60, 61, 62, 63]
		},
		{
			"name": "hexadecagon",
			"origin": [8, 8, 8],
			"children": [64, 65, 66, 67, 68, 69, 70, 71]
		},
		{
			"name": "hexadecagon",
			"origin": [8, 8, 8],
			"children": [72, 73, 74, 75, 76, 77, 78, 79]
		},
		{
			"name": "hexadecagon",
			"origin": [8, 8, 8],
			"children": [80, 81, 82, 83, 84, 85, 86, 87]
		}
	]
}