{
	"credit": "quiktori",
	"textures": {
		"0": "items/bita",
		"particle": "items/bita"
	},
	"elements": [
		{
			"from": [7.75, 0.12, 7],
			"to": [8, 0.37, 8],
			"faces": {
				"north": {"uv": [10.5, 14.5, 11.25, 15.25], "texture": "#0"},
				"east": {"uv": [8, 16, 16, 14.5], "texture": "#0"},
				"south": {"uv": [10.5, 14.5, 11.25, 15.25], "texture": "#0"},
				"west": {"uv": [0, 0, 1, 0.25], "texture": "#missing"},
				"up": {"uv": [16, 14.5, 8, 16], "rotation": 90, "texture": "#0"},
				"down": {"uv": [16, 14.5, 8, 16], "rotation": 90, "texture": "#0"}
			}
		},
		{
			"from": [6.5, 0.12, 8.25],
			"to": [7.5, 0.37, 8.5],
			"faces": {
				"north": {"uv": [0, 0, 1, 0.25], "texture": "#missing"},
				"east": {"uv": [10.5, 14.5, 11.25, 15.25], "texture": "#0"},
				"south": {"uv": [16, 14.5, 8, 16], "texture": "#0"},
				"west": {"uv": [10.5, 14.5, 11.25, 15.25], "texture": "#0"},
				"up": {"uv": [16, 14.5, 8, 16], "texture": "#0"},
				"down": {"uv": [16, 14.5, 8, 16], "texture": "#0"}
			}
		},
		{
			"from": [6.25, 0, 6.75],
			"to": [7.75, 0.5, 8.25],
			"faces": {
				"north": {"uv": [8, 14.5, 16, 16], "texture": "#0"},
				"east": {"uv": [8, 14.5, 16, 16], "texture": "#0"},
				"south": {"uv": [8, 14.5, 16, 16], "texture": "#0"},
				"west": {"uv": [8, 14.5, 16, 16], "texture": "#0"},
				"up": {"uv": [8, 0, 16, 8], "texture": "#0"},
				"down": {"uv": [8, 0, 16, 8], "texture": "#0"}
			}
		},
		{
			"from": [6.5, 0.5, 7],
			"to": [7.5, 4.25, 8],
			"faces": {
				"north": {"uv": [0, 0, 2.5, 8], "texture": "#0"},
				"east": {"uv": [0, 0, 2.5, 8], "texture": "#0"},
				"south": {"uv": [0, 0, 2.5, 8], "texture": "#0"},
				"west": {"uv": [0, 0, 2.5, 8], "texture": "#0"},
				"up": {"uv": [0, 0, 1, 1], "texture": "#missing"},
				"down": {"uv": [0, 0, 1, 1], "texture": "#missing"}
			}
		},
		{
			"from": [5.90134, 4.53806, 7],
			"to": [6.90134, 7.53806, 8],
			"rotation": {"angle": 22.5, "axis": "z", "origin": [6.40134, 6.03806, 7.5]},
			"faces": {
				"north": {"uv": [0, 0, 2.5, 5.5], "texture": "#0"},
				"east": {"uv": [0, 0, 1, 3], "texture": "#missing"},
				"south": {"uv": [0, 0, 2.5, 5.5], "texture": "#0"},
				"west": {"uv": [0, 0, 2.5, 5.5], "texture": "#0"},
				"up": {"uv": [0, 0, 1, 1], "texture": "#missing"},
				"down": {"uv": [0, 0, 1, 1], "texture": "#missing"}
			}
		},
		{
			"from": [5.38, 7.22, 7],
			"to": [6.38, 15.22, 8],
			"faces": {
				"north": {"uv": [0, 0, 3, 7.729], "texture": "#0"},
				"east": {"uv": [0, 0, 1, 8], "texture": "#missing"},
				"south": {"uv": [0, 0, 3, 7.729], "texture": "#0"},
				"west": {"uv": [0, 0, 3, 7.729], "texture": "#0"},
				"up": {"uv": [0, 0, 1, 1], "texture": "#missing"},
				"down": {"uv": [0, 0, 1, 1], "texture": "#missing"}
			}
		},
		{
			"from": [7.11134, 4.53806, 7],
			"to": [8.11134, 7.53806, 8],
			"rotation": {"angle": -22.5, "axis": "z", "origin": [7.65134, 6.03806, 7.5]},
			"faces": {
				"north": {"uv": [0, 0, 2.5, 5.5], "texture": "#0"},
				"east": {"uv": [0, 0, 2.5, 5.5], "texture": "#0"},
				"south": {"uv": [0, 0, 2.5, 5.5], "texture": "#0"},
				"west": {"uv": [0, 0, 1, 3], "texture": "#missing"},
				"up": {"uv": [0, 0, 1, 1], "texture": "#missing"},
				"down": {"uv": [0, 0, 1, 1], "texture": "#missing"}
			}
		},
		{
			"from": [6.5, 4.54, 6.38],
			"to": [7.5, 7.54, 7.38],
			"rotation": {"angle": -22.5, "axis": "x", "origin": [7, 6.04, 6.92]},
			"faces": {
				"north": {"uv": [0, 0, 2.5, 5.5], "texture": "#0"},
				"east": {"uv": [0, 0, 2.5, 5.5], "texture": "#0"},
				"south": {"uv": [0, 0, 1, 3], "texture": "#missing"},
				"west": {"uv": [0, 0, 2.5, 5.5], "texture": "#0"},
				"up": {"uv": [0, 0, 1, 1], "texture": "#missing"},
				"down": {"uv": [0, 0, 1, 1], "texture": "#missing"}
			}
		},
		{
			"from": [6.5, 7.22, 5.84],
			"to": [7.5, 15.22, 6.84],
			"faces": {
				"north": {"uv": [0, 0, 3, 7.729], "texture": "#0"},
				"east": {"uv": [0, 0, 3, 7.729], "texture": "#0"},
				"south": {"uv": [0, 0, 1, 8], "texture": "#missing"},
				"west": {"uv": [0, 0, 3, 7.729], "texture": "#0"},
				"up": {"uv": [0, 0, 1, 1], "texture": "#missing"},
				"down": {"uv": [0, 0, 1, 1], "texture": "#missing"}
			}
		},
		{
			"from": [6.5, 7.22, 8.16],
			"to": [7.5, 15.22, 9.16],
			"faces": {
				"north": {"uv": [0, 0, 1, 8], "texture": "#missing"},
				"east": {"uv": [0, 0, 3, 7.729], "texture": "#0"},
				"south": {"uv": [0, 0, 3, 7.729], "texture": "#0"},
				"west": {"uv": [0, 0, 3, 7.729], "texture": "#0"},
				"up": {"uv": [0, 0, 1, 1], "texture": "#missing"},
				"down": {"uv": [0, 0, 1, 1], "texture": "#missing"}
			}
		},
		{
			"from": [7.63, 7.22, 7],
			"to": [8.63, 15.22, 8],
			"faces": {
				"north": {"uv": [0, 0, 3, 7.729], "texture": "#0"},
				"east": {"uv": [0, 0, 3, 7.729], "texture": "#0"},
				"south": {"uv": [0, 0, 3, 7.729], "texture": "#0"},
				"west": {"uv": [0, 0, 1, 8], "texture": "#missing"},
				"up": {"uv": [0, 0, 1, 1], "texture": "#missing"},
				"down": {"uv": [0, 0, 1, 1], "texture": "#missing"}
			}
		},
		{
			"from": [6, 6.49, 6.5],
			"to": [8, 16.22, 8.5],
			"faces": {
				"north": {"uv": [0, 0, 3.5, 7.729], "texture": "#0"},
				"east": {"uv": [0, 0, 3.5, 7.729], "texture": "#0"},
				"south": {"uv": [0, 0, 3.5, 7.729], "texture": "#0"},
				"west": {"uv": [0, 0, 3.5, 7.729], "texture": "#0"},
				"up": {"uv": [0, 0, 4, 4], "texture": "#0"},
				"down": {"uv": [0, 0, 3, 7.729], "texture": "#0"}
			}
		},
		{
			"from": [5.75, 7.24, 6.75],
			"to": [8.25, 16.22, 8.25],
			"faces": {
				"north": {"uv": [0, 0, 3.5, 7.729], "texture": "#0"},
				"east": {"uv": [0, 0, 3.5, 7.729], "texture": "#0"},
				"south": {"uv": [0, 0, 3.5, 7.729], "texture": "#0"},
				"west": {"uv": [0, 0, 3.5, 7.729], "texture": "#0"},
				"up": {"uv": [0, 0, 4, 4], "texture": "#0"},
				"down": {"uv": [0, 0, 3, 7.729], "texture": "#0"}
			}
		},
		{
			"from": [6.25, 7.24, 6.25],
			"to": [7.75, 16.22, 8.75],
			"faces": {
				"north": {"uv": [0, 0, 3.5, 7.729], "texture": "#0"},
				"east": {"uv": [0, 0, 3.5, 7.729], "texture": "#0"},
				"south": {"uv": [0, 0, 3.5, 7.729], "texture": "#0"},
				"west": {"uv": [0, 0, 3.5, 7.729], "texture": "#0"},
				"up": {"uv": [0, 0, 4, 4], "texture": "#0"},
				"down": {"uv": [0, 0, 3, 7.729], "texture": "#0"}
			}
		},
		{
			"from": [6.25, 6.24, 6.75],
			"to": [7.75, 6.49, 8.25],
			"faces": {
				"north": {"uv": [0, 0, 1.5, 0.25], "texture": "#0"},
				"east": {"uv": [0, 0, 1, 0.728], "texture": "#0"},
				"south": {"uv": [0, 0, 1, 0.728], "texture": "#0"},
				"west": {"uv": [0, 0, 1.5, 0.25], "texture": "#0"},
				"up": {"uv": [0, 0, 1.5, 1.5], "texture": "#missing"},
				"down": {"uv": [0, 0, 3, 7.729], "texture": "#0"}
			}
		},
		{
			"from": [6.5, 4.54, 7.63],
			"to": [7.5, 7.54, 8.63],
			"rotation": {"angle": 22.5, "axis": "x", "origin": [7, 6.04, 8.17]},
			"faces": {
				"north": {"uv": [0, 0, 1, 3], "texture": "#missing"},
				"east": {"uv": [0, 0, 2.5, 5.5], "texture": "#0"},
				"south": {"uv": [0, 0, 2.5, 5.5], "texture": "#0"},
				"west": {"uv": [0, 0, 2.5, 5.5], "texture": "#0"},
				"up": {"uv": [0, 0, 1, 1], "texture": "#missing"},
				"down": {"uv": [0, 0, 1, 1], "texture": "#missing"}
			}
		},
		{
			"from": [6.5, 14.94, 7.63],
			"to": [7.5, 15.94, 8.63],
			"rotation": {"angle": -22.5, "axis": "x", "origin": [7, 16.44, 8.17]},
			"faces": {
				"north": {"uv": [0, 0, 1, 1], "texture": "#missing"},
				"east": {"uv": [0, 0, 3.5, 2], "texture": "#0"},
				"south": {"uv": [0, 0, 3.5, 2], "texture": "#0"},
				"west": {"uv": [0, 0, 3.5, 2], "texture": "#0"},
				"up": {"uv": [0, 0, 1, 1], "texture": "#missing"},
				"down": {"uv": [0, 0, 1, 1], "texture": "#missing"}
			}
		},
		{
			"from": [5.90134, 14.93806, 7],
			"to": [6.90134, 15.93806, 8],
			"rotation": {"angle": -22.5, "axis": "z", "origin": [6.40134, 16.43806, 7.5]},
			"faces": {
				"north": {"uv": [0, 0, 3.5, 2], "texture": "#0"},
				"east": {"uv": [0, 0, 1, 1], "texture": "#missing"},
				"south": {"uv": [0, 0, 3.5, 2], "texture": "#0"},
				"west": {"uv": [0, 0, 3.5, 2], "texture": "#0"},
				"up": {"uv": [0, 0, 1, 1], "texture": "#missing"},
				"down": {"uv": [0, 0, 1, 1], "texture": "#missing"}
			}
		},
		{
			"from": [6.5, 14.92469, 6.38304],
			"to": [7.5, 15.92469, 7.38304],
			"rotation": {"angle": 22.5, "axis": "x", "origin": [7, 16.42469, 6.88304]},
			"faces": {
				"north": {"uv": [0, 0, 3.5, 2], "texture": "#0"},
				"east": {"uv": [0, 0, 3.5, 2], "texture": "#0"},
				"south": {"uv": [0, 0, 1, 1], "texture": "#missing"},
				"west": {"uv": [0, 0, 3.5, 2], "texture": "#0"},
				"up": {"uv": [0, 0, 1, 1], "texture": "#missing"},
				"down": {"uv": [0, 0, 1, 1], "texture": "#missing"}
			}
		},
		{
			"from": [7.11134, 14.93806, 7],
			"to": [8.11134, 15.93806, 8],
			"rotation": {"angle": 22.5, "axis": "z", "origin": [7.65134, 16.43806, 7.5]},
			"faces": {
				"north": {"uv": [0, 0, 3.5, 2], "texture": "#0"},
				"east": {"uv": [0, 0, 3.5, 2], "texture": "#0"},
				"south": {"uv": [0, 0, 3.5, 2], "texture": "#0"},
				"west": {"uv": [0, 0, 1, 1], "texture": "#missing"},
				"up": {"uv": [0, 0, 1, 1], "texture": "#missing"},
				"down": {"uv": [0, 0, 1, 1], "texture": "#missing"}
			}
		},
		{
			"from": [6.5, 16.45, 6.75],
			"to": [7.5, 16.68, 8.25],
			"faces": {
				"north": {"uv": [0, 0, 2.5, 1], "texture": "#0"},
				"east": {"uv": [0, 0, 2.5, 1], "texture": "#0"},
				"south": {"uv": [0, 0, 2.5, 1], "texture": "#0"},
				"west": {"uv": [0, 0, 2.5, 1], "texture": "#0"},
				"up": {"uv": [0, 0, 4, 4], "texture": "#0"},
				"down": {"uv": [0, 0, 1, 1.5], "texture": "#missing"}
			}
		},
		{
			"from": [6.25, 16.45, 7],
			"to": [7.75, 16.68, 8],
			"faces": {
				"north": {"uv": [0, 0, 2.5, 1], "texture": "#0"},
				"east": {"uv": [0, 0, 2.5, 1], "texture": "#0"},
				"south": {"uv": [0, 0, 2.5, 1], "texture": "#0"},
				"west": {"uv": [0, 0, 2.5, 1], "texture": "#0"},
				"up": {"uv": [0, 0, 4, 4], "texture": "#0"},
				"down": {"uv": [0, 0, 1, 1.5], "rotation": 270, "texture": "#missing"}
			}
		},
		{
			"from": [6.5, 16.66, 7],
			"to": [7.5, 16.89, 8],
			"faces": {
				"north": {"uv": [0, 0, 2.5, 1], "texture": "#0"},
				"east": {"uv": [0, 0, 2.5, 1], "texture": "#0"},
				"south": {"uv": [0, 0, 2.5, 1], "texture": "#0"},
				"west": {"uv": [0, 0, 2.5, 1], "texture": "#0"},
				"up": {"uv": [0, 0, 2, 2], "texture": "#0"},
				"down": {"uv": [0, 0, 1, 1], "texture": "#missing"}
			}
		},
		{
			"from": [6.25, 16.2, 6.5],
			"to": [7.75, 16.47, 8.5],
			"faces": {
				"north": {"uv": [0, 0, 2.5, 1], "texture": "#0"},
				"east": {"uv": [0, 0, 2.5, 1], "texture": "#0"},
				"south": {"uv": [0, 0, 2.5, 1], "texture": "#0"},
				"west": {"uv": [0, 0, 2.5, 1], "texture": "#0"},
				"up": {"uv": [0, 0, 4, 4], "texture": "#0"},
				"down": {"uv": [0, 0, 1.5, 2], "texture": "#missing"}
			}
		},
		{
			"from": [6, 16.2, 6.75],
			"to": [8, 16.47, 8.25],
			"faces": {
				"north": {"uv": [0, 0, 2.5, 1], "texture": "#0"},
				"east": {"uv": [0, 0, 2.5, 1], "texture": "#0"},
				"south": {"uv": [0, 0, 2.5, 1], "texture": "#0"},
				"west": {"uv": [0, 0, 2.5, 1], "texture": "#0"},
				"up": {"uv": [0, 0, 4, 4], "texture": "#0"},
				"down": {"uv": [0, 0, 1.5, 2], "rotation": 270, "texture": "#missing"}
			}
		},
		{
			"from": [6.25, 4.25, 6.75],
			"to": [7.75, 4.75, 8.25],
			"faces": {
				"north": {"uv": [8, 14.5, 16, 16], "texture": "#0"},
				"east": {"uv": [8, 14.5, 16, 16], "texture": "#0"},
				"south": {"uv": [8, 14.5, 16, 16], "texture": "#0"},
				"west": {"uv": [8, 14.5, 16, 16], "texture": "#0"},
				"up": {"uv": [8, 0, 16, 8], "texture": "#0"},
				"down": {"uv": [8, 0, 16, 8], "texture": "#0"}
			}
		},
		{
			"from": [6, 0.12, 7],
			"to": [6.25, 0.37, 8],
			"faces": {
				"north": {"uv": [10.5, 14.5, 11.25, 15.25], "texture": "#0"},
				"east": {"uv": [8, 16, 16, 14.5], "texture": "#0"},
				"south": {"uv": [10.5, 14.5, 11.25, 15.25], "texture": "#0"},
				"west": {"uv": [8, 16, 16, 14.5], "texture": "#0"},
				"up": {"uv": [16, 14.5, 8, 16], "rotation": 90, "texture": "#0"},
				"down": {"uv": [8, 16, 16, 14.5], "rotation": 90, "texture": "#0"}
			}
		},
		{
			"from": [6.5, 0.12, 6.5],
			"to": [7.5, 0.37, 6.75],
			"faces": {
				"north": {"uv": [16, 14.5, 8, 16], "texture": "#0"},
				"east": {"uv": [10.5, 14.5, 11.25, 15.25], "texture": "#0"},
				"south": {"uv": [0, 0, 1, 0.25], "texture": "#missing"},
				"west": {"uv": [10.5, 14.5, 11.25, 15.25], "texture": "#0"},
				"up": {"uv": [16, 14.5, 8, 16], "texture": "#0"},
				"down": {"uv": [16, 14.5, 8, 16], "texture": "#0"}
			}
		},
		{
			"from": [6.5, 4.37, 6.5],
			"to": [7.5, 4.62, 6.75],
			"faces": {
				"north": {"uv": [16, 14.5, 8, 16], "texture": "#0"},
				"east": {"uv": [10.5, 14.5, 11.25, 15.25], "texture": "#0"},
				"south": {"uv": [0, 0, 1, 0.25], "texture": "#missing"},
				"west": {"uv": [10.5, 14.5, 11.25, 15.25], "texture": "#0"},
				"up": {"uv": [16, 14.5, 8, 16], "texture": "#0"},
				"down": {"uv": [16, 14.5, 8, 16], "texture": "#0"}
			}
		},
		{
			"from": [7.75, 4.37, 7],
			"to": [8, 4.62, 8],
			"faces": {
				"north": {"uv": [10.5, 14.5, 11.25, 15.25], "texture": "#0"},
				"east": {"uv": [8, 16, 16, 14.5], "texture": "#0"},
				"south": {"uv": [10.5, 14.5, 11.25, 15.25], "texture": "#0"},
				"west": {"uv": [0, 0, 1, 0.25], "texture": "#missing"},
				"up": {"uv": [16, 14.5, 8, 16], "rotation": 90, "texture": "#0"},
				"down": {"uv": [8, 14.5, 15.75, 15.75], "rotation": 90, "texture": "#0"}
			}
		},
		{
			"from": [6.5, 4.37, 8.25],
			"to": [7.5, 4.62, 8.5],
			"faces": {
				"north": {"uv": [0, 0, 1, 0.25], "texture": "#missing"},
				"east": {"uv": [10.5, 14.5, 11.25, 15.25], "texture": "#0"},
				"south": {"uv": [16, 14.5, 8, 16], "texture": "#0"},
				"west": {"uv": [10.5, 14.5, 11.25, 15.25], "texture": "#0"},
				"up": {"uv": [16, 14.5, 8, 16], "texture": "#0"},
				"down": {"uv": [16, 14.5, 8, 16], "texture": "#0"}
			}
		},
		{
			"from": [6, 4.37, 7],
			"to": [6.25, 4.62, 8],
			"faces": {
				"north": {"uv": [10.5, 14.5, 11.25, 15.25], "texture": "#0"},
				"east": {"uv": [8, 16, 16, 14.5], "texture": "#0"},
				"south": {"uv": [10.5, 14.5, 11.25, 15.25], "texture": "#0"},
				"west": {"uv": [8, 16, 16, 14.5], "texture": "#0"},
				"up": {"uv": [16, 14.5, 8, 16], "rotation": 90, "texture": "#0"},
				"down": {"uv": [8, 16, 16, 14.5], "rotation": 90, "texture": "#0"}
			}
		}
	],
	"display": {
		"thirdperson_righthand": {
			"translation": [1, 3.5, 0.75]
		},
		"thirdperson_lefthand": {
			"translation": [-1, 3.5, 0.75]
		},
		"firstperson_righthand": {
			"rotation": [-31, 0, 0],
			"translation": [2.5, 2.5, 0],
			"scale": [0.5, 0.5, 0.5]
		},
		"firstperson_lefthand": {
			"rotation": [-31, 0, 0],
			"translation": [2.5, 2.5, 0],
			"scale": [0.5, 0.5, 0.5]
		},
		"ground": {
			"translation": [0, 2.25, 0],
			"scale": [0.5, 0.5, 0.5]
		},
		"gui": {
			"rotation": [0, -48, 54],
			"translation": [0.25, 1, 0],
			"scale": [1.4, 1.4, 1.4]
		},
		"fixed": {
			"translation": [1.5, 0, 0]
		}
	}
}