{
	"credit": "quiktori",
	"textures": {
		"1": "items/silver",
		"2": "items/white",
		"3": "items/iron_stained_glass",
		"particle": "items/white"
	},
	"elements": [
		{
			"from": [8.4, 0, 8.7],
			"to": [8.5, 6.3, 8.8],
			"faces": {
				"north": {"uv": [0, 0, 16, 16], "texture": "#1"},
				"east": {"uv": [0, 0, 16, 16], "texture": "#1"},
				"south": {"uv": [0, 0, 16, 16], "texture": "#1"},
				"west": {"uv": [0, 0, 16, 16], "texture": "#1"},
				"up": {"uv": [0, 0, 16, 16], "texture": "#1"},
				"down": {"uv": [0, 0, 16, 16], "texture": "#1"}
			}
		},
		{
			"from": [8.5, 0, 8.2],
			"to": [8.6, 6.3, 8.3],
			"faces": {
				"north": {"uv": [0, 0, 16, 16], "texture": "#1"},
				"east": {"uv": [0, 0, 16, 16], "texture": "#1"},
				"south": {"uv": [0, 0, 16, 16], "texture": "#1"},
				"west": {"uv": [0, 0, 16, 16], "texture": "#1"},
				"up": {"uv": [0, 0, 16, 16], "texture": "#1"},
				"down": {"uv": [0, 0, 16, 16], "texture": "#1"}
			}
		},
		{
			"from": [8.2, 0, 8.4],
			"to": [8.3, 6.3, 8.6],
			"faces": {
				"north": {"uv": [0, 0, 16, 16], "texture": "#1"},
				"east": {"uv": [0, 0, 16, 16], "texture": "#1"},
				"south": {"uv": [0, 0, 16, 16], "texture": "#1"},
				"west": {"uv": [0, 0, 16, 16], "texture": "#1"},
				"up": {"uv": [0, 0, 16, 16], "texture": "#1"},
				"down": {"uv": [0, 0, 16, 16], "texture": "#1"}
			}
		},
		{
			"from": [8.7, 0, 8.4],
			"to": [8.8, 6.3, 8.6],
			"faces": {
				"north": {"uv": [0, 0, 16, 16], "texture": "#1"},
				"east": {"uv": [0, 0, 16, 16], "texture": "#1"},
				"south": {"uv": [0, 0, 16, 16], "texture": "#1"},
				"west": {"uv": [0, 0, 16, 16], "texture": "#1"},
				"up": {"uv": [0, 0, 16, 16], "texture": "#1"},
				"down": {"uv": [0, 0, 16, 16], "texture": "#1"}
			}
		},
		{
			"from": [8.4, 0, 8.2],
			"to": [8.5, 6.3, 8.3],
			"faces": {
				"north": {"uv": [0, 0, 16, 16], "texture": "#1"},
				"east": {"uv": [0, 0, 16, 16], "texture": "#1"},
				"south": {"uv": [0, 0, 16, 16], "texture": "#1"},
				"west": {"uv": [0, 0, 16, 16], "texture": "#1"},
				"up": {"uv": [0, 0, 16, 16], "texture": "#1"},
				"down": {"uv": [0, 0, 16, 16], "texture": "#1"}
			}
		},
		{
			"from": [8.5, 0, 8.7],
			"to": [8.6, 6.3, 8.8],
			"faces": {
				"north": {"uv": [0, 0, 16, 16], "texture": "#1"},
				"east": {"uv": [0, 0, 16, 16], "texture": "#1"},
				"south": {"uv": [0, 0, 16, 16], "texture": "#1"},
				"west": {"uv": [0, 0, 16, 16], "texture": "#1"},
				"up": {"uv": [0, 0, 16, 16], "texture": "#1"},
				"down": {"uv": [0, 0, 16, 16], "texture": "#1"}
			}
		},
		{
			"from": [8.3, 0, 8.3],
			"to": [8.5, 6.3, 8.7],
			"faces": {
				"north": {"uv": [0, 0, 16, 16], "texture": "#1"},
				"east": {"uv": [0, 0, 16, 16], "texture": "#1"},
				"south": {"uv": [0, 0, 16, 16], "texture": "#1"},
				"west": {"uv": [0, 0, 16, 16], "texture": "#1"},
				"up": {"uv": [0, 0, 16, 16], "texture": "#1"},
				"down": {"uv": [0, 0, 16, 16], "texture": "#1"}
			}
		},
		{
			"from": [8.5, 0, 8.3],
			"to": [8.7, 6.3, 8.7],
			"faces": {
				"north": {"uv": [0, 0, 16, 16], "texture": "#1"},
				"east": {"uv": [0, 0, 16, 16], "texture": "#1"},
				"south": {"uv": [0, 0, 16, 16], "texture": "#1"},
				"west": {"uv": [0, 0, 16, 16], "texture": "#1"},
				"up": {"uv": [0, 0, 16, 16], "texture": "#1"},
				"down": {"uv": [0, 0, 16, 16], "texture": "#1"}
			}
		},
		{
			"from": [8.1, 5.3, 8.1],
			"to": [8.9, 6, 8.9],
			"faces": {
				"north": {"uv": [0, 0, 16, 16], "texture": "#2"},
				"east": {"uv": [0, 0, 16, 16], "texture": "#2"},
				"south": {"uv": [0, 0, 16, 16], "texture": "#2"},
				"west": {"uv": [0, 0, 16, 16], "texture": "#2"},
				"up": {"uv": [0, 0, 16, 16], "texture": "#2"},
				"down": {"uv": [0, 0, 16, 16], "texture": "#2"}
			}
		},
		{
			"from": [8.9, 5.3, 8.1],
			"to": [9.5, 5.9, 8.9],
			"faces": {
				"north": {"uv": [0, 0, 16, 16], "texture": "#2"},
				"east": {"uv": [0, 0, 16, 16], "texture": "#2"},
				"south": {"uv": [0, 0, 16, 16], "texture": "#2"},
				"west": {"uv": [0, 0, 16, 16], "texture": "#2"},
				"up": {"uv": [0, 0, 16, 16], "texture": "#2"},
				"down": {"uv": [0, 0, 16, 16], "texture": "#2"}
			}
		},
		{
			"from": [10, 5, 8.2],
			"to": [10.5, 5.5, 8.8],
			"faces": {
				"north": {"uv": [0, 0, 16, 16], "texture": "#2"},
				"east": {"uv": [0, 0, 16, 16], "texture": "#2"},
				"south": {"uv": [0, 0, 16, 16], "texture": "#2"},
				"west": {"uv": [0, 0, 16, 16], "texture": "#2"},
				"up": {"uv": [0, 0, 16, 16], "texture": "#2"},
				"down": {"uv": [0, 0, 16, 16], "texture": "#2"}
			}
		},
		{
			"from": [10.3, 4.6, 8.3],
			"to": [10.8, 5, 8.7],
			"faces": {
				"north": {"uv": [0, 0, 16, 16], "texture": "#2"},
				"east": {"uv": [0, 0, 16, 16], "texture": "#2"},
				"south": {"uv": [0, 0, 16, 16], "texture": "#2"},
				"west": {"uv": [0, 0, 16, 16], "texture": "#2"},
				"up": {"uv": [0, 0, 16, 16], "texture": "#2"},
				"down": {"uv": [0, 0, 16, 16], "texture": "#2"}
			}
		},
		{
			"from": [10.5, 4.1, 8.3],
			"to": [11, 4.6, 8.7],
			"faces": {
				"north": {"uv": [0, 0, 16, 16], "texture": "#2"},
				"east": {"uv": [0, 0, 16, 16], "texture": "#2"},
				"south": {"uv": [0, 0, 16, 16], "texture": "#2"},
				"west": {"uv": [0, 0, 16, 16], "texture": "#2"},
				"up": {"uv": [0, 0, 16, 16], "texture": "#2"},
				"down": {"uv": [0, 0, 16, 16], "texture": "#2"}
			}
		},
		{
			"from": [7.85, 5, 8.1],
			"to": [8.15, 5.3, 8.9],
			"faces": {
				"north": {"uv": [0, 0, 16, 16], "texture": "#2"},
				"east": {"uv": [0, 0, 16, 16], "texture": "#2"},
				"south": {"uv": [0, 0, 16, 16], "texture": "#2"},
				"west": {"uv": [0, 0, 16, 16], "texture": "#2"},
				"up": {"uv": [0, 0, 16, 16], "texture": "#2"},
				"down": {"uv": [0, 0, 16, 16], "texture": "#2"}
			}
		},
		{
			"from": [7.65, 4.9, 8.2],
			"to": [7.85, 5.1, 8.8],
			"faces": {
				"north": {"uv": [0, 0, 16, 16], "texture": "#2"},
				"east": {"uv": [0, 0, 16, 16], "texture": "#2"},
				"south": {"uv": [0, 0, 16, 16], "texture": "#2"},
				"west": {"uv": [0, 0, 16, 16], "texture": "#2"},
				"up": {"uv": [0, 0, 16, 16], "texture": "#2"},
				"down": {"uv": [0, 0, 16, 16], "texture": "#2"}
			}
		},
		{
			"from": [7.55, 4.7, 8.2],
			"to": [7.75, 4.9, 8.8],
			"faces": {
				"north": {"uv": [0, 0, 16, 16], "texture": "#2"},
				"east": {"uv": [0, 0, 16, 16], "texture": "#2"},
				"south": {"uv": [0, 0, 16, 16], "texture": "#2"},
				"west": {"uv": [0, 0, 16, 16], "texture": "#2"},
				"up": {"uv": [0, 0, 16, 16], "texture": "#2"},
				"down": {"uv": [0, 0, 16, 16], "texture": "#2"}
			}
		},
		{
			"from": [7.45, 4.5, 8.3],
			"to": [7.65, 4.7, 8.7],
			"faces": {
				"north": {"uv": [0, 0, 16, 16], "texture": "#2"},
				"east": {"uv": [0, 0, 16, 16], "texture": "#2"},
				"south": {"uv": [0, 0, 16, 16], "texture": "#2"},
				"west": {"uv": [0, 0, 16, 16], "texture": "#2"},
				"up": {"uv": [0, 0, 16, 16], "texture": "#2"},
				"down": {"uv": [0, 0, 16, 16], "texture": "#2"}
			}
		},
		{
			"from": [7.55, 4.3, 8.3],
			"to": [7.75, 4.5, 8.7],
			"faces": {
				"north": {"uv": [0, 0, 16, 16], "texture": "#2"},
				"east": {"uv": [0, 0, 16, 16], "texture": "#2"},
				"south": {"uv": [0, 0, 16, 16], "texture": "#2"},
				"west": {"uv": [0, 0, 16, 16], "texture": "#2"},
				"up": {"uv": [0, 0, 16, 16], "texture": "#2"},
				"down": {"uv": [0, 0, 16, 16], "texture": "#2"}
			}
		},
		{
			"from": [7.65, 4.1, 8.3],
			"to": [7.85, 4.3, 8.7],
			"faces": {
				"north": {"uv": [0, 0, 16, 16], "texture": "#2"},
				"east": {"uv": [0, 0, 16, 16], "texture": "#2"},
				"south": {"uv": [0, 0, 16, 16], "texture": "#2"},
				"west": {"uv": [0, 0, 16, 16], "texture": "#2"},
				"up": {"uv": [0, 0, 16, 16], "texture": "#2"},
				"down": {"uv": [0, 0, 16, 16], "texture": "#2"}
			}
		},
		{
			"from": [7.5, 5.3, 8.1],
			"to": [8.1, 5.9, 8.9],
			"faces": {
				"north": {"uv": [0, 0, 16, 16], "texture": "#2"},
				"east": {"uv": [0, 0, 16, 16], "texture": "#2"},
				"south": {"uv": [0, 0, 16, 16], "texture": "#2"},
				"west": {"uv": [0, 0, 16, 16], "texture": "#2"},
				"up": {"uv": [0, 0, 16, 16], "texture": "#2"},
				"down": {"uv": [0, 0, 16, 16], "texture": "#2"}
			}
		},
		{
			"from": [7, 5.2, 8.2],
			"to": [7.5, 5.7, 8.8],
			"faces": {
				"north": {"uv": [0, 0, 16, 16], "texture": "#2"},
				"east": {"uv": [0, 0, 16, 16], "texture": "#2"},
				"south": {"uv": [0, 0, 16, 16], "texture": "#2"},
				"west": {"uv": [0, 0, 16, 16], "texture": "#2"},
				"up": {"uv": [0, 0, 16, 16], "texture": "#2"},
				"down": {"uv": [0, 0, 16, 16], "texture": "#2"}
			}
		},
		{
			"from": [9.5, 5.2, 8.2],
			"to": [10, 5.7, 8.8],
			"faces": {
				"north": {"uv": [0, 0, 16, 16], "texture": "#2"},
				"east": {"uv": [0, 0, 16, 16], "texture": "#2"},
				"south": {"uv": [0, 0, 16, 16], "texture": "#2"},
				"west": {"uv": [0, 0, 16, 16], "texture": "#2"},
				"up": {"uv": [0, 0, 16, 16], "texture": "#2"},
				"down": {"uv": [0, 0, 16, 16], "texture": "#2"}
			}
		},
		{
			"from": [6.5, 5, 8.2],
			"to": [7, 5.5, 8.8],
			"faces": {
				"north": {"uv": [0, 0, 16, 16], "texture": "#2"},
				"east": {"uv": [0, 0, 16, 16], "texture": "#2"},
				"south": {"uv": [0, 0, 16, 16], "texture": "#2"},
				"west": {"uv": [0, 0, 16, 16], "texture": "#2"},
				"up": {"uv": [0, 0, 16, 16], "texture": "#2"},
				"down": {"uv": [0, 0, 16, 16], "texture": "#2"}
			}
		},
		{
			"from": [6.2, 4.6, 8.3],
			"to": [6.7, 5, 8.7],
			"faces": {
				"north": {"uv": [0, 0, 16, 16], "texture": "#2"},
				"east": {"uv": [0, 0, 16, 16], "texture": "#2"},
				"south": {"uv": [0, 0, 16, 16], "texture": "#2"},
				"west": {"uv": [0, 0, 16, 16], "texture": "#2"},
				"up": {"uv": [0, 0, 16, 16], "texture": "#2"},
				"down": {"uv": [0, 0, 16, 16], "texture": "#2"}
			}
		},
		{
			"from": [6, 4.1, 8.3],
			"to": [6.5, 4.6, 8.7],
			"faces": {
				"north": {"uv": [0, 0, 16, 16], "texture": "#2"},
				"east": {"uv": [0, 0, 16, 16], "texture": "#2"},
				"south": {"uv": [0, 0, 16, 16], "texture": "#2"},
				"west": {"uv": [0, 0, 16, 16], "texture": "#2"},
				"up": {"uv": [0, 0, 16, 16], "texture": "#2"},
				"down": {"uv": [0, 0, 16, 16], "texture": "#2"}
			}
		},
		{
			"from": [8.85, 5, 8.1],
			"to": [9.15, 5.3, 8.9],
			"faces": {
				"north": {"uv": [0, 0, 16, 16], "texture": "#2"},
				"east": {"uv": [0, 0, 16, 16], "texture": "#2"},
				"south": {"uv": [0, 0, 16, 16], "texture": "#2"},
				"west": {"uv": [0, 0, 16, 16], "texture": "#2"},
				"up": {"uv": [0, 0, 16, 16], "texture": "#2"},
				"down": {"uv": [0, 0, 16, 16], "texture": "#2"}
			}
		},
		{
			"from": [9.15, 4.9, 8.2],
			"to": [9.35, 5.1, 8.8],
			"faces": {
				"north": {"uv": [0, 0, 16, 16], "texture": "#2"},
				"east": {"uv": [0, 0, 16, 16], "texture": "#2"},
				"south": {"uv": [0, 0, 16, 16], "texture": "#2"},
				"west": {"uv": [0, 0, 16, 16], "texture": "#2"},
				"up": {"uv": [0, 0, 16, 16], "texture": "#2"},
				"down": {"uv": [0, 0, 16, 16], "texture": "#2"}
			}
		},
		{
			"from": [9.25, 4.7, 8.2],
			"to": [9.45, 4.9, 8.8],
			"faces": {
				"north": {"uv": [0, 0, 16, 16], "texture": "#2"},
				"east": {"uv": [0, 0, 16, 16], "texture": "#2"},
				"south": {"uv": [0, 0, 16, 16], "texture": "#2"},
				"west": {"uv": [0, 0, 16, 16], "texture": "#2"},
				"up": {"uv": [0, 0, 16, 16], "texture": "#2"},
				"down": {"uv": [0, 0, 16, 16], "texture": "#2"}
			}
		},
		{
			"from": [9.35, 4.5, 8.3],
			"to": [9.55, 4.7, 8.7],
			"faces": {
				"north": {"uv": [0, 0, 16, 16], "texture": "#2"},
				"east": {"uv": [0, 0, 16, 16], "texture": "#2"},
				"south": {"uv": [0, 0, 16, 16], "texture": "#2"},
				"west": {"uv": [0, 0, 16, 16], "texture": "#2"},
				"up": {"uv": [0, 0, 16, 16], "texture": "#2"},
				"down": {"uv": [0, 0, 16, 16], "texture": "#2"}
			}
		},
		{
			"from": [9.25, 4.3, 8.3],
			"to": [9.45, 4.5, 8.7],
			"faces": {
				"north": {"uv": [0, 0, 16, 16], "texture": "#2"},
				"east": {"uv": [0, 0, 16, 16], "texture": "#2"},
				"south": {"uv": [0, 0, 16, 16], "texture": "#2"},
				"west": {"uv": [0, 0, 16, 16], "texture": "#2"},
				"up": {"uv": [0, 0, 16, 16], "texture": "#2"},
				"down": {"uv": [0, 0, 16, 16], "texture": "#2"}
			}
		},
		{
			"from": [9.15, 4.1, 8.3],
			"to": [9.35, 4.3, 8.7],
			"faces": {
				"north": {"uv": [0, 0, 16, 16], "texture": "#2"},
				"east": {"uv": [0, 0, 16, 16], "texture": "#2"},
				"south": {"uv": [0, 0, 16, 16], "texture": "#2"},
				"west": {"uv": [0, 0, 16, 16], "texture": "#2"},
				"up": {"uv": [0, 0, 16, 16], "texture": "#2"},
				"down": {"uv": [0, 0, 16, 16], "texture": "#2"}
			}
		},
		{
			"from": [9.15, 3.9, 8.3],
			"to": [9.35, 4.1, 8.7],
			"faces": {
				"north": {"uv": [0, 0, 16, 16], "texture": "#2"},
				"east": {"uv": [0, 0, 16, 16], "texture": "#2"},
				"south": {"uv": [0, 0, 16, 16], "texture": "#2"},
				"west": {"uv": [0, 0, 16, 16], "texture": "#2"},
				"up": {"uv": [0, 0, 16, 16], "texture": "#2"},
				"down": {"uv": [0, 0, 16, 16], "texture": "#2"}
			}
		},
		{
			"from": [9.95, 3.7, 8.3],
			"to": [10.15, 3.9, 8.7],
			"faces": {
				"north": {"uv": [0, 0, 16, 16], "texture": "#2"},
				"east": {"uv": [0, 0, 16, 16], "texture": "#2"},
				"south": {"uv": [0, 0, 16, 16], "texture": "#2"},
				"west": {"uv": [0, 0, 16, 16], "texture": "#2"},
				"up": {"uv": [0, 0, 16, 16], "texture": "#2"},
				"down": {"uv": [0, 0, 16, 16], "texture": "#2"}
			}
		},
		{
			"from": [9.75, 3.8, 8.3],
			"to": [9.95, 4, 8.7],
			"faces": {
				"north": {"uv": [0, 0, 16, 16], "texture": "#2"},
				"east": {"uv": [0, 0, 16, 16], "texture": "#2"},
				"south": {"uv": [0, 0, 16, 16], "texture": "#2"},
				"west": {"uv": [0, 0, 16, 16], "texture": "#2"},
				"up": {"uv": [0, 0, 16, 16], "texture": "#2"},
				"down": {"uv": [0, 0, 16, 16], "texture": "#2"}
			}
		},
		{
			"from": [9.55, 3.8, 8.3],
			"to": [9.75, 4, 8.7],
			"faces": {
				"north": {"uv": [0, 0, 16, 16], "texture": "#2"},
				"east": {"uv": [0, 0, 16, 16], "texture": "#2"},
				"south": {"uv": [0, 0, 16, 16], "texture": "#2"},
				"west": {"uv": [0, 0, 16, 16], "texture": "#2"},
				"up": {"uv": [0, 0, 16, 16], "texture": "#2"},
				"down": {"uv": [0, 0, 16, 16], "texture": "#2"}
			}
		},
		{
			"from": [9.35, 3.9, 8.3],
			"to": [9.55, 4.1, 8.7],
			"faces": {
				"north": {"uv": [0, 0, 16, 16], "texture": "#2"},
				"east": {"uv": [0, 0, 16, 16], "texture": "#2"},
				"south": {"uv": [0, 0, 16, 16], "texture": "#2"},
				"west": {"uv": [0, 0, 16, 16], "texture": "#2"},
				"up": {"uv": [0, 0, 16, 16], "texture": "#2"},
				"down": {"uv": [0, 0, 16, 16], "texture": "#2"}
			}
		},
		{
			"from": [10.15, 3.6, 8.3],
			"to": [10.35, 3.8, 8.7],
			"faces": {
				"north": {"uv": [0, 0, 16, 16], "texture": "#2"},
				"east": {"uv": [0, 0, 16, 16], "texture": "#2"},
				"south": {"uv": [0, 0, 16, 16], "texture": "#2"},
				"west": {"uv": [0, 0, 16, 16], "texture": "#2"},
				"up": {"uv": [0, 0, 16, 16], "texture": "#2"},
				"down": {"uv": [0, 0, 16, 16], "texture": "#2"}
			}
		},
		{
			"from": [10.35, 3.6, 8.3],
			"to": [10.55, 3.8, 8.7],
			"faces": {
				"north": {"uv": [0, 0, 16, 16], "texture": "#2"},
				"east": {"uv": [0, 0, 16, 16], "texture": "#2"},
				"south": {"uv": [0, 0, 16, 16], "texture": "#2"},
				"west": {"uv": [0, 0, 16, 16], "texture": "#2"},
				"up": {"uv": [0, 0, 16, 16], "texture": "#2"},
				"down": {"uv": [0, 0, 16, 16], "texture": "#2"}
			}
		},
		{
			"from": [7.45, 3.9, 8.3],
			"to": [7.65, 4.1, 8.7],
			"faces": {
				"north": {"uv": [0, 0, 16, 16], "texture": "#2"},
				"east": {"uv": [0, 0, 16, 16], "texture": "#2"},
				"south": {"uv": [0, 0, 16, 16], "texture": "#2"},
				"west": {"uv": [0, 0, 16, 16], "texture": "#2"},
				"up": {"uv": [0, 0, 16, 16], "rotation": 180, "texture": "#2"},
				"down": {"uv": [0, 0, 16, 16], "rotation": 180, "texture": "#2"}
			}
		},
		{
			"from": [5.85, 3.5, 8.3],
			"to": [6.05, 3.7, 8.7],
			"faces": {
				"north": {"uv": [0, 0, 16, 16], "texture": "#2"},
				"east": {"uv": [0, 0, 16, 16], "texture": "#2"},
				"south": {"uv": [0, 0, 16, 16], "texture": "#2"},
				"west": {"uv": [0, 0, 16, 16], "texture": "#2"},
				"up": {"uv": [0, 0, 16, 16], "rotation": 180, "texture": "#2"},
				"down": {"uv": [0, 0, 16, 16], "rotation": 180, "texture": "#2"}
			}
		},
		{
			"from": [6.05, 3.4, 8.3],
			"to": [6.25, 3.6, 8.7],
			"faces": {
				"north": {"uv": [0, 0, 16, 16], "texture": "#2"},
				"east": {"uv": [0, 0, 16, 16], "texture": "#2"},
				"south": {"uv": [0, 0, 16, 16], "texture": "#2"},
				"west": {"uv": [0, 0, 16, 16], "texture": "#2"},
				"up": {"uv": [0, 0, 16, 16], "rotation": 180, "texture": "#2"},
				"down": {"uv": [0, 0, 16, 16], "rotation": 180, "texture": "#2"}
			}
		},
		{
			"from": [6.25, 3.5, 8.3],
			"to": [6.45, 3.7, 8.7],
			"faces": {
				"north": {"uv": [0, 0, 16, 16], "texture": "#2"},
				"east": {"uv": [0, 0, 16, 16], "texture": "#2"},
				"south": {"uv": [0, 0, 16, 16], "texture": "#2"},
				"west": {"uv": [0, 0, 16, 16], "texture": "#2"},
				"up": {"uv": [0, 0, 16, 16], "rotation": 180, "texture": "#2"},
				"down": {"uv": [0, 0, 16, 16], "rotation": 180, "texture": "#2"}
			}
		},
		{
			"from": [5.95, 3.9, 8.3],
			"to": [6.15, 4.1, 8.7],
			"faces": {
				"north": {"uv": [0, 0, 16, 16], "texture": "#2"},
				"east": {"uv": [0, 0, 16, 16], "texture": "#2"},
				"south": {"uv": [0, 0, 16, 16], "texture": "#2"},
				"west": {"uv": [0, 0, 16, 16], "texture": "#2"},
				"up": {"uv": [0, 0, 16, 16], "rotation": 180, "texture": "#2"},
				"down": {"uv": [0, 0, 16, 16], "rotation": 180, "texture": "#2"}
			}
		},
		{
			"from": [5.85, 3.7, 8.3],
			"to": [6.05, 3.9, 8.7],
			"faces": {
				"north": {"uv": [0, 0, 16, 16], "texture": "#2"},
				"east": {"uv": [0, 0, 16, 16], "texture": "#2"},
				"south": {"uv": [0, 0, 16, 16], "texture": "#2"},
				"west": {"uv": [0, 0, 16, 16], "texture": "#2"},
				"up": {"uv": [0, 0, 16, 16], "rotation": 180, "texture": "#2"},
				"down": {"uv": [0, 0, 16, 16], "rotation": 180, "texture": "#2"}
			}
		},
		{
			"from": [6.65, 3.6, 8.3],
			"to": [6.85, 3.8, 8.7],
			"faces": {
				"north": {"uv": [0, 0, 16, 16], "texture": "#2"},
				"east": {"uv": [0, 0, 16, 16], "texture": "#2"},
				"south": {"uv": [0, 0, 16, 16], "texture": "#2"},
				"west": {"uv": [0, 0, 16, 16], "texture": "#2"},
				"up": {"uv": [0, 0, 16, 16], "rotation": 180, "texture": "#2"},
				"down": {"uv": [0, 0, 16, 16], "rotation": 180, "texture": "#2"}
			}
		},
		{
			"from": [6.85, 3.7, 8.3],
			"to": [7.05, 3.9, 8.7],
			"faces": {
				"north": {"uv": [0, 0, 16, 16], "texture": "#2"},
				"east": {"uv": [0, 0, 16, 16], "texture": "#2"},
				"south": {"uv": [0, 0, 16, 16], "texture": "#2"},
				"west": {"uv": [0, 0, 16, 16], "texture": "#2"},
				"up": {"uv": [0, 0, 16, 16], "rotation": 180, "texture": "#2"},
				"down": {"uv": [0, 0, 16, 16], "rotation": 180, "texture": "#2"}
			}
		},
		{
			"from": [7.05, 3.8, 8.3],
			"to": [7.25, 4, 8.7],
			"faces": {
				"north": {"uv": [0, 0, 16, 16], "texture": "#2"},
				"east": {"uv": [0, 0, 16, 16], "texture": "#2"},
				"south": {"uv": [0, 0, 16, 16], "texture": "#2"},
				"west": {"uv": [0, 0, 16, 16], "texture": "#2"},
				"up": {"uv": [0, 0, 16, 16], "rotation": 180, "texture": "#2"},
				"down": {"uv": [0, 0, 16, 16], "rotation": 180, "texture": "#2"}
			}
		},
		{
			"from": [7.25, 3.8, 8.3],
			"to": [7.45, 4, 8.7],
			"faces": {
				"north": {"uv": [0, 0, 16, 16], "texture": "#2"},
				"east": {"uv": [0, 0, 16, 16], "texture": "#2"},
				"south": {"uv": [0, 0, 16, 16], "texture": "#2"},
				"west": {"uv": [0, 0, 16, 16], "texture": "#2"},
				"up": {"uv": [0, 0, 16, 16], "rotation": 180, "texture": "#2"},
				"down": {"uv": [0, 0, 16, 16], "rotation": 180, "texture": "#2"}
			}
		},
		{
			"from": [7.65, 3.9, 8.3],
			"to": [7.85, 4.1, 8.7],
			"faces": {
				"north": {"uv": [0, 0, 16, 16], "texture": "#2"},
				"east": {"uv": [0, 0, 16, 16], "texture": "#2"},
				"south": {"uv": [0, 0, 16, 16], "texture": "#2"},
				"west": {"uv": [0, 0, 16, 16], "texture": "#2"},
				"up": {"uv": [0, 0, 16, 16], "rotation": 180, "texture": "#2"},
				"down": {"uv": [0, 0, 16, 16], "rotation": 180, "texture": "#2"}
			}
		},
		{
			"from": [6.45, 3.6, 8.3],
			"to": [6.65, 3.8, 8.7],
			"faces": {
				"north": {"uv": [0, 0, 16, 16], "texture": "#2"},
				"east": {"uv": [0, 0, 16, 16], "texture": "#2"},
				"south": {"uv": [0, 0, 16, 16], "texture": "#2"},
				"west": {"uv": [0, 0, 16, 16], "texture": "#2"},
				"up": {"uv": [0, 0, 16, 16], "rotation": 180, "texture": "#2"},
				"down": {"uv": [0, 0, 16, 16], "rotation": 180, "texture": "#2"}
			}
		},
		{
			"from": [10.95, 3.5, 8.3],
			"to": [11.15, 3.7, 8.7],
			"faces": {
				"north": {"uv": [0, 0, 16, 16], "texture": "#2"},
				"east": {"uv": [0, 0, 16, 16], "texture": "#2"},
				"south": {"uv": [0, 0, 16, 16], "texture": "#2"},
				"west": {"uv": [0, 0, 16, 16], "texture": "#2"},
				"up": {"uv": [0, 0, 16, 16], "texture": "#2"},
				"down": {"uv": [0, 0, 16, 16], "texture": "#2"}
			}
		},
		{
			"from": [10.75, 3.4, 8.3],
			"to": [10.95, 3.6, 8.7],
			"faces": {
				"north": {"uv": [0, 0, 16, 16], "texture": "#2"},
				"east": {"uv": [0, 0, 16, 16], "texture": "#2"},
				"south": {"uv": [0, 0, 16, 16], "texture": "#2"},
				"west": {"uv": [0, 0, 16, 16], "texture": "#2"},
				"up": {"uv": [0, 0, 16, 16], "texture": "#2"},
				"down": {"uv": [0, 0, 16, 16], "texture": "#2"}
			}
		},
		{
			"from": [10.55, 3.5, 8.3],
			"to": [10.75, 3.7, 8.7],
			"faces": {
				"north": {"uv": [0, 0, 16, 16], "texture": "#2"},
				"east": {"uv": [0, 0, 16, 16], "texture": "#2"},
				"south": {"uv": [0, 0, 16, 16], "texture": "#2"},
				"west": {"uv": [0, 0, 16, 16], "texture": "#2"},
				"up": {"uv": [0, 0, 16, 16], "texture": "#2"},
				"down": {"uv": [0, 0, 16, 16], "texture": "#2"}
			}
		},
		{
			"from": [10.95, 3.7, 8.3],
			"to": [11.15, 3.9, 8.7],
			"faces": {
				"north": {"uv": [0, 0, 16, 16], "texture": "#2"},
				"east": {"uv": [0, 0, 16, 16], "texture": "#2"},
				"south": {"uv": [0, 0, 16, 16], "texture": "#2"},
				"west": {"uv": [0, 0, 16, 16], "texture": "#2"},
				"up": {"uv": [0, 0, 16, 16], "texture": "#2"},
				"down": {"uv": [0, 0, 16, 16], "texture": "#2"}
			}
		},
		{
			"from": [10.85, 3.9, 8.3],
			"to": [11.05, 4.1, 8.7],
			"faces": {
				"north": {"uv": [0, 0, 16, 16], "texture": "#2"},
				"east": {"uv": [0, 0, 16, 16], "texture": "#2"},
				"south": {"uv": [0, 0, 16, 16], "texture": "#2"},
				"west": {"uv": [0, 0, 16, 16], "texture": "#2"},
				"up": {"uv": [0, 0, 16, 16], "texture": "#2"},
				"down": {"uv": [0, 0, 16, 16], "texture": "#2"}
			}
		},
		{
			"from": [6.5, 4.1, 8.4],
			"to": [7.6, 5, 8.6],
			"faces": {
				"north": {"uv": [3, 4, 13, 13], "texture": "#3"},
				"south": {"uv": [3, 4, 13, 13], "texture": "#3"},
				"west": {"uv": [3, 4, 13, 13], "texture": "#3"}
			}
		},
		{
			"from": [7, 5, 8.4],
			"to": [8.1, 5.4, 8.6],
			"faces": {
				"north": {"uv": [3, 4, 13, 13], "texture": "#3"},
				"east": {"uv": [3, 4, 13, 13], "texture": "#3"},
				"south": {"uv": [3, 4, 13, 13], "texture": "#3"},
				"west": {"uv": [3, 4, 13, 13], "texture": "#3"},
				"up": {"uv": [3, 4, 13, 13], "texture": "#3"}
			}
		},
		{
			"from": [7.6, 4.9, 8.4],
			"to": [7.7, 5, 8.6],
			"faces": {
				"north": {"uv": [3, 4, 13, 13], "texture": "#3"},
				"east": {"uv": [3, 4, 13, 13], "texture": "#3"},
				"south": {"uv": [3, 4, 13, 13], "texture": "#3"},
				"down": {"uv": [3, 4, 13, 13], "texture": "#3"}
			}
		},
		{
			"from": [7.6, 4.1, 8.4],
			"to": [7.7, 4.3, 8.6],
			"faces": {
				"north": {"uv": [3, 4, 13, 13], "texture": "#3"},
				"east": {"uv": [3, 4, 13, 13], "texture": "#3"},
				"south": {"uv": [3, 4, 13, 13], "texture": "#3"},
				"up": {"uv": [3, 4, 13, 13], "texture": "#3"},
				"down": {"uv": [3, 4, 13, 13], "texture": "#3"}
			}
		},
		{
			"from": [9.4, 4.1, 8.4],
			"to": [10.5, 5, 8.6],
			"faces": {
				"north": {"uv": [3, 4, 13, 13], "texture": "#3"},
				"east": {"uv": [3, 4, 13, 13], "texture": "#3"},
				"south": {"uv": [3, 4, 13, 13], "texture": "#3"}
			}
		},
		{
			"from": [9.3, 4.1, 8.4],
			"to": [9.4, 4.3, 8.6],
			"faces": {
				"north": {"uv": [3, 4, 13, 13], "texture": "#3"},
				"south": {"uv": [3, 4, 13, 13], "texture": "#3"},
				"west": {"uv": [3, 4, 13, 13], "texture": "#3"},
				"up": {"uv": [3, 4, 13, 13], "texture": "#3"},
				"down": {"uv": [3, 4, 13, 13], "texture": "#3"}
			}
		},
		{
			"from": [9.1, 5, 8.4],
			"to": [10.2, 5.4, 8.6],
			"faces": {
				"north": {"uv": [3, 4, 13, 13], "rotation": 270, "texture": "#3"},
				"east": {"uv": [3, 4, 13, 13], "rotation": 270, "texture": "#3"},
				"south": {"uv": [3, 4, 13, 13], "rotation": 270, "texture": "#3"},
				"west": {"uv": [3, 4, 13, 13], "rotation": 270, "texture": "#3"},
				"up": {"uv": [3, 4, 13, 13], "rotation": 270, "texture": "#3"}
			}
		},
		{
			"from": [9.5, 3.9, 8.4],
			"to": [10.9, 4.1, 8.6],
			"faces": {
				"north": {"uv": [3, 4, 13, 13], "rotation": 270, "texture": "#3"},
				"east": {"uv": [3, 4, 13, 13], "rotation": 270, "texture": "#3"},
				"south": {"uv": [3, 4, 13, 13], "rotation": 270, "texture": "#3"},
				"west": {"uv": [3, 4, 13, 13], "rotation": 270, "texture": "#3"}
			}
		},
		{
			"from": [10.5, 3.6, 8.4],
			"to": [11, 3.8, 8.6],
			"faces": {
				"north": {"uv": [3, 4, 13, 13], "rotation": 270, "texture": "#3"},
				"east": {"uv": [3, 4, 13, 13], "rotation": 270, "texture": "#3"},
				"south": {"uv": [3, 4, 13, 13], "rotation": 270, "texture": "#3"},
				"west": {"uv": [3, 4, 13, 13], "rotation": 270, "texture": "#3"},
				"down": {"uv": [3, 4, 13, 13], "rotation": 270, "texture": "#3"}
			}
		},
		{
			"from": [6, 3.6, 8.4],
			"to": [6.5, 3.8, 8.6],
			"faces": {
				"north": {"uv": [3, 4, 13, 13], "rotation": 270, "texture": "#3"},
				"east": {"uv": [3, 4, 13, 13], "rotation": 270, "texture": "#3"},
				"south": {"uv": [3, 4, 13, 13], "rotation": 270, "texture": "#3"},
				"west": {"uv": [3, 4, 13, 13], "rotation": 270, "texture": "#3"}
			}
		},
		{
			"from": [10.1, 3.8, 8.4],
			"to": [11, 3.9, 8.6],
			"faces": {
				"north": {"uv": [3, 4, 13, 13], "rotation": 270, "texture": "#3"},
				"east": {"uv": [3, 4, 13, 13], "rotation": 270, "texture": "#3"},
				"south": {"uv": [3, 4, 13, 13], "rotation": 270, "texture": "#3"},
				"west": {"uv": [3, 4, 13, 13], "rotation": 270, "texture": "#3"}
			}
		},
		{
			"from": [6, 3.8, 8.4],
			"to": [6.9, 3.9, 8.6],
			"faces": {
				"north": {"uv": [3, 4, 13, 13], "rotation": 270, "texture": "#3"},
				"east": {"uv": [3, 4, 13, 13], "rotation": 270, "texture": "#3"},
				"south": {"uv": [3, 4, 13, 13], "rotation": 270, "texture": "#3"},
				"west": {"uv": [3, 4, 13, 13], "rotation": 270, "texture": "#3"}
			}
		},
		{
			"from": [6.1, 3.9, 8.4],
			"to": [7.5, 4.1, 8.6],
			"faces": {
				"north": {"uv": [3, 4, 13, 13], "rotation": 270, "texture": "#3"},
				"east": {"uv": [3, 4, 13, 13], "rotation": 270, "texture": "#3"},
				"south": {"uv": [3, 4, 13, 13], "rotation": 270, "texture": "#3"},
				"west": {"uv": [3, 4, 13, 13], "rotation": 270, "texture": "#3"}
			}
		},
		{
			"from": [9.3, 4.9, 8.4],
			"to": [9.4, 5, 8.6],
			"faces": {
				"north": {"uv": [3, 4, 13, 13], "texture": "#3"},
				"east": {"uv": [3, 4, 13, 13], "texture": "#3"},
				"south": {"uv": [3, 4, 13, 13], "texture": "#3"},
				"west": {"uv": [3, 4, 13, 13], "texture": "#3"},
				"down": {"uv": [3, 4, 13, 13], "texture": "#3"}
			}
		}
	],
	"display": {
		"thirdperson_righthand": {
			"rotation": [0, -83, 0],
			"translation": [0.75, 13.75, 1],
			"scale": [2, 2, 2]
		},
		"thirdperson_lefthand": {
			"rotation": [0, -88, 0],
			"translation": [0.5, 14.5, 1.5],
			"scale": [2, 2, 2]
		},
		"firstperson_righthand": {
			"rotation": [-26, 100, 0],
			"translation": [-0.5, 10.75, -0.25],
			"scale": [2, 2, 2]
		},
		"firstperson_lefthand": {
			"rotation": [-15, 102, 0],
			"translation": [-0.25, 11.5, 0],
			"scale": [2, 2, 2]
		},
		"ground": {
			"rotation": [-66, -105, 12],
			"translation": [0, 2, -11.75],
			"scale": [2, 2, 2]
		},
		"gui": {
			"rotation": [0, 0, -49],
			"translation": [6, 6.5, 0],
			"scale": [2, 2, 2]
		},
		"head": {
			"rotation": [-49, -11, 85],
			"translation": [-23, -1.75, -4],
			"scale": [4, 4, 4]
		},
		"fixed": {
			"rotation": [0, 0, 38],
			"translation": [-8.5, 11.25, -2],
			"scale": [3, 3, 3]
		}
	},
	"groups": [
		{
			"name": "рукоятка",
			"origin": [8, 8, 8],
			"children": [0, 1, 2, 3, 4, 5, 6, 7, 8]
		},
		{
			"name": "правая",
			"origin": [8, 8, 8],
			"children": [9, 10, 11, 12,
				{
					"name": "правые рога",
					"origin": [8, 8, 8],
					"children": [13, 14, 15, 16, 17, 18]
				}
			]
		},
		{
			"name": "левая",
			"origin": [8, 8, 8],
			"children": [19, 20, 21, 22, 23, 24,
				{
					"name": "левые рога",
					"origin": [8, 8, 8],
					"children": [25, 26, 27, 28, 29, 30, 31, 32, 33, 34, 35, 36, 37,
						{
							"name": "group",
							"origin": [8, 8, 8],
							"children": [38, 39, 40, 41, 42, 43, 44, 45, 46, 47, 48, 49]
						}, 50, 51, 52, 53, 54]
				},
				{
					"name": "левое стекло",
					"origin": [8, 8, 8],
					"children": [55, 56, 57, 58]
				}
			]
		},
		{
			"name": "правое стекло",
			"origin": [8, 8, 8],
			"children": [59, 60, 61, 62, 63, 64, 65, 66, 67, 68]
		}
	]
}