{
	"credit": "quiktori",
	"textures": {
		"0": "items/hats/balaklava",
		"particle": "items/hats/balaklava"
	},
	"elements": [
		{
			"from": [0, 0, 0],
			"to": [16, 16, 16],
			"faces": {
				"north": {"uv": [0.25, 0.25, 11.25, 9.5], "texture": "#0"},
				"east": {"uv": [0.25, 0.25, 11.25, 9.5], "texture": "#0"},
				"south": {"uv": [2, 8, 13.5, 15.5], "texture": "#0"},
				"west": {"uv": [0.25, 0.25, 11.25, 9.5], "texture": "#0"},
				"up": {"uv": [0.25, 0.25, 11.25, 9.5], "texture": "#0"},
				"down": {"uv": [0.25, 0.25, 11.25, 9.5], "texture": "#0"}
			}
		}
	],
	"display": {
		"head": {
			"rotation": [0, -180, 0],
			"translation": [-0.25, 0.25, 0]
		}
	}
}