{
	"credit": "quiktori",
	"textures": {
		"0": "items/hats/capca",
		"particle": "items/hats/capca"
	},
	"elements": [
		{
			"from": [2, 0, 15],
			"to": [14, 0.6, 16],
			"faces": {
				"north": {"uv": [0.5, 0.75, 7.25, 13.5], "texture": "#0"},
				"east": {"uv": [0.5, 0.75, 7.25, 13.5], "texture": "#0"},
				"south": {"uv": [0.5, 0.75, 7.25, 13.5], "texture": "#0"},
				"west": {"uv": [0.5, 0.75, 7.25, 13.5], "texture": "#0"},
				"up": {"uv": [0.5, 0.75, 7.25, 13.5], "texture": "#0"},
				"down": {"uv": [0.5, 0.75, 7.25, 13.5], "texture": "#0"}
			}
		},
		{
			"from": [2, 0.6, 15],
			"to": [3.4, 1.3, 16],
			"faces": {
				"north": {"uv": [0.5, 0.75, 7.25, 13.5], "texture": "#0"},
				"east": {"uv": [0.5, 0.75, 7.25, 13.5], "texture": "#0"},
				"south": {"uv": [0.5, 0.75, 7.25, 13.5], "texture": "#0"},
				"west": {"uv": [0.5, 0.75, 7.25, 13.5], "texture": "#0"},
				"up": {"uv": [0.5, 0.75, 7.25, 13.5], "texture": "#0"},
				"down": {"uv": [0.5, 0.75, 7.25, 13.5], "texture": "#0"}
			}
		},
		{
			"from": [4, 0.6, 15],
			"to": [4.8, 1.3, 16],
			"faces": {
				"north": {"uv": [0.5, 0.75, 7.25, 13.5], "texture": "#0"},
				"east": {"uv": [0.5, 0.75, 7.25, 13.5], "texture": "#0"},
				"south": {"uv": [0.5, 0.75, 7.25, 13.5], "texture": "#0"},
				"west": {"uv": [0.5, 0.75, 7.25, 13.5], "texture": "#0"},
				"up": {"uv": [0.5, 0.75, 7.25, 13.5], "texture": "#0"},
				"down": {"uv": [0.5, 0.75, 7.25, 13.5], "texture": "#0"}
			}
		},
		{
			"from": [5.6, 0.6, 15],
			"to": [6.4, 1.3, 16],
			"faces": {
				"north": {"uv": [0.5, 0.75, 7.25, 13.5], "texture": "#0"},
				"east": {"uv": [0.5, 0.75, 7.25, 13.5], "texture": "#0"},
				"south": {"uv": [0.5, 0.75, 7.25, 13.5], "texture": "#0"},
				"west": {"uv": [0.5, 0.75, 7.25, 13.5], "texture": "#0"},
				"up": {"uv": [0.5, 0.75, 7.25, 13.5], "texture": "#0"},
				"down": {"uv": [0.5, 0.75, 7.25, 13.5], "texture": "#0"}
			}
		},
		{
			"from": [6.9, 0.6, 15],
			"to": [7.9, 1.3, 16],
			"faces": {
				"north": {"uv": [0.5, 0.75, 7.25, 13.5], "texture": "#0"},
				"east": {"uv": [0.5, 0.75, 7.25, 13.5], "texture": "#0"},
				"south": {"uv": [0.5, 0.75, 7.25, 13.5], "texture": "#0"},
				"west": {"uv": [0.5, 0.75, 7.25, 13.5], "texture": "#0"},
				"up": {"uv": [0.5, 0.75, 7.25, 13.5], "texture": "#0"},
				"down": {"uv": [0.5, 0.75, 7.25, 13.5], "texture": "#0"}
			}
		},
		{
			"from": [8.7, 0.6, 15],
			"to": [9.7, 1.3, 16],
			"faces": {
				"north": {"uv": [0.5, 0.75, 7.25, 13.5], "texture": "#0"},
				"east": {"uv": [0.5, 0.75, 7.25, 13.5], "texture": "#0"},
				"south": {"uv": [0.5, 0.75, 7.25, 13.5], "texture": "#0"},
				"west": {"uv": [0.5, 0.75, 7.25, 13.5], "texture": "#0"},
				"up": {"uv": [0.5, 0.75, 7.25, 13.5], "texture": "#0"},
				"down": {"uv": [0.5, 0.75, 7.25, 13.5], "texture": "#0"}
			}
		},
		{
			"from": [10.4, 0.6, 15],
			"to": [11.4, 1.3, 16],
			"faces": {
				"north": {"uv": [0.5, 0.75, 7.25, 13.5], "texture": "#0"},
				"east": {"uv": [0.5, 0.75, 7.25, 13.5], "texture": "#0"},
				"south": {"uv": [0.5, 0.75, 7.25, 13.5], "texture": "#0"},
				"west": {"uv": [0.5, 0.75, 7.25, 13.5], "texture": "#0"},
				"up": {"uv": [0.5, 0.75, 7.25, 13.5], "texture": "#0"},
				"down": {"uv": [0.5, 0.75, 7.25, 13.5], "texture": "#0"}
			}
		},
		{
			"from": [12.2, 0.6, 15],
			"to": [14, 1.3, 16],
			"faces": {
				"north": {"uv": [0.5, 0.75, 7.25, 13.5], "texture": "#0"},
				"east": {"uv": [0.5, 0.75, 7.25, 13.5], "texture": "#0"},
				"south": {"uv": [0.5, 0.75, 7.25, 13.5], "texture": "#0"},
				"west": {"uv": [0.5, 0.75, 7.25, 13.5], "texture": "#0"},
				"up": {"uv": [0.5, 0.75, 7.25, 13.5], "texture": "#0"},
				"down": {"uv": [0.5, 0.75, 7.25, 13.5], "texture": "#0"}
			}
		},
		{
			"from": [2, 3.05, 15],
			"to": [14, 5.3, 16],
			"faces": {
				"north": {"uv": [0.5, 0.75, 7.25, 13.5], "texture": "#0"},
				"east": {"uv": [0.5, 0.75, 7.25, 13.5], "texture": "#0"},
				"south": {"uv": [0.5, 0.75, 7.25, 13.5], "texture": "#0"},
				"west": {"uv": [0.5, 0.75, 7.25, 13.5], "texture": "#0"},
				"up": {"uv": [0.5, 0.75, 7.25, 13.5], "texture": "#0"},
				"down": {"uv": [0.5, 0.75, 7.25, 13.5], "texture": "#0"}
			}
		},
		{
			"from": [2, 1.3, 15],
			"to": [14, 1.45, 16],
			"faces": {
				"north": {"uv": [0.5, 0.75, 7.25, 13.5], "texture": "#0"},
				"east": {"uv": [0.5, 0.75, 7.25, 13.5], "texture": "#0"},
				"south": {"uv": [0.5, 0.75, 7.25, 13.5], "texture": "#0"},
				"west": {"uv": [0.5, 0.75, 7.25, 13.5], "texture": "#0"},
				"up": {"uv": [0.5, 0.75, 7.25, 13.5], "texture": "#0"},
				"down": {"uv": [0.5, 0.75, 7.25, 13.5], "texture": "#0"}
			}
		},
		{
			"from": [2, 1.45, 15],
			"to": [5.3, 3.05, 16],
			"faces": {
				"north": {"uv": [0.5, 0.75, 7.25, 13.5], "texture": "#0"},
				"east": {"uv": [0.5, 0.75, 7.25, 13.5], "texture": "#0"},
				"south": {"uv": [0.5, 0.75, 7.25, 13.5], "texture": "#0"},
				"west": {"uv": [0.5, 0.75, 7.25, 13.5], "texture": "#0"},
				"up": {"uv": [0.5, 0.75, 7.25, 13.5], "texture": "#0"},
				"down": {"uv": [0.5, 0.75, 7.25, 13.5], "texture": "#0"}
			}
		},
		{
			"from": [10.7, 1.45, 15],
			"to": [14, 3.05, 16],
			"faces": {
				"north": {"uv": [0.5, 0.75, 7.25, 13.5], "texture": "#0"},
				"east": {"uv": [0.5, 0.75, 7.25, 13.5], "texture": "#0"},
				"south": {"uv": [0.5, 0.75, 7.25, 13.5], "texture": "#0"},
				"west": {"uv": [0.5, 0.75, 7.25, 13.5], "texture": "#0"},
				"up": {"uv": [0.5, 0.75, 7.25, 13.5], "texture": "#0"},
				"down": {"uv": [0.5, 0.75, 7.25, 13.5], "texture": "#0"}
			}
		},
		{
			"from": [13, 0, 5],
			"to": [14, 5.3, 15],
			"faces": {
				"north": {"uv": [0.5, 0.75, 7.25, 13.5], "texture": "#0"},
				"east": {"uv": [0.5, 0.75, 7.25, 13.5], "texture": "#0"},
				"south": {"uv": [0.5, 0.75, 7.25, 13.5], "texture": "#0"},
				"west": {"uv": [0.5, 0.75, 7.25, 13.5], "texture": "#0"},
				"up": {"uv": [0.5, 0.75, 7.25, 13.5], "texture": "#0"},
				"down": {"uv": [0.5, 0.75, 7.25, 13.5], "texture": "#0"}
			}
		},
		{
			"from": [2, 0, 5],
			"to": [3, 5.3, 15],
			"faces": {
				"north": {"uv": [0.5, 0.75, 7.25, 13.5], "texture": "#0"},
				"east": {"uv": [0.5, 0.75, 7.25, 13.5], "texture": "#0"},
				"south": {"uv": [0.5, 0.75, 7.25, 13.5], "texture": "#0"},
				"west": {"uv": [0.5, 0.75, 7.25, 13.5], "texture": "#0"},
				"up": {"uv": [0.5, 0.75, 7.25, 13.5], "texture": "#0"},
				"down": {"uv": [0.5, 0.75, 7.25, 13.5], "texture": "#0"}
			}
		},
		{
			"from": [2, 0, 4],
			"to": [14, 5.3, 5],
			"faces": {
				"north": {"uv": [0.5, 0.75, 7.25, 13.5], "texture": "#0"},
				"east": {"uv": [0.5, 0.75, 7.25, 13.5], "texture": "#0"},
				"south": {"uv": [0.5, 0.75, 7.25, 13.5], "texture": "#0"},
				"west": {"uv": [0.5, 0.75, 7.25, 13.5], "texture": "#0"},
				"up": {"uv": [0.5, 0.75, 7.25, 13.5], "texture": "#0"},
				"down": {"uv": [0.5, 0.75, 7.25, 13.5], "texture": "#0"}
			}
		},
		{
			"from": [2, 5.3, 4],
			"to": [14, 6.3, 16],
			"faces": {
				"north": {"uv": [0.5, 0.75, 7.25, 13.5], "rotation": 90, "texture": "#0"},
				"east": {"uv": [0.5, 0.75, 7.25, 13.5], "rotation": 90, "texture": "#0"},
				"south": {"uv": [0.5, 0.75, 7.25, 13.5], "rotation": 90, "texture": "#0"},
				"west": {"uv": [0.5, 0.75, 7.25, 13.5], "rotation": 90, "texture": "#0"},
				"up": {"uv": [0.5, 0.75, 7.25, 13.5], "rotation": 90, "texture": "#0"},
				"down": {"uv": [0.5, 0.75, 7.25, 13.5], "rotation": 90, "texture": "#0"}
			}
		},
		{
			"from": [2, 0, -2.8],
			"to": [14, 1, 4],
			"faces": {
				"north": {"uv": [8.75, 1.75, 15.5, 12.5], "rotation": 180, "texture": "#0"},
				"east": {"uv": [8.75, 1.75, 15.5, 12.5], "rotation": 180, "texture": "#0"},
				"south": {"uv": [8.75, 1.75, 15.5, 12.5], "rotation": 180, "texture": "#0"},
				"west": {"uv": [8.75, 1.75, 15.5, 12.5], "rotation": 180, "texture": "#0"},
				"up": {"uv": [8.75, 1.75, 15.5, 12.5], "rotation": 180, "texture": "#0"},
				"down": {"uv": [8.75, 1.75, 15.5, 12.5], "rotation": 180, "texture": "#0"}
			}
		},
		{
			"from": [14, 0, -2.8],
			"to": [15, 1, 6.8],
			"faces": {
				"north": {"uv": [8.75, 1.75, 15.5, 12.5], "rotation": 180, "texture": "#0"},
				"east": {"uv": [8.75, 1.75, 15.5, 12.5], "rotation": 180, "texture": "#0"},
				"south": {"uv": [8.75, 1.75, 15.5, 12.5], "rotation": 180, "texture": "#0"},
				"west": {"uv": [8.75, 1.75, 15.5, 12.5], "rotation": 180, "texture": "#0"},
				"up": {"uv": [8.75, 1.75, 15.5, 12.5], "rotation": 180, "texture": "#0"},
				"down": {"uv": [8.75, 1.75, 15.5, 12.5], "rotation": 180, "texture": "#0"}
			}
		},
		{
			"from": [1, 0, -2.8],
			"to": [2, 1, 6.8],
			"faces": {
				"north": {"uv": [8.75, 1.75, 15.5, 12.5], "rotation": 180, "texture": "#0"},
				"east": {"uv": [8.75, 1.75, 15.5, 12.5], "rotation": 180, "texture": "#0"},
				"south": {"uv": [8.75, 1.75, 15.5, 12.5], "rotation": 180, "texture": "#0"},
				"west": {"uv": [8.75, 1.75, 15.5, 12.5], "rotation": 180, "texture": "#0"},
				"up": {"uv": [8.75, 1.75, 15.5, 12.5], "rotation": 180, "texture": "#0"},
				"down": {"uv": [8.75, 1.75, 15.5, 12.5], "rotation": 180, "texture": "#0"}
			}
		}
	],
	"display": {
		"thirdperson_righthand": {
			"translation": [0, 3, -3.75],
			"scale": [0.5, 0.5, 0.5]
		},
		"thirdperson_lefthand": {
			"translation": [0, 3, -3.5],
			"scale": [0.5, 0.5, 0.5]
		},
		"firstperson_righthand": {
			"rotation": [-26, 8, 12],
			"translation": [0.75, 4.5, 0],
			"scale": [0.5, 0.5, 0.5]
		},
		"firstperson_lefthand": {
			"rotation": [-19, -19, 19],
			"translation": [5.5, 5.5, 0],
			"scale": [0.5, 0.5, 0.5]
		},
		"ground": {
			"translation": [0, 4, 0]
		},
		"gui": {
			"rotation": [28, -135, 0],
			"translation": [-1, 0.75, 0],
			"scale": [0.75, 0.75, 0.75]
		},
		"head": {
			"rotation": [13, 0, 0],
			"translation": [0, 11.5, -0.75],
			"scale": [1.32, 1.31, 1.5]
		},
		"fixed": {
			"rotation": [-90, 0, 0],
			"translation": [0, 1.5, -7.75]
		}
	}
}