{
	"credit": "quiktori",
	"textures": {
		"1": "items/anvil_base",
		"2": "items/bone_block_side",
		"3": "items/gold_block"
	},
	"elements": [
		{
			"from": [10.77612, 3.7854, -0.3],
			"to": [12.27612, 6.3854, 0.8],
			"rotation": {"angle": 22.5, "axis": "z", "origin": [11.2, 6.5, 0.5]},
			"faces": {
				"north": {"uv": [0, 0, 15.5, 15.6], "texture": "#2"},
				"east": {"uv": [0, 0, 15.5, 15.6], "texture": "#2"},
				"south": {"uv": [0, 0, 15.5, 15.6], "texture": "#2"},
				"west": {"uv": [0, 0, 15.5, 15.6], "texture": "#2"},
				"up": {"uv": [0, 0, 15.5, 15.6], "texture": "#2"},
				"down": {"uv": [0, 0, 15.5, 15.6], "texture": "#2"}
			}
		},
		{
			"from": [9.10657, 3.58771, -0.3],
			"to": [11.70657, 3.68771, 0.8],
			"rotation": {"angle": 22.5, "axis": "z", "origin": [10.91418, 6.42597, 0.5]},
			"faces": {
				"north": {"uv": [0, 0, 15.986, 15.984], "texture": "#1"},
				"east": {"uv": [0, 0, 15.986, 15.984], "texture": "#1"},
				"south": {"uv": [0, 0, 15.986, 15.984], "texture": "#1"},
				"west": {"uv": [0, 0, 15.986, 15.984], "texture": "#1"},
				"up": {"uv": [0, 0, 15.986, 15.984], "texture": "#1"},
				"down": {"uv": [0, 0, 15.986, 15.984], "texture": "#1"}
			}
		},
		{
			"from": [8.99176, 3.35621, 0.6],
			"to": [11.59176, 3.65621, 0.8],
			"rotation": {"angle": 22.5, "axis": "z", "origin": [11.02899, 6.74881, 0.5]},
			"faces": {
				"north": {"uv": [0, 0, 15.986, 15.984], "texture": "#1"},
				"east": {"uv": [0, 0, 15.986, 15.984], "texture": "#1"},
				"south": {"uv": [0, 0, 15.986, 15.984], "texture": "#1"},
				"west": {"uv": [0, 0, 15.986, 15.984], "texture": "#1"},
				"up": {"uv": [0, 0, 15.986, 15.984], "texture": "#1"},
				"down": {"uv": [0, 0, 15.986, 15.984], "texture": "#1"}
			}
		},
		{
			"from": [8.99176, 3.35621, -0.3],
			"to": [11.59176, 3.65621, -0.1],
			"rotation": {"angle": 22.5, "axis": "z", "origin": [11.02899, 6.74881, 0.5]},
			"faces": {
				"north": {"uv": [0, 0, 15.986, 15.984], "texture": "#1"},
				"east": {"uv": [0, 0, 15.986, 15.984], "texture": "#1"},
				"south": {"uv": [0, 0, 15.986, 15.984], "texture": "#1"},
				"west": {"uv": [0, 0, 15.986, 15.984], "texture": "#1"},
				"up": {"uv": [0, 0, 15.986, 15.984], "texture": "#1"},
				"down": {"uv": [0, 0, 15.986, 15.984], "texture": "#1"}
			}
		},
		{
			"from": [8.94513, 2.83485, 0.6],
			"to": [10.44513, 3.13485, 0.8],
			"rotation": {"angle": 0, "axis": "y", "origin": [9.14513, 3.03485, 0.25]},
			"faces": {
				"north": {"uv": [0, 0, 15.986, 15.984], "texture": "#1"},
				"east": {"uv": [0, 0, 15.986, 15.984], "texture": "#1"},
				"south": {"uv": [0, 0, 15.986, 15.984], "texture": "#1"},
				"west": {"uv": [0, 0, 15.986, 15.984], "texture": "#1"},
				"up": {"uv": [0, 0, 15.986, 15.984], "texture": "#1"},
				"down": {"uv": [0, 0, 15.986, 15.984], "texture": "#1"}
			}
		},
		{
			"from": [8.94513, 2.83485, -0.3],
			"to": [10.44513, 3.13485, -0.1],
			"rotation": {"angle": 0, "axis": "y", "origin": [9.14513, 3.03485, 0.25]},
			"faces": {
				"north": {"uv": [0, 0, 15.986, 15.984], "texture": "#1"},
				"east": {"uv": [0, 0, 15.986, 15.984], "texture": "#1"},
				"south": {"uv": [0, 0, 15.986, 15.984], "texture": "#1"},
				"west": {"uv": [0, 0, 15.986, 15.984], "texture": "#1"},
				"up": {"uv": [0, 0, 15.986, 15.984], "texture": "#1"},
				"down": {"uv": [0, 0, 15.986, 15.984], "texture": "#1"}
			}
		},
		{
			"from": [8.94513, 3.13485, -0.3],
			"to": [10.44513, 3.23485, 0.8],
			"rotation": {"angle": 0, "axis": "y", "origin": [9.14513, 3.03485, 0.25]},
			"faces": {
				"north": {"uv": [0, 0, 15.986, 15.984], "texture": "#1"},
				"east": {"uv": [0, 0, 15.986, 15.984], "texture": "#1"},
				"south": {"uv": [0, 0, 15.986, 15.984], "texture": "#1"},
				"west": {"uv": [0, 0, 15.986, 15.984], "texture": "#1"},
				"up": {"uv": [0, 0, 15.986, 15.984], "texture": "#1"},
				"down": {"uv": [0, 0, 15.986, 15.984], "texture": "#1"}
			}
		},
		{
			"from": [8.74513, 3.23485, -0.3],
			"to": [8.94513, 6.33485, 0.8],
			"rotation": {"angle": 0, "axis": "y", "origin": [9.14513, 3.03485, 0.25]},
			"faces": {
				"north": {"uv": [0, 0, 15.986, 15.984], "texture": "#1"},
				"east": {"uv": [0, 0, 15.986, 15.984], "texture": "#1"},
				"south": {"uv": [0, 0, 15.986, 15.984], "texture": "#1"},
				"west": {"uv": [0, 0, 15.986, 15.984], "texture": "#1"},
				"up": {"uv": [0, 0, 15.986, 15.984], "texture": "#1"},
				"down": {"uv": [0, 0, 15.986, 15.984], "texture": "#1"}
			}
		},
		{
			"from": [8.74513, 2.83485, 0.6],
			"to": [8.94513, 3.23485, 0.8],
			"rotation": {"angle": 0, "axis": "y", "origin": [9.14513, 3.03485, 0.25]},
			"faces": {
				"north": {"uv": [0, 0, 15.5, 15.6], "texture": "#1"},
				"east": {"uv": [0, 0, 15.5, 15.6], "texture": "#1"},
				"south": {"uv": [0, 0, 15.5, 15.6], "texture": "#1"},
				"west": {"uv": [0, 0, 15.5, 15.6], "texture": "#1"},
				"up": {"uv": [0, 0, 15.5, 15.6], "texture": "#1"},
				"down": {"uv": [0, 0, 15.5, 15.6], "texture": "#1"}
			}
		},
		{
			"from": [8.74513, 2.83485, -0.3],
			"to": [8.94513, 3.13485, -0.1],
			"rotation": {"angle": 0, "axis": "y", "origin": [9.14513, 3.03485, 0.25]},
			"faces": {
				"north": {"uv": [0, 0, 15.986, 15.984], "texture": "#1"},
				"east": {"uv": [0, 0, 15.986, 15.984], "texture": "#1"},
				"south": {"uv": [0, 0, 15.986, 15.984], "texture": "#1"},
				"west": {"uv": [0, 0, 15.986, 15.984], "texture": "#1"},
				"up": {"uv": [0, 0, 15.986, 15.984], "texture": "#1"},
				"down": {"uv": [0, 0, 15.986, 15.984], "texture": "#1"}
			}
		},
		{
			"from": [8.74513, 2.83485, -0.3],
			"to": [8.84513, 3.23485, 0.8],
			"rotation": {"angle": 0, "axis": "y", "origin": [9.14513, 3.03485, 0.25]},
			"faces": {
				"north": {"uv": [0, 0, 15.986, 15.984], "texture": "#1"},
				"east": {"uv": [0, 0, 15.986, 15.984], "texture": "#1"},
				"south": {"uv": [0, 0, 15.986, 15.984], "texture": "#1"},
				"west": {"uv": [0, 0, 15.986, 15.984], "texture": "#1"},
				"up": {"uv": [0, 0, 15.986, 15.984], "texture": "#1"},
				"down": {"uv": [0, 0, 15.986, 15.984], "texture": "#1"}
			}
		},
		{
			"from": [10.13849, 5.89485, -0.3],
			"to": [11.53849, 6.59485, 0.8],
			"rotation": {"angle": 45, "axis": "z", "origin": [10.78849, 7.19485, 0.5]},
			"faces": {
				"north": {"uv": [0, 0, 15.5, 15.6], "texture": "#2"},
				"east": {"uv": [0, 0, 15.5, 15.6], "texture": "#2"},
				"south": {"uv": [0, 0, 15.5, 15.6], "texture": "#2"},
				"west": {"uv": [0, 0, 15.5, 15.6], "texture": "#2"},
				"up": {"uv": [0, 0, 15.5, 15.6], "texture": "#2"},
				"down": {"uv": [0, 0, 15.5, 15.6], "texture": "#2"}
			}
		},
		{
			"from": [10.86358, 6.18052, -0.3],
			"to": [11.46358, 7.58052, 0.8],
			"rotation": {"angle": -22.5, "axis": "z", "origin": [11.15185, 6.78814, 0.5]},
			"faces": {
				"north": {"uv": [0, 0, 15.5, 15.6], "rotation": 90, "texture": "#2"},
				"east": {"uv": [0, 0, 15.5, 15.6], "rotation": 90, "texture": "#2"},
				"south": {"uv": [0, 0, 15.5, 15.6], "rotation": 90, "texture": "#2"},
				"west": {"uv": [0, 0, 15.5, 15.6], "rotation": 90, "texture": "#2"},
				"up": {"uv": [0, 0, 15.5, 15.6], "rotation": 90, "texture": "#2"},
				"down": {"uv": [0, 0, 15.5, 15.6], "rotation": 90, "texture": "#2"}
			}
		},
		{
			"from": [10.58875, 6.23052, -0.3],
			"to": [11.18875, 7.63052, 0.8],
			"rotation": {"angle": 0, "axis": "y", "origin": [10.88875, 6.93052, 0.5]},
			"faces": {
				"north": {"uv": [0, 0, 15.5, 15.6], "rotation": 90, "texture": "#2"},
				"east": {"uv": [0, 0, 15.5, 15.6], "rotation": 90, "texture": "#2"},
				"south": {"uv": [0, 0, 15.5, 15.6], "rotation": 90, "texture": "#2"},
				"west": {"uv": [0, 0, 15.5, 15.6], "rotation": 90, "texture": "#2"},
				"up": {"uv": [0, 0, 15.5, 15.6], "rotation": 90, "texture": "#2"},
				"down": {"uv": [0, 0, 15.5, 15.6], "rotation": 90, "texture": "#2"}
			}
		},
		{
			"from": [10.41159, 7.14533, -0.3],
			"to": [10.91159, 7.64533, 0.8],
			"rotation": {"angle": 22.5, "axis": "z", "origin": [10.88875, 7.73052, 0.5]},
			"faces": {
				"north": {"uv": [0, 0, 15.5, 15.6], "rotation": 90, "texture": "#2"},
				"east": {"uv": [0, 0, 15.5, 15.6], "rotation": 90, "texture": "#2"},
				"south": {"uv": [0, 0, 15.5, 15.6], "rotation": 90, "texture": "#2"},
				"west": {"uv": [0, 0, 15.5, 15.6], "rotation": 90, "texture": "#2"},
				"up": {"uv": [0, 0, 15.5, 15.6], "rotation": 90, "texture": "#2"},
				"down": {"uv": [0, 0, 15.5, 15.6], "rotation": 90, "texture": "#2"}
			}
		},
		{
			"from": [10.3389, 7.41055, -0.3],
			"to": [10.8389, 7.81055, 0.8],
			"rotation": {"angle": 45, "axis": "z", "origin": [10.5889, 7.66055, 0.5]},
			"faces": {
				"north": {"uv": [0, 0, 15.5, 15.6], "rotation": 90, "texture": "#2"},
				"east": {"uv": [0, 0, 15.5, 15.6], "rotation": 90, "texture": "#2"},
				"south": {"uv": [0, 0, 15.5, 15.6], "rotation": 90, "texture": "#2"},
				"west": {"uv": [0, 0, 15.5, 15.6], "rotation": 90, "texture": "#2"},
				"up": {"uv": [0, 0, 15.5, 15.6], "rotation": 90, "texture": "#2"},
				"down": {"uv": [0, 0, 15.5, 15.6], "rotation": 90, "texture": "#2"}
			}
		},
		{
			"from": [8.75961, 7.5434, -0.5],
			"to": [10.65961, 7.9434, 1],
			"rotation": {"angle": 0, "axis": "y", "origin": [10.45961, 7.6934, 0.5]},
			"faces": {
				"north": {"uv": [0, 0, 15.5, 15.6], "rotation": 180, "texture": "#2"},
				"east": {"uv": [0, 0, 15.5, 15.6], "rotation": 180, "texture": "#2"},
				"south": {"uv": [0, 0, 15.5, 15.6], "rotation": 180, "texture": "#2"},
				"west": {"uv": [0, 0, 15.5, 15.6], "rotation": 180, "texture": "#2"},
				"up": {"uv": [0, 0, 15.5, 15.6], "rotation": 180, "texture": "#2"},
				"down": {"uv": [0, 0, 15.5, 15.6], "rotation": 180, "texture": "#2"}
			}
		},
		{
			"from": [8.75961, 6.2434, -0.3],
			"to": [10.65961, 6.6434, 0.8],
			"rotation": {"angle": 0, "axis": "y", "origin": [10.45961, 7.6934, 0.5]},
			"faces": {
				"north": {"uv": [0, 0, 15.986, 15.984], "rotation": 180, "texture": "#1"},
				"east": {"uv": [0, 0, 15.986, 15.984], "rotation": 180, "texture": "#1"},
				"south": {"uv": [0, 0, 15.986, 15.984], "rotation": 180, "texture": "#1"},
				"west": {"uv": [0, 0, 15.986, 15.984], "rotation": 180, "texture": "#1"},
				"up": {"uv": [0, 0, 15.986, 15.984], "rotation": 180, "texture": "#1"},
				"down": {"uv": [0, 0, 15.986, 15.984], "rotation": 180, "texture": "#1"}
			}
		},
		{
			"from": [9.55961, 7.1434, 0.3],
			"to": [10.25961, 7.5434, 0.5],
			"rotation": {"angle": 0, "axis": "y", "origin": [10.45961, 7.6934, 0.5]},
			"faces": {
				"north": {"uv": [0, 0, 15.986, 15.984], "rotation": 180, "texture": "#1"},
				"east": {"uv": [0, 0, 15.986, 15.984], "rotation": 180, "texture": "#1"},
				"south": {"uv": [0, 0, 15.986, 15.984], "rotation": 180, "texture": "#1"},
				"west": {"uv": [0, 0, 15.986, 15.984], "rotation": 180, "texture": "#1"},
				"up": {"uv": [0, 0, 15.986, 15.984], "rotation": 180, "texture": "#1"},
				"down": {"uv": [0, 0, 15.986, 15.984], "rotation": 180, "texture": "#1"}
			}
		},
		{
			"from": [9.50972, 6.89256, 0.3],
			"to": [10.20972, 7.29256, 0.5],
			"rotation": {"angle": -22.5, "axis": "z", "origin": [9.85972, 7.09256, 0.4]},
			"faces": {
				"north": {"uv": [0, 0, 15.986, 15.984], "rotation": 180, "texture": "#1"},
				"east": {"uv": [0, 0, 15.986, 15.984], "rotation": 180, "texture": "#1"},
				"south": {"uv": [0, 0, 15.986, 15.984], "rotation": 180, "texture": "#1"},
				"west": {"uv": [0, 0, 15.986, 15.984], "rotation": 180, "texture": "#1"},
				"up": {"uv": [0, 0, 15.986, 15.984], "rotation": 180, "texture": "#1"},
				"down": {"uv": [0, 0, 15.986, 15.984], "rotation": 180, "texture": "#1"}
			}
		},
		{
			"from": [8.75961, 6.3434, -0.3],
			"to": [8.85961, 7.5434, 0.8],
			"rotation": {"angle": 0, "axis": "y", "origin": [10.45961, 7.6934, 0.5]},
			"faces": {
				"north": {"uv": [0, 0, 15.986, 15.984], "rotation": 180, "texture": "#1"},
				"east": {"uv": [0, 0, 15.986, 15.984], "rotation": 180, "texture": "#1"},
				"south": {"uv": [0, 0, 15.986, 15.984], "rotation": 180, "texture": "#1"},
				"west": {"uv": [0, 0, 15.986, 15.984], "rotation": 180, "texture": "#1"},
				"up": {"uv": [0, 0, 15.986, 15.984], "rotation": 180, "texture": "#1"},
				"down": {"uv": [0, 0, 15.986, 15.984], "rotation": 180, "texture": "#1"}
			}
		},
		{
			"from": [11.46536, 6.6632, -0.3],
			"to": [11.86536, 7.6632, 0.8],
			"rotation": {"angle": 0, "axis": "y", "origin": [11.66536, 7.0632, 0.5]},
			"faces": {
				"north": {"uv": [0, 0, 15.5, 15.6], "texture": "#2"},
				"east": {"uv": [0, 0, 15.5, 15.6], "texture": "#2"},
				"south": {"uv": [0, 0, 15.5, 15.6], "texture": "#2"},
				"west": {"uv": [0, 0, 15.5, 15.6], "texture": "#2"},
				"up": {"uv": [0, 0, 15.5, 15.6], "texture": "#2"},
				"down": {"uv": [0, 0, 15.5, 15.6], "texture": "#2"}
			}
		},
		{
			"from": [11.64148, 7.6486, -0.5],
			"to": [12.04148, 8.2486, 1],
			"rotation": {"angle": -22.5, "axis": "z", "origin": [11.84148, 8.0486, 0.5]},
			"faces": {
				"north": {"uv": [0, 0, 15.5, 15.6], "texture": "#2"},
				"east": {"uv": [0, 0, 15.5, 15.6], "texture": "#2"},
				"south": {"uv": [0, 0, 15.5, 15.6], "texture": "#2"},
				"west": {"uv": [0, 0, 15.5, 15.6], "texture": "#2"},
				"up": {"uv": [0, 0, 15.5, 15.6], "texture": "#2"},
				"down": {"uv": [0, 0, 15.5, 15.6], "texture": "#2"}
			}
		},
		{
			"from": [11.92215, 8.06598, -0.5],
			"to": [12.32215, 8.56598, 1],
			"rotation": {"angle": -45, "axis": "z", "origin": [12.12215, 8.41598, 0.5]},
			"faces": {
				"north": {"uv": [0, 0, 15.5, 15.6], "texture": "#2"},
				"east": {"uv": [0, 0, 15.5, 15.6], "texture": "#2"},
				"south": {"uv": [0, 0, 15.5, 15.6], "texture": "#2"},
				"west": {"uv": [0, 0, 15.5, 15.6], "texture": "#2"},
				"up": {"uv": [0, 0, 15.5, 15.6], "texture": "#2"},
				"down": {"uv": [0, 0, 15.5, 15.6], "texture": "#2"}
			}
		},
		{
			"from": [12.1443, 8.37436, -0.5],
			"to": [12.4443, 8.77436, 1],
			"rotation": {"angle": 22.5, "axis": "z", "origin": [12.3943, 8.57436, 0.5]},
			"faces": {
				"north": {"uv": [0, 0, 15.5, 15.6], "rotation": 270, "texture": "#2"},
				"east": {"uv": [0, 0, 15.5, 15.6], "rotation": 270, "texture": "#2"},
				"south": {"uv": [0, 0, 15.5, 15.6], "rotation": 270, "texture": "#2"},
				"west": {"uv": [0, 0, 15.5, 15.6], "rotation": 270, "texture": "#2"},
				"up": {"uv": [0, 0, 15.5, 15.6], "rotation": 270, "texture": "#2"},
				"down": {"uv": [0, 0, 15.5, 15.6], "rotation": 270, "texture": "#2"}
			}
		},
		{
			"from": [12.36396, 8.37827, -0.5],
			"to": [12.66396, 8.77827, 1],
			"rotation": {"angle": 0, "axis": "y", "origin": [12.51396, 8.57827, 0.5]},
			"faces": {
				"north": {"uv": [0, 0, 15.5, 15.6], "rotation": 270, "texture": "#2"},
				"east": {"uv": [0, 0, 15.5, 15.6], "rotation": 270, "texture": "#2"},
				"south": {"uv": [0, 0, 15.5, 15.6], "rotation": 270, "texture": "#2"},
				"west": {"uv": [0, 0, 15.5, 15.6], "rotation": 270, "texture": "#2"},
				"up": {"uv": [0, 0, 15.5, 15.6], "rotation": 270, "texture": "#2"},
				"down": {"uv": [0, 0, 15.5, 15.6], "rotation": 270, "texture": "#2"}
			}
		},
		{
			"from": [12.576, 8.33609, -0.5],
			"to": [18.976, 8.73609, 1],
			"rotation": {"angle": -22.5, "axis": "z", "origin": [12.726, 8.53609, 0.5]},
			"faces": {
				"north": {"uv": [0, 0, 15.5, 15.6], "rotation": 270, "texture": "#2"},
				"east": {"uv": [0, 0, 15.5, 15.6], "rotation": 270, "texture": "#2"},
				"south": {"uv": [0, 0, 15.5, 15.6], "rotation": 270, "texture": "#2"},
				"west": {"uv": [0, 0, 15.5, 15.6], "rotation": 270, "texture": "#2"},
				"up": {"uv": [0, 0, 15.5, 15.6], "rotation": 270, "texture": "#2"},
				"down": {"uv": [0, 0, 15.5, 15.6], "rotation": 270, "texture": "#2"}
			}
		},
		{
			"from": [18.42371, 5.95955, -0.5],
			"to": [19.22371, 6.55955, 1],
			"rotation": {"angle": 0, "axis": "y", "origin": [21.62371, 6.15955, 0.5]},
			"faces": {
				"north": {"uv": [0, 0, 15.5, 15.6], "rotation": 270, "texture": "#2"},
				"east": {"uv": [0, 0, 15.5, 15.6], "rotation": 270, "texture": "#2"},
				"south": {"uv": [0, 0, 15.5, 15.6], "rotation": 270, "texture": "#2"},
				"west": {"uv": [0, 0, 15.5, 15.6], "rotation": 270, "texture": "#2"},
				"up": {"uv": [0, 0, 15.5, 15.6], "rotation": 270, "texture": "#2"},
				"down": {"uv": [0, 0, 15.5, 15.6], "rotation": 270, "texture": "#2"}
			}
		},
		{
			"from": [18.32371, 6.35955, -0.5],
			"to": [19.12371, 6.45955, 1],
			"rotation": {"angle": 0, "axis": "y", "origin": [21.62371, 6.15955, 0.5]},
			"faces": {
				"north": {"uv": [0, 0, 15.5, 15.6], "rotation": 270, "texture": "#2"},
				"east": {"uv": [0, 0, 15.5, 15.6], "rotation": 270, "texture": "#2"},
				"south": {"uv": [0, 0, 15.5, 15.6], "rotation": 270, "texture": "#2"},
				"west": {"uv": [0, 0, 15.5, 15.6], "rotation": 270, "texture": "#2"},
				"up": {"uv": [0, 0, 15.5, 15.6], "rotation": 270, "texture": "#2"},
				"down": {"uv": [0, 0, 15.5, 15.6], "rotation": 270, "texture": "#2"}
			}
		},
		{
			"from": [19.11292, 6.11653, -0.5],
			"to": [19.31292, 6.51653, 1],
			"rotation": {"angle": 22.5, "axis": "z", "origin": [19.56292, 6.31653, 0.5]},
			"faces": {
				"north": {"uv": [0, 0, 15.5, 15.6], "rotation": 270, "texture": "#2"},
				"east": {"uv": [0, 0, 15.5, 15.6], "rotation": 270, "texture": "#2"},
				"south": {"uv": [0, 0, 15.5, 15.6], "rotation": 270, "texture": "#2"},
				"west": {"uv": [0, 0, 15.5, 15.6], "rotation": 270, "texture": "#2"},
				"up": {"uv": [0, 0, 15.5, 15.6], "rotation": 270, "texture": "#2"},
				"down": {"uv": [0, 0, 15.5, 15.6], "rotation": 270, "texture": "#2"}
			}
		},
		{
			"from": [18.61292, 9.48347, -0.5],
			"to": [19.31292, 9.88347, 1],
			"rotation": {"angle": -22.5, "axis": "z", "origin": [19.56292, 9.68347, 0.5]},
			"faces": {
				"north": {"uv": [0, 0, 15.5, 15.6], "rotation": 270, "texture": "#2"},
				"east": {"uv": [0, 0, 15.5, 15.6], "rotation": 270, "texture": "#2"},
				"south": {"uv": [0, 0, 15.5, 15.6], "rotation": 270, "texture": "#2"},
				"west": {"uv": [0, 0, 15.5, 15.6], "rotation": 270, "texture": "#2"},
				"up": {"uv": [0, 0, 15.5, 15.6], "rotation": 270, "texture": "#2"},
				"down": {"uv": [0, 0, 15.5, 15.6], "rotation": 270, "texture": "#2"}
			}
		},
		{
			"from": [19.23778, 6.04822, -0.5],
			"to": [19.43778, 6.44822, 1],
			"rotation": {"angle": 45, "axis": "z", "origin": [19.33778, 6.24822, 0.5]},
			"faces": {
				"north": {"uv": [0, 0, 15.5, 15.6], "rotation": 270, "texture": "#2"},
				"east": {"uv": [0, 0, 15.5, 15.6], "rotation": 270, "texture": "#2"},
				"south": {"uv": [0, 0, 15.5, 15.6], "rotation": 270, "texture": "#2"},
				"west": {"uv": [0, 0, 15.5, 15.6], "rotation": 270, "texture": "#2"},
				"up": {"uv": [0, 0, 15.5, 15.6], "rotation": 270, "texture": "#2"},
				"down": {"uv": [0, 0, 15.5, 15.6], "rotation": 270, "texture": "#2"}
			}
		},
		{
			"from": [19.23778, 9.55178, -0.5],
			"to": [19.43778, 9.95178, 1],
			"rotation": {"angle": -45, "axis": "z", "origin": [19.33778, 9.75178, 0.5]},
			"faces": {
				"north": {"uv": [0, 0, 15.5, 15.6], "rotation": 270, "texture": "#2"},
				"east": {"uv": [0, 0, 15.5, 15.6], "rotation": 270, "texture": "#2"},
				"south": {"uv": [0, 0, 15.5, 15.6], "rotation": 270, "texture": "#2"},
				"west": {"uv": [0, 0, 15.5, 15.6], "rotation": 270, "texture": "#2"},
				"up": {"uv": [0, 0, 15.5, 15.6], "rotation": 270, "texture": "#2"},
				"down": {"uv": [0, 0, 15.5, 15.6], "rotation": 270, "texture": "#2"}
			}
		},
		{
			"from": [19.2034, 6.24643, -0.5],
			"to": [19.6034, 6.44643, 1],
			"rotation": {"angle": -22.5, "axis": "z", "origin": [19.4034, 6.34643, 0.5]},
			"faces": {
				"north": {"uv": [0, 0, 15.5, 15.6], "texture": "#2"},
				"east": {"uv": [0, 0, 15.5, 15.6], "texture": "#2"},
				"south": {"uv": [0, 0, 15.5, 15.6], "texture": "#2"},
				"west": {"uv": [0, 0, 15.5, 15.6], "texture": "#2"},
				"up": {"uv": [0, 0, 15.5, 15.6], "texture": "#2"},
				"down": {"uv": [0, 0, 15.5, 15.6], "texture": "#2"}
			}
		},
		{
			"from": [19.2034, 9.55357, -0.5],
			"to": [19.6034, 9.75357, 1],
			"rotation": {"angle": 22.5, "axis": "z", "origin": [19.4034, 9.65357, 0.5]},
			"faces": {
				"north": {"uv": [0, 0, 15.5, 15.6], "texture": "#2"},
				"east": {"uv": [0, 0, 15.5, 15.6], "texture": "#2"},
				"south": {"uv": [0, 0, 15.5, 15.6], "texture": "#2"},
				"west": {"uv": [0, 0, 15.5, 15.6], "texture": "#2"},
				"up": {"uv": [0, 0, 15.5, 15.6], "texture": "#2"},
				"down": {"uv": [0, 0, 15.5, 15.6], "texture": "#2"}
			}
		},
		{
			"from": [19.22645, 6.36228, -0.5],
			"to": [19.62645, 9.66228, 1],
			"rotation": {"angle": 0, "axis": "y", "origin": [19.42645, 6.46228, 0.5]},
			"faces": {
				"north": {"uv": [0, 0, 15.5, 15.6], "texture": "#2"},
				"east": {"uv": [0, 0, 15.5, 15.6], "texture": "#2"},
				"south": {"uv": [0, 0, 15.5, 15.6], "texture": "#2"},
				"west": {"uv": [0, 0, 15.5, 15.6], "texture": "#2"},
				"up": {"uv": [0, 0, 15.5, 15.6], "texture": "#2"},
				"down": {"uv": [0, 0, 15.5, 15.6], "texture": "#2"}
			}
		},
		{
			"from": [-1.23823, 9.83179, -0.5],
			"to": [18.76177, 10.03179, 1],
			"rotation": {"angle": 0, "axis": "y", "origin": [18.41177, 10.33179, 0.5]},
			"faces": {
				"north": {"uv": [0, 0, 15.5, 15.6], "rotation": 270, "texture": "#2"},
				"east": {"uv": [0, 0, 15.5, 15.6], "rotation": 270, "texture": "#2"},
				"south": {"uv": [0, 0, 15.5, 15.6], "rotation": 270, "texture": "#2"},
				"west": {"uv": [0, 0, 15.5, 15.6], "rotation": 270, "texture": "#2"},
				"up": {"uv": [0, 0, 15.5, 15.6], "rotation": 270, "texture": "#2"},
				"down": {"uv": [0, 0, 15.5, 15.6], "rotation": 270, "texture": "#2"}
			}
		},
		{
			"from": [-1.23823, 10.03179, -0.3],
			"to": [18.76177, 10.23179, 0.8],
			"rotation": {"angle": 0, "axis": "y", "origin": [18.41177, 10.33179, 0.5]},
			"faces": {
				"north": {"uv": [0, 0, 15.5, 15.6], "rotation": 270, "texture": "#2"},
				"east": {"uv": [0, 0, 15.5, 15.6], "rotation": 270, "texture": "#2"},
				"south": {"uv": [0, 0, 15.5, 15.6], "rotation": 270, "texture": "#2"},
				"west": {"uv": [0, 0, 15.5, 15.6], "rotation": 270, "texture": "#2"},
				"up": {"uv": [0, 0, 15.5, 15.6], "rotation": 270, "texture": "#2"},
				"down": {"uv": [0, 0, 15.5, 15.6], "rotation": 270, "texture": "#2"}
			}
		},
		{
			"from": [12.06177, 8.73179, -0.5],
			"to": [19.36177, 9.83179, 1],
			"rotation": {"angle": 0, "axis": "y", "origin": [18.41177, 10.33179, 0.5]},
			"faces": {
				"north": {"uv": [0, 0, 15.5, 15.6], "rotation": 270, "texture": "#2"},
				"east": {"uv": [0, 0, 15.5, 15.6], "rotation": 270, "texture": "#2"},
				"south": {"uv": [0, 0, 15.5, 15.6], "rotation": 270, "texture": "#2"},
				"west": {"uv": [0, 0, 15.5, 15.6], "rotation": 270, "texture": "#2"},
				"up": {"uv": [0, 0, 15.5, 15.6], "rotation": 270, "texture": "#2"},
				"down": {"uv": [0, 0, 15.5, 15.6], "rotation": 270, "texture": "#2"}
			}
		},
		{
			"from": [-1.23823, 8.73179, -0.5],
			"to": [9.46177, 9.83179, 1],
			"rotation": {"angle": 0, "axis": "y", "origin": [18.41177, 10.33179, 0.5]},
			"faces": {
				"north": {"uv": [0, 0, 15.5, 15.6], "rotation": 270, "texture": "#2"},
				"east": {"uv": [0, 0, 15.5, 15.6], "rotation": 270, "texture": "#2"},
				"south": {"uv": [0, 0, 15.5, 15.6], "rotation": 270, "texture": "#2"},
				"west": {"uv": [0, 0, 15.5, 15.6], "rotation": 270, "texture": "#2"},
				"up": {"uv": [0, 0, 15.5, 15.6], "rotation": 270, "texture": "#2"},
				"down": {"uv": [0, 0, 15.5, 15.6], "rotation": 270, "texture": "#2"}
			}
		},
		{
			"from": [-0.43823, 7.93179, -0.6],
			"to": [3.96177, 9.83179, 1.1],
			"rotation": {"angle": 0, "axis": "y", "origin": [18.41177, 10.33179, 0.5]},
			"faces": {
				"north": {"uv": [0, 0, 15.5, 15.6], "rotation": 270, "texture": "#3"},
				"east": {"uv": [0, 0, 15.5, 15.6], "rotation": 270, "texture": "#3"},
				"south": {"uv": [0, 0, 15.5, 15.6], "rotation": 270, "texture": "#3"},
				"west": {"uv": [0, 0, 15.5, 15.6], "rotation": 270, "texture": "#3"},
				"up": {"uv": [0, 0, 15.5, 15.6], "rotation": 270, "texture": "#3"},
				"down": {"uv": [0, 0, 15.5, 15.6], "rotation": 270, "texture": "#3"}
			}
		},
		{
			"from": [9.46177, 8.73179, -0.3],
			"to": [12.06177, 9.83179, 1],
			"rotation": {"angle": 0, "axis": "y", "origin": [18.41177, 10.33179, 0.5]},
			"faces": {
				"north": {"uv": [0, 0, 15.986, 15.984], "rotation": 270, "texture": "#1"},
				"east": {"uv": [0, 0, 15.986, 15.984], "rotation": 270, "texture": "#2"},
				"south": {"uv": [0, 0, 15.986, 15.984], "rotation": 270, "texture": "#2"},
				"west": {"uv": [0, 0, 15.986, 15.984], "rotation": 270, "texture": "#2"},
				"up": {"uv": [0, 0, 15.986, 15.984], "rotation": 270, "texture": "#2"},
				"down": {"uv": [0, 0, 15.986, 15.984], "rotation": 270, "texture": "#2"}
			}
		},
		{
			"from": [-1.23823, 7.53179, -0.5],
			"to": [6.86177, 8.73179, 1],
			"rotation": {"angle": 0, "axis": "z", "origin": [2.81177, 8.03179, 0.25]},
			"faces": {
				"north": {"uv": [0, 0, 15.5, 15.6], "rotation": 270, "texture": "#2"},
				"east": {"uv": [0, 0, 15.5, 15.6], "rotation": 270, "texture": "#2"},
				"south": {"uv": [0, 0, 15.5, 15.6], "rotation": 270, "texture": "#2"},
				"west": {"uv": [0, 0, 15.5, 15.6], "rotation": 270, "texture": "#2"},
				"up": {"uv": [0, 0, 15.5, 15.6], "rotation": 270, "texture": "#2"},
				"down": {"uv": [0, 0, 15.5, 15.6], "rotation": 270, "texture": "#2"}
			}
		},
		{
			"from": [-1.23823, 7.33179, -0.3],
			"to": [6.86177, 8.53179, 0.8],
			"rotation": {"angle": 0, "axis": "z", "origin": [2.81177, 8.03179, 0.25]},
			"faces": {
				"north": {"uv": [0, 0, 15.5, 15.6], "rotation": 270, "texture": "#2"},
				"east": {"uv": [0, 0, 15.5, 15.6], "rotation": 270, "texture": "#2"},
				"south": {"uv": [0, 0, 15.5, 15.6], "rotation": 270, "texture": "#2"},
				"west": {"uv": [0, 0, 15.5, 15.6], "rotation": 270, "texture": "#2"},
				"up": {"uv": [0, 0, 15.5, 15.6], "rotation": 270, "texture": "#2"},
				"down": {"uv": [0, 0, 15.5, 15.6], "rotation": 270, "texture": "#2"}
			}
		},
		{
			"from": [-1.23823, 7.54497, -0.01464],
			"to": [6.86177, 7.74497, 0.28536],
			"rotation": {"angle": 45, "axis": "x", "origin": [2.81177, 8.14497, -0.26464]},
			"faces": {
				"north": {"uv": [0, 0, 15.5, 15.6], "rotation": 270, "texture": "#2"},
				"east": {"uv": [0, 0, 15.5, 15.6], "rotation": 270, "texture": "#2"},
				"south": {"uv": [0, 0, 15.5, 15.6], "rotation": 270, "texture": "#2"},
				"west": {"uv": [0, 0, 15.5, 15.6], "rotation": 270, "texture": "#2"},
				"up": {"uv": [0, 0, 15.5, 15.6], "rotation": 270, "texture": "#2"},
				"down": {"uv": [0, 0, 15.5, 15.6], "rotation": 270, "texture": "#2"}
			}
		},
		{
			"from": [-1.23823, 9.12487, -1.17739],
			"to": [18.76177, 9.32487, -0.87739],
			"rotation": {"angle": 45, "axis": "x", "origin": [2.81177, 7.39141, 0.90607]},
			"faces": {
				"north": {"uv": [0, 0, 15.5, 15.6], "rotation": 270, "texture": "#2"},
				"east": {"uv": [0, 0, 15.5, 15.6], "rotation": 270, "texture": "#2"},
				"south": {"uv": [0, 0, 15.5, 15.6], "rotation": 270, "texture": "#2"},
				"west": {"uv": [0, 0, 15.5, 15.6], "rotation": 270, "texture": "#2"},
				"up": {"uv": [0, 0, 15.5, 15.6], "rotation": 270, "texture": "#2"},
				"down": {"uv": [0, 0, 15.5, 15.6], "rotation": 270, "texture": "#2"}
			}
		},
		{
			"from": [-1.23823, 6.15918, 2.42886],
			"to": [6.86177, 6.35918, 2.72886],
			"rotation": {"angle": -45, "axis": "x", "origin": [2.81177, 4.77928, 0.19896]},
			"faces": {
				"north": {"uv": [0, 0, 15.5, 15.6], "rotation": 270, "texture": "#2"},
				"east": {"uv": [0, 0, 15.5, 15.6], "rotation": 270, "texture": "#2"},
				"south": {"uv": [0, 0, 15.5, 15.6], "rotation": 270, "texture": "#2"},
				"west": {"uv": [0, 0, 15.5, 15.6], "rotation": 270, "texture": "#2"},
				"up": {"uv": [0, 0, 15.5, 15.6], "rotation": 270, "texture": "#2"},
				"down": {"uv": [0, 0, 15.5, 15.6], "rotation": 270, "texture": "#2"}
			}
		},
		{
			"from": [-1.23823, 7.6805, 3.73302],
			"to": [18.76177, 7.8805, 4.03302],
			"rotation": {"angle": -45, "axis": "x", "origin": [2.81177, 3.82573, -0.97175]},
			"faces": {
				"north": {"uv": [0, 0, 15.5, 15.6], "rotation": 270, "texture": "#2"},
				"east": {"uv": [0, 0, 15.5, 15.6], "rotation": 270, "texture": "#2"},
				"south": {"uv": [0, 0, 15.5, 15.6], "rotation": 270, "texture": "#2"},
				"west": {"uv": [0, 0, 15.5, 15.6], "rotation": 270, "texture": "#2"},
				"up": {"uv": [0, 0, 15.5, 15.6], "rotation": 270, "texture": "#2"},
				"down": {"uv": [0, 0, 15.5, 15.6], "rotation": 270, "texture": "#2"}
			}
		},
		{
			"from": [6.86177, 8.03179, -0.5],
			"to": [11.96177, 8.73179, 1],
			"rotation": {"angle": 0, "axis": "y", "origin": [18.41177, 10.33179, 0.5]},
			"faces": {
				"north": {"uv": [0, 0, 15.5, 15.6], "rotation": 270, "texture": "#2"},
				"east": {"uv": [0, 0, 15.5, 15.6], "rotation": 270, "texture": "#2"},
				"south": {"uv": [0, 0, 15.5, 15.6], "rotation": 270, "texture": "#2"},
				"west": {"uv": [0, 0, 15.5, 15.6], "rotation": 270, "texture": "#2"},
				"up": {"uv": [0, 0, 15.5, 15.6], "rotation": 270, "texture": "#2"},
				"down": {"uv": [0, 0, 15.5, 15.6], "rotation": 270, "texture": "#2"}
			}
		},
		{
			"from": [11.96177, 8.43179, -0.5],
			"to": [19.26177, 8.73179, 1],
			"rotation": {"angle": 0, "axis": "y", "origin": [18.41177, 10.33179, 0.5]},
			"faces": {
				"north": {"uv": [0, 0, 15.5, 15.6], "rotation": 270, "texture": "#2"},
				"east": {"uv": [0, 0, 15.5, 15.6], "rotation": 270, "texture": "#2"},
				"south": {"uv": [0, 0, 15.5, 15.6], "rotation": 270, "texture": "#2"},
				"west": {"uv": [0, 0, 15.5, 15.6], "rotation": 270, "texture": "#2"},
				"up": {"uv": [0, 0, 15.5, 15.6], "rotation": 270, "texture": "#2"},
				"down": {"uv": [0, 0, 15.5, 15.6], "rotation": 270, "texture": "#2"}
			}
		},
		{
			"from": [13.46177, 8.03179, -0.5],
			"to": [19.26177, 8.43179, 1],
			"rotation": {"angle": 0, "axis": "y", "origin": [18.41177, 10.33179, 0.5]},
			"faces": {
				"north": {"uv": [0, 0, 15.5, 15.6], "rotation": 270, "texture": "#2"},
				"east": {"uv": [0, 0, 15.5, 15.6], "rotation": 270, "texture": "#2"},
				"south": {"uv": [0, 0, 15.5, 15.6], "rotation": 270, "texture": "#2"},
				"west": {"uv": [0, 0, 15.5, 15.6], "rotation": 270, "texture": "#2"},
				"up": {"uv": [0, 0, 15.5, 15.6], "rotation": 270, "texture": "#2"},
				"down": {"uv": [0, 0, 15.5, 15.6], "rotation": 270, "texture": "#2"}
			}
		},
		{
			"from": [14.46177, 7.63179, -0.5],
			"to": [19.26177, 8.03179, 1],
			"rotation": {"angle": 0, "axis": "y", "origin": [18.41177, 10.33179, 0.5]},
			"faces": {
				"north": {"uv": [0, 0, 15.5, 15.6], "rotation": 270, "texture": "#2"},
				"east": {"uv": [0, 0, 15.5, 15.6], "rotation": 270, "texture": "#2"},
				"south": {"uv": [0, 0, 15.5, 15.6], "rotation": 270, "texture": "#2"},
				"west": {"uv": [0, 0, 15.5, 15.6], "rotation": 270, "texture": "#2"},
				"up": {"uv": [0, 0, 15.5, 15.6], "rotation": 270, "texture": "#2"},
				"down": {"uv": [0, 0, 15.5, 15.6], "rotation": 270, "texture": "#2"}
			}
		},
		{
			"from": [15.36177, 7.23179, -0.5],
			"to": [19.26177, 7.63179, 1],
			"rotation": {"angle": 0, "axis": "y", "origin": [18.41177, 10.33179, 0.5]},
			"faces": {
				"north": {"uv": [0, 0, 15.5, 15.6], "rotation": 270, "texture": "#2"},
				"east": {"uv": [0, 0, 15.5, 15.6], "rotation": 270, "texture": "#2"},
				"south": {"uv": [0, 0, 15.5, 15.6], "rotation": 270, "texture": "#2"},
				"west": {"uv": [0, 0, 15.5, 15.6], "rotation": 270, "texture": "#2"},
				"up": {"uv": [0, 0, 15.5, 15.6], "rotation": 270, "texture": "#2"},
				"down": {"uv": [0, 0, 15.5, 15.6], "rotation": 270, "texture": "#2"}
			}
		},
		{
			"from": [16.36177, 6.83179, -0.5],
			"to": [19.26177, 7.23179, 1],
			"rotation": {"angle": 0, "axis": "y", "origin": [18.41177, 10.33179, 0.5]},
			"faces": {
				"north": {"uv": [0, 0, 15.5, 15.6], "rotation": 270, "texture": "#2"},
				"east": {"uv": [0, 0, 15.5, 15.6], "rotation": 270, "texture": "#2"},
				"south": {"uv": [0, 0, 15.5, 15.6], "rotation": 270, "texture": "#2"},
				"west": {"uv": [0, 0, 15.5, 15.6], "rotation": 270, "texture": "#2"},
				"up": {"uv": [0, 0, 15.5, 15.6], "rotation": 270, "texture": "#2"},
				"down": {"uv": [0, 0, 15.5, 15.6], "rotation": 270, "texture": "#2"}
			}
		},
		{
			"from": [17.36177, 6.43179, -0.5],
			"to": [19.26177, 6.83179, 1],
			"rotation": {"angle": 0, "axis": "y", "origin": [18.41177, 10.33179, 0.5]},
			"faces": {
				"north": {"uv": [0, 0, 15.5, 15.6], "rotation": 270, "texture": "#2"},
				"east": {"uv": [0, 0, 15.5, 15.6], "rotation": 270, "texture": "#2"},
				"south": {"uv": [0, 0, 15.5, 15.6], "rotation": 270, "texture": "#2"},
				"west": {"uv": [0, 0, 15.5, 15.6], "rotation": 270, "texture": "#2"},
				"up": {"uv": [0, 0, 15.5, 15.6], "rotation": 270, "texture": "#2"},
				"down": {"uv": [0, 0, 15.5, 15.6], "rotation": 270, "texture": "#2"}
			}
		},
		{
			"from": [8.76177, 7.93179, -0.5],
			"to": [11.66177, 8.03179, 1],
			"rotation": {"angle": 0, "axis": "y", "origin": [18.41177, 10.33179, 0.5]},
			"faces": {
				"north": {"uv": [0, 0, 15.5, 15.6], "rotation": 270, "texture": "#2"},
				"east": {"uv": [0, 0, 15.5, 15.6], "rotation": 270, "texture": "#2"},
				"south": {"uv": [0, 0, 15.5, 15.6], "rotation": 270, "texture": "#2"},
				"west": {"uv": [0, 0, 15.5, 15.6], "rotation": 270, "texture": "#2"},
				"up": {"uv": [0, 0, 15.5, 15.6], "rotation": 270, "texture": "#2"},
				"down": {"uv": [0, 0, 15.5, 15.6], "rotation": 270, "texture": "#2"}
			}
		},
		{
			"from": [10.66177, 7.53179, -0.5],
			"to": [11.86177, 7.93179, 1],
			"rotation": {"angle": 0, "axis": "y", "origin": [18.41177, 10.33179, 0.5]},
			"faces": {
				"north": {"uv": [0, 0, 15.5, 15.6], "rotation": 270, "texture": "#2"},
				"east": {"uv": [0, 0, 15.5, 15.6], "rotation": 270, "texture": "#2"},
				"south": {"uv": [0, 0, 15.5, 15.6], "rotation": 270, "texture": "#2"},
				"west": {"uv": [0, 0, 15.5, 15.6], "rotation": 270, "texture": "#2"},
				"up": {"uv": [0, 0, 15.5, 15.6], "rotation": 270, "texture": "#2"},
				"down": {"uv": [0, 0, 15.5, 15.6], "rotation": 270, "texture": "#2"}
			}
		},
		{
			"name": "hexadecagon",
			"from": [-6.1417, 10.22552, -4.44124],
			"to": [-1.1417, 10.42444, -4.34124],
			"rotation": {"angle": -45, "axis": "x", "origin": [-0.0417, 14.4262, 0.3014]},
			"faces": {
				"north": {"uv": [0, 0, 15.986, 15.984], "texture": "#1"},
				"east": {"uv": [0, 0, 15.986, 15.984], "texture": "#1"},
				"south": {"uv": [0, 0, 15.986, 15.984], "texture": "#1"},
				"west": {"uv": [0, 0, 15.986, 15.984], "texture": "#1"},
				"up": {"uv": [0, 0, 15.986, 15.984], "texture": "#1"},
				"down": {"uv": [0, 0, 15.986, 15.984], "texture": "#1"}
			}
		},
		{
			"name": "hexadecagon",
			"from": [-6.1417, 8.60097, 0.2708],
			"to": [-1.1417, 8.70097, 0.46971],
			"rotation": {"angle": 45, "axis": "x", "origin": [-2.8417, 8.56741, 0.67841]},
			"faces": {
				"north": {"uv": [0, 0, 15.986, 15.984], "rotation": 180, "texture": "#1"},
				"east": {"uv": [0, 0, 15.986, 15.984], "rotation": 180, "texture": "#1"},
				"south": {"uv": [0, 0, 15.986, 15.984], "rotation": 180, "texture": "#1"},
				"west": {"uv": [0, 0, 15.986, 15.984], "rotation": 180, "texture": "#1"},
				"up": {"uv": [0, 0, 15.986, 15.984], "rotation": 180, "texture": "#1"},
				"down": {"uv": [0, 0, 15.986, 15.984], "rotation": 180, "texture": "#1"}
			}
		},
		{
			"name": "hexadecagon",
			"from": [-6.1417, 8.91412, -2.54882],
			"to": [-1.1417, 9.11304, -2.44882],
			"rotation": {"angle": -22.5, "axis": "x", "origin": [-0.0417, 14.4262, 0.3014]},
			"faces": {
				"north": {"uv": [0, 0, 15.986, 15.984], "texture": "#1"},
				"east": {"uv": [0, 0, 15.986, 15.984], "texture": "#1"},
				"south": {"uv": [0, 0, 15.986, 15.984], "texture": "#1"},
				"west": {"uv": [0, 0, 15.986, 15.984], "texture": "#1"},
				"up": {"uv": [0, 0, 15.986, 15.984], "texture": "#1"},
				"down": {"uv": [0, 0, 15.986, 15.984], "texture": "#1"}
			}
		},
		{
			"name": "hexadecagon",
			"from": [-6.1417, 8.61243, 0.62194],
			"to": [-1.1417, 8.81134, 0.72194],
			"rotation": {"angle": -22.5, "axis": "x", "origin": [-2.8417, 8.56741, 0.67841]},
			"faces": {
				"north": {"uv": [0, 0, 15.986, 15.984], "rotation": 180, "texture": "#1"},
				"east": {"uv": [0, 0, 15.986, 15.984], "rotation": 180, "texture": "#1"},
				"south": {"uv": [0, 0, 15.986, 15.984], "rotation": 180, "texture": "#1"},
				"west": {"uv": [0, 0, 15.986, 15.984], "rotation": 180, "texture": "#1"},
				"up": {"uv": [0, 0, 15.986, 15.984], "rotation": 180, "texture": "#1"},
				"down": {"uv": [0, 0, 15.986, 15.984], "rotation": 180, "texture": "#1"}
			}
		},
		{
			"name": "hexadecagon",
			"from": [-6.1417, 8.42674, -0.2986],
			"to": [-1.1417, 8.62566, -0.1986],
			"rotation": {"angle": 0, "axis": "y", "origin": [-0.0417, 14.4262, 0.3014]},
			"faces": {
				"north": {"uv": [0, 0, 15.986, 15.984], "texture": "#1"},
				"east": {"uv": [0, 0, 15.986, 15.984], "texture": "#1"},
				"south": {"uv": [0, 0, 15.986, 15.984], "texture": "#1"},
				"west": {"uv": [0, 0, 15.986, 15.984], "texture": "#1"},
				"up": {"uv": [0, 0, 15.986, 15.984], "texture": "#1"},
				"down": {"uv": [0, 0, 15.986, 15.984], "texture": "#1"}
			}
		},
		{
			"name": "hexadecagon",
			"from": [-6.1417, 8.42674, 0.6014],
			"to": [-1.1417, 8.62566, 0.7014],
			"rotation": {"angle": 0, "axis": "y", "origin": [-0.0417, 14.4262, 0.3014]},
			"faces": {
				"north": {"uv": [0, 0, 15.986, 15.984], "texture": "#1"},
				"east": {"uv": [0, 0, 15.986, 15.984], "texture": "#1"},
				"south": {"uv": [0, 0, 15.986, 15.984], "texture": "#1"},
				"west": {"uv": [0, 0, 15.986, 15.984], "texture": "#1"},
				"up": {"uv": [0, 0, 15.986, 15.984], "texture": "#1"},
				"down": {"uv": [0, 0, 15.986, 15.984], "texture": "#1"}
			}
		},
		{
			"name": "hexadecagon",
			"from": [-6.1417, 8.83759, 1.96684],
			"to": [-1.1417, 9.0365, 2.06684],
			"rotation": {"angle": 22.5, "axis": "x", "origin": [-0.0417, 14.4262, 0.3014]},
			"faces": {
				"north": {"uv": [0, 0, 15.986, 15.984], "texture": "#1"},
				"east": {"uv": [0, 0, 15.986, 15.984], "texture": "#1"},
				"south": {"uv": [0, 0, 15.986, 15.984], "texture": "#1"},
				"west": {"uv": [0, 0, 15.986, 15.984], "texture": "#1"},
				"up": {"uv": [0, 0, 15.986, 15.984], "texture": "#1"},
				"down": {"uv": [0, 0, 15.986, 15.984], "texture": "#1"}
			}
		},
		{
			"name": "hexadecagon",
			"from": [-6.1417, 8.56971, 2.78311],
			"to": [-1.1417, 8.76862, 2.88311],
			"rotation": {"angle": 22.5, "axis": "x", "origin": [-0.0417, 14.08178, 0.93289]},
			"faces": {
				"north": {"uv": [0, 0, 15.986, 15.984], "texture": "#1"},
				"east": {"uv": [0, 0, 15.986, 15.984], "texture": "#1"},
				"south": {"uv": [0, 0, 15.986, 15.984], "texture": "#1"},
				"west": {"uv": [0, 0, 15.986, 15.984], "texture": "#1"},
				"up": {"uv": [0, 0, 15.986, 15.984], "texture": "#1"},
				"down": {"uv": [0, 0, 15.986, 15.984], "texture": "#1"}
			}
		},
		{
			"name": "hexadecagon",
			"from": [-6.1417, 10.0841, 4.80262],
			"to": [-1.1417, 10.28302, 4.90262],
			"rotation": {"angle": 45, "axis": "x", "origin": [-0.0417, 14.4262, 0.3014]},
			"faces": {
				"north": {"uv": [0, 0, 15.986, 15.984], "texture": "#1"},
				"east": {"uv": [0, 0, 15.986, 15.984], "texture": "#1"},
				"south": {"uv": [0, 0, 15.986, 15.984], "texture": "#1"},
				"west": {"uv": [0, 0, 15.986, 15.984], "texture": "#1"},
				"up": {"uv": [0, 0, 15.986, 15.984], "texture": "#1"},
				"down": {"uv": [0, 0, 15.986, 15.984], "texture": "#1"}
			}
		},
		{
			"name": "hexadecagon",
			"from": [-6.1417, 10.33974, 3.24698],
			"to": [-1.1417, 10.53865, 3.34698],
			"rotation": {"angle": 45, "axis": "x", "origin": [-0.0417, 13.7626, -0.335]},
			"faces": {
				"north": {"uv": [0, 0, 15.986, 15.984], "texture": "#1"},
				"east": {"uv": [0, 0, 15.986, 15.984], "texture": "#1"},
				"south": {"uv": [0, 0, 15.986, 15.984], "texture": "#1"},
				"west": {"uv": [0, 0, 15.986, 15.984], "texture": "#1"},
				"up": {"uv": [0, 0, 15.986, 15.984], "texture": "#1"},
				"down": {"uv": [0, 0, 15.986, 15.984], "texture": "#1"}
			}
		},
		{
			"name": "hexadecagon",
			"from": [-6.1417, 8.51358, -2.14828],
			"to": [-1.1417, 8.61358, -1.94936],
			"rotation": {"angle": -22.5, "axis": "x", "origin": [-0.0417, 14.4262, 0.3014]},
			"faces": {
				"north": {"uv": [0, 0, 15.986, 15.984], "texture": "#1"},
				"east": {"uv": [0, 0, 15.986, 15.984], "texture": "#1"},
				"south": {"uv": [0, 0, 15.986, 15.984], "texture": "#1"},
				"west": {"uv": [0, 0, 15.986, 15.984], "texture": "#1"},
				"up": {"uv": [0, 0, 15.986, 15.984], "texture": "#1"},
				"down": {"uv": [0, 0, 15.986, 15.984], "texture": "#1"}
			}
		},
		{
			"name": "hexadecagon",
			"from": [-6.1417, 9.25373, -2.03347],
			"to": [-1.1417, 9.35373, -1.83456],
			"rotation": {"angle": -22.5, "axis": "x", "origin": [-0.0417, 14.05769, -0.04302]},
			"faces": {
				"north": {"uv": [0, 0, 15.986, 15.984], "texture": "#1"},
				"east": {"uv": [0, 0, 15.986, 15.984], "texture": "#1"},
				"south": {"uv": [0, 0, 15.986, 15.984], "texture": "#1"},
				"west": {"uv": [0, 0, 15.986, 15.984], "texture": "#1"},
				"up": {"uv": [0, 0, 15.986, 15.984], "texture": "#1"},
				"down": {"uv": [0, 0, 15.986, 15.984], "texture": "#1"}
			}
		},
		{
			"name": "hexadecagon",
			"from": [-6.1417, 8.9262, 0.10194],
			"to": [-1.1417, 9.0262, 0.30086],
			"rotation": {"angle": 0, "axis": "y", "origin": [-0.0417, 14.4262, 0.3014]},
			"faces": {
				"north": {"uv": [0, 0, 15.986, 15.984], "texture": "#1"},
				"east": {"uv": [0, 0, 15.986, 15.984], "texture": "#1"},
				"south": {"uv": [0, 0, 15.986, 15.984], "texture": "#1"},
				"west": {"uv": [0, 0, 15.986, 15.984], "texture": "#1"},
				"up": {"uv": [0, 0, 15.986, 15.984], "texture": "#1"},
				"down": {"uv": [0, 0, 15.986, 15.984], "texture": "#1"}
			}
		},
		{
			"name": "hexadecagon",
			"from": [-6.1417, 8.0262, 0.10194],
			"to": [-1.1417, 8.1262, 0.30086],
			"rotation": {"angle": 0, "axis": "y", "origin": [-0.0417, 14.4262, 0.3014]},
			"faces": {
				"north": {"uv": [0, 0, 15.986, 15.984], "texture": "#1"},
				"east": {"uv": [0, 0, 15.986, 15.984], "texture": "#1"},
				"south": {"uv": [0, 0, 15.986, 15.984], "texture": "#1"},
				"west": {"uv": [0, 0, 15.986, 15.984], "texture": "#1"},
				"up": {"uv": [0, 0, 15.986, 15.984], "texture": "#1"},
				"down": {"uv": [0, 0, 15.986, 15.984], "texture": "#1"}
			}
		},
		{
			"name": "hexadecagon",
			"from": [-6.1417, 8.43704, 2.36739],
			"to": [-1.1417, 8.53704, 2.5663],
			"rotation": {"angle": 22.5, "axis": "x", "origin": [-0.0417, 14.4262, 0.3014]},
			"faces": {
				"north": {"uv": [0, 0, 15.986, 15.984], "texture": "#1"},
				"east": {"uv": [0, 0, 15.986, 15.984], "texture": "#1"},
				"south": {"uv": [0, 0, 15.986, 15.984], "texture": "#1"},
				"west": {"uv": [0, 0, 15.986, 15.984], "texture": "#1"},
				"up": {"uv": [0, 0, 15.986, 15.984], "texture": "#1"},
				"down": {"uv": [0, 0, 15.986, 15.984], "texture": "#1"}
			}
		},
		{
			"name": "hexadecagon",
			"from": [-6.1417, 9.05178, 0.3588],
			"to": [-1.1417, 9.15178, 0.55771],
			"rotation": {"angle": 22.5, "axis": "x", "origin": [-2.8417, 9.23465, 0.01415]},
			"faces": {
				"north": {"uv": [0, 0, 15.986, 15.984], "texture": "#1"},
				"east": {"uv": [0, 0, 15.986, 15.984], "texture": "#1"},
				"south": {"uv": [0, 0, 15.986, 15.984], "texture": "#1"},
				"west": {"uv": [0, 0, 15.986, 15.984], "texture": "#1"},
				"up": {"uv": [0, 0, 15.986, 15.984], "texture": "#1"},
				"down": {"uv": [0, 0, 15.986, 15.984], "texture": "#1"}
			}
		},
		{
			"name": "hexadecagon",
			"from": [6.8583, 7.77709, -8.49185],
			"to": [8.5583, 8.77165, -3.49185],
			"rotation": {"angle": -45, "axis": "x", "origin": [-0.0417, 14.4262, 0.3014]},
			"faces": {
				"north": {"uv": [0, 0, 15.5, 15.6], "texture": "#2"},
				"east": {"uv": [0, 0, 15.5, 15.6], "texture": "#2"},
				"south": {"uv": [0, 0, 15.5, 15.6], "texture": "#2"},
				"west": {"uv": [0, 0, 15.5, 15.6], "texture": "#2"},
				"up": {"uv": [0, 0, 15.5, 15.6], "texture": "#2"},
				"down": {"uv": [0, 0, 15.5, 15.6], "texture": "#2"}
			}
		},
		{
			"name": "hexadecagon",
			"from": [6.8583, 5.83705, -5.6586],
			"to": [8.5583, 6.83161, -0.6586],
			"rotation": {"angle": -22.5, "axis": "x", "origin": [-0.0417, 14.4262, 0.3014]},
			"faces": {
				"north": {"uv": [0, 0, 15.5, 15.6], "texture": "#2"},
				"east": {"uv": [0, 0, 15.5, 15.6], "texture": "#2"},
				"south": {"uv": [0, 0, 15.5, 15.6], "texture": "#2"},
				"west": {"uv": [0, 0, 15.5, 15.6], "texture": "#2"},
				"up": {"uv": [0, 0, 15.5, 15.6], "texture": "#2"},
				"down": {"uv": [0, 0, 15.5, 15.6], "texture": "#2"}
			}
		},
		{
			"name": "hexadecagon",
			"from": [6.8583, 5.12892, -2.2986],
			"to": [8.5583, 6.12348, 2.7014],
			"rotation": {"angle": 0, "axis": "y", "origin": [-0.0417, 14.4262, 0.3014]},
			"faces": {
				"north": {"uv": [0, 0, 15.5, 15.6], "texture": "#2"},
				"east": {"uv": [0, 0, 15.5, 15.6], "texture": "#2"},
				"south": {"uv": [0, 0, 15.5, 15.6], "texture": "#2"},
				"west": {"uv": [0, 0, 15.5, 15.6], "texture": "#2"},
				"up": {"uv": [0, 0, 15.5, 15.6], "texture": "#2"},
				"down": {"uv": [0, 0, 15.5, 15.6], "texture": "#2"}
			}
		},
		{
			"name": "hexadecagon",
			"from": [6.8583, 5.76051, 1.07663],
			"to": [8.5583, 6.75507, 6.07663],
			"rotation": {"angle": 22.5, "axis": "x", "origin": [-0.0417, 14.4262, 0.3014]},
			"faces": {
				"north": {"uv": [0, 0, 15.5, 15.6], "texture": "#2"},
				"east": {"uv": [0, 0, 15.5, 15.6], "texture": "#2"},
				"south": {"uv": [0, 0, 15.5, 15.6], "texture": "#2"},
				"west": {"uv": [0, 0, 15.5, 15.6], "texture": "#2"},
				"up": {"uv": [0, 0, 15.5, 15.6], "texture": "#2"},
				"down": {"uv": [0, 0, 15.5, 15.6], "texture": "#2"}
			}
		},
		{
			"name": "hexadecagon",
			"from": [6.8583, 7.63567, 3.95323],
			"to": [8.5583, 8.63023, 8.95323],
			"rotation": {"angle": 45, "axis": "x", "origin": [-0.0417, 14.4262, 0.3014]},
			"faces": {
				"north": {"uv": [0, 0, 15.5, 15.6], "texture": "#2"},
				"east": {"uv": [0, 0, 15.5, 15.6], "texture": "#2"},
				"south": {"uv": [0, 0, 15.5, 15.6], "texture": "#2"},
				"west": {"uv": [0, 0, 15.5, 15.6], "texture": "#2"},
				"up": {"uv": [0, 0, 15.5, 15.6], "texture": "#2"},
				"down": {"uv": [0, 0, 15.5, 15.6], "texture": "#2"}
			}
		},
		{
			"name": "hexadecagon",
			"from": [6.8583, 3.83433, -3.65588],
			"to": [8.5583, 8.83433, -2.66132],
			"rotation": {"angle": -22.5, "axis": "x", "origin": [-0.0417, 14.4262, 0.3014]},
			"faces": {
				"north": {"uv": [0, 0, 15.5, 15.6], "texture": "#2"},
				"east": {"uv": [0, 0, 15.5, 15.6], "texture": "#2"},
				"south": {"uv": [0, 0, 15.5, 15.6], "texture": "#2"},
				"west": {"uv": [0, 0, 15.5, 15.6], "texture": "#2"},
				"up": {"uv": [0, 0, 15.5, 15.6], "texture": "#2"},
				"down": {"uv": [0, 0, 15.5, 15.6], "texture": "#2"}
			}
		},
		{
			"name": "hexadecagon",
			"from": [6.8583, 3.1262, -0.29588],
			"to": [8.5583, 8.1262, 0.69868],
			"rotation": {"angle": 0, "axis": "y", "origin": [-0.0417, 14.4262, 0.3014]},
			"faces": {
				"north": {"uv": [0, 0, 15.5, 15.6], "texture": "#2"},
				"east": {"uv": [0, 0, 15.5, 15.6], "texture": "#2"},
				"south": {"uv": [0, 0, 15.5, 15.6], "texture": "#2"},
				"west": {"uv": [0, 0, 15.5, 15.6], "texture": "#2"},
				"up": {"uv": [0, 0, 15.5, 15.6], "texture": "#2"},
				"down": {"uv": [0, 0, 15.5, 15.6], "texture": "#2"}
			}
		},
		{
			"name": "hexadecagon",
			"from": [6.8583, 3.75779, 3.07935],
			"to": [8.5583, 8.75779, 4.07391],
			"rotation": {"angle": 22.5, "axis": "x", "origin": [-0.0417, 14.4262, 0.3014]},
			"faces": {
				"north": {"uv": [0, 0, 15.5, 15.6], "texture": "#2"},
				"east": {"uv": [0, 0, 15.5, 15.6], "texture": "#2"},
				"south": {"uv": [0, 0, 15.5, 15.6], "texture": "#2"},
				"west": {"uv": [0, 0, 15.5, 15.6], "texture": "#2"},
				"up": {"uv": [0, 0, 15.5, 15.6], "texture": "#2"},
				"down": {"uv": [0, 0, 15.5, 15.6], "texture": "#2"}
			}
		},
		{
			"from": [5.1, 9.9, 0.2],
			"to": [5.2, 11.2, 0.4],
			"faces": {
				"north": {"uv": [0, 0, 15.986, 15.984], "texture": "#1"},
				"east": {"uv": [0, 0, 15.986, 15.984], "texture": "#1"},
				"south": {"uv": [0, 0, 15.986, 15.984], "texture": "#1"},
				"west": {"uv": [0, 0, 15.986, 15.984], "texture": "#1"},
				"up": {"uv": [0, 0, 15.986, 15.984], "texture": "#1"},
				"down": {"uv": [0, 0, 15.986, 15.984], "texture": "#1"}
			}
		},
		{
			"from": [5, 9.9, 0],
			"to": [10.6, 10.3, 0.6],
			"faces": {
				"north": {"uv": [0, 0, 15.986, 15.984], "texture": "#1"},
				"east": {"uv": [0, 0, 15.986, 15.984], "texture": "#1"},
				"south": {"uv": [0, 0, 15.986, 15.984], "texture": "#1"},
				"west": {"uv": [0, 0, 15.986, 15.984], "texture": "#1"},
				"up": {"uv": [0, 0, 15.986, 15.984], "texture": "#1"},
				"down": {"uv": [0, 0, 15.986, 15.984], "texture": "#1"}
			}
		},
		{
			"from": [11.1, 9.9, -0.2],
			"to": [12.9, 10.3, 0.8],
			"faces": {
				"north": {"uv": [0, 0, 15.986, 15.984], "texture": "#1"},
				"east": {"uv": [0, 0, 15.986, 15.984], "texture": "#1"},
				"south": {"uv": [0, 0, 15.986, 15.984], "texture": "#1"},
				"west": {"uv": [0, 0, 15.986, 15.984], "texture": "#1"},
				"up": {"uv": [0, 0, 15.986, 15.984], "texture": "#1"},
				"down": {"uv": [0, 0, 15.986, 15.984], "texture": "#1"}
			}
		},
		{
			"from": [5.2, 11.1, 0.2],
			"to": [5.5, 11.2, 0.4],
			"faces": {
				"north": {"uv": [0, 0, 15.986, 15.984], "texture": "#1"},
				"east": {"uv": [0, 0, 15.986, 15.984], "texture": "#1"},
				"south": {"uv": [0, 0, 15.986, 15.984], "texture": "#1"},
				"west": {"uv": [0, 0, 15.986, 15.984], "texture": "#1"},
				"up": {"uv": [0, 0, 15.986, 15.984], "texture": "#1"},
				"down": {"uv": [0, 0, 15.986, 15.984], "texture": "#1"}
			}
		},
		{
			"from": [-1, 9.9, -0.1],
			"to": [-0.8, 12, 0.7],
			"faces": {
				"north": {"uv": [0, 0, 15.986, 15.984], "texture": "#1"},
				"east": {"uv": [0, 0, 15.986, 15.984], "texture": "#1"},
				"south": {"uv": [0, 0, 15.986, 15.984], "texture": "#1"},
				"west": {"uv": [0, 0, 15.986, 15.984], "texture": "#1"},
				"up": {"uv": [0, 0, 15.986, 15.984], "texture": "#1"},
				"down": {"uv": [0, 0, 15.986, 15.984], "texture": "#1"}
			}
		},
		{
			"from": [-0.8, 11.9, -0.1],
			"to": [-0.6, 12, 0.7],
			"faces": {
				"north": {"uv": [0, 0, 15.986, 15.984], "texture": "#1"},
				"east": {"uv": [0, 0, 15.986, 15.984], "texture": "#1"},
				"south": {"uv": [0, 0, 15.986, 15.984], "texture": "#1"},
				"west": {"uv": [0, 0, 15.986, 15.984], "texture": "#1"},
				"up": {"uv": [0, 0, 15.986, 15.984], "texture": "#1"},
				"down": {"uv": [0, 0, 15.986, 15.984], "texture": "#1"}
			}
		},
		{
			"from": [-0.8, 10.2, 0.1],
			"to": [-0.6, 11.9, 0.5],
			"faces": {
				"north": {"uv": [0, 0, 15.5, 15.6], "texture": "#1"},
				"east": {"uv": [0, 0, 15.5, 15.6], "texture": "#1"},
				"south": {"uv": [0, 0, 15.5, 15.6], "texture": "#1"},
				"west": {"uv": [0, 0, 15.5, 15.6], "texture": "#1"},
				"up": {"uv": [0, 0, 15.5, 15.6], "texture": "#1"},
				"down": {"uv": [0, 0, 15.5, 15.6], "texture": "#1"}
			}
		},
		{
			"from": [-0.9, 12, 0.2],
			"to": [-0.7, 12.2, 0.4],
			"faces": {
				"north": {"uv": [0, 0, 15.986, 15.984], "texture": "#1"},
				"east": {"uv": [0, 0, 15.986, 15.984], "texture": "#1"},
				"south": {"uv": [0, 0, 15.986, 15.984], "texture": "#1"},
				"west": {"uv": [0, 0, 15.986, 15.984], "texture": "#1"},
				"up": {"uv": [0, 0, 15.986, 15.984], "texture": "#1"},
				"down": {"uv": [0, 0, 15.986, 15.984], "texture": "#1"}
			}
		},
		{
			"from": [-0.6, 10.2, 0.1],
			"to": [-0.5, 11.7, 0.5],
			"faces": {
				"north": {"uv": [0, 0, 15.986, 15.984], "texture": "#1"},
				"east": {"uv": [0, 0, 15.986, 15.984], "texture": "#1"},
				"south": {"uv": [0, 0, 15.986, 15.984], "texture": "#1"},
				"west": {"uv": [0, 0, 15.986, 15.984], "texture": "#1"},
				"up": {"uv": [0, 0, 15.986, 15.984], "texture": "#1"},
				"down": {"uv": [0, 0, 15.986, 15.984], "texture": "#1"}
			}
		},
		{
			"from": [-0.5, 10.2, 0.1],
			"to": [-0.4, 11.5, 0.5],
			"faces": {
				"north": {"uv": [0, 0, 15.986, 15.984], "texture": "#1"},
				"east": {"uv": [0, 0, 15.986, 15.984], "texture": "#1"},
				"south": {"uv": [0, 0, 15.986, 15.984], "texture": "#1"},
				"west": {"uv": [0, 0, 15.986, 15.984], "texture": "#1"},
				"up": {"uv": [0, 0, 15.986, 15.984], "texture": "#1"},
				"down": {"uv": [0, 0, 15.986, 15.984], "texture": "#1"}
			}
		},
		{
			"from": [-0.4, 10.2, 0.1],
			"to": [-0.3, 11.2, 0.5],
			"faces": {
				"north": {"uv": [0, 0, 15.986, 15.984], "texture": "#1"},
				"east": {"uv": [0, 0, 15.986, 15.984], "texture": "#1"},
				"south": {"uv": [0, 0, 15.986, 15.984], "texture": "#1"},
				"west": {"uv": [0, 0, 15.986, 15.984], "texture": "#1"},
				"up": {"uv": [0, 0, 15.986, 15.984], "texture": "#1"},
				"down": {"uv": [0, 0, 15.986, 15.984], "texture": "#1"}
			}
		},
		{
			"from": [-0.2, 10.2, 0.1],
			"to": [-0.1, 10.7, 0.5],
			"faces": {
				"north": {"uv": [0, 0, 15.986, 15.984], "texture": "#1"},
				"east": {"uv": [0, 0, 15.986, 15.984], "texture": "#1"},
				"south": {"uv": [0, 0, 15.986, 15.984], "texture": "#1"},
				"west": {"uv": [0, 0, 15.986, 15.984], "texture": "#1"},
				"up": {"uv": [0, 0, 15.986, 15.984], "texture": "#1"},
				"down": {"uv": [0, 0, 15.986, 15.984], "texture": "#1"}
			}
		},
		{
			"from": [-0.1, 10.2, 0.1],
			"to": [0, 10.5, 0.5],
			"faces": {
				"north": {"uv": [0, 0, 15.986, 15.984], "texture": "#1"},
				"east": {"uv": [0, 0, 15.986, 15.984], "texture": "#1"},
				"south": {"uv": [0, 0, 15.986, 15.984], "texture": "#1"},
				"west": {"uv": [0, 0, 15.986, 15.984], "texture": "#1"},
				"up": {"uv": [0, 0, 15.986, 15.984], "texture": "#1"},
				"down": {"uv": [0, 0, 15.986, 15.984], "texture": "#1"}
			}
		},
		{
			"from": [-0.3, 10.2, 0.1],
			"to": [-0.2, 11, 0.5],
			"faces": {
				"north": {"uv": [0, 0, 15.986, 15.984], "texture": "#1"},
				"east": {"uv": [0, 0, 15.986, 15.984], "texture": "#1"},
				"south": {"uv": [0, 0, 15.986, 15.984], "texture": "#1"},
				"west": {"uv": [0, 0, 15.986, 15.984], "texture": "#1"},
				"up": {"uv": [0, 0, 15.986, 15.984], "texture": "#1"},
				"down": {"uv": [0, 0, 15.986, 15.984], "texture": "#1"}
			}
		},
		{
			"from": [11.3, 9.9, -0.2],
			"to": [11.7, 12.9, 0.1],
			"faces": {
				"north": {"uv": [0, 0, 15.986, 15.984], "texture": "#1"},
				"east": {"uv": [0, 0, 15.986, 15.984], "texture": "#1"},
				"south": {"uv": [0, 0, 15.986, 15.984], "texture": "#1"},
				"west": {"uv": [0, 0, 15.986, 15.984], "texture": "#1"},
				"up": {"uv": [0, 0, 15.986, 15.984], "texture": "#1"},
				"down": {"uv": [0, 0, 15.986, 15.984], "texture": "#1"}
			}
		},
		{
			"from": [11.3, 9.9, 0.5],
			"to": [11.7, 12.9, 0.8],
			"faces": {
				"north": {"uv": [0, 0, 15.986, 15.984], "texture": "#1"},
				"east": {"uv": [0, 0, 15.986, 15.984], "texture": "#1"},
				"south": {"uv": [0, 0, 15.986, 15.984], "texture": "#1"},
				"west": {"uv": [0, 0, 15.986, 15.984], "texture": "#1"},
				"up": {"uv": [0, 0, 15.986, 15.984], "texture": "#1"},
				"down": {"uv": [0, 0, 15.986, 15.984], "texture": "#1"}
			}
		},
		{
			"from": [11.3, 12.3, 0.1],
			"to": [11.7, 12.6, 0.5],
			"faces": {
				"north": {"uv": [0, 0, 15.986, 15.984], "texture": "#1"},
				"east": {"uv": [0, 0, 15.986, 15.984], "texture": "#1"},
				"south": {"uv": [0, 0, 15.986, 15.984], "texture": "#1"},
				"west": {"uv": [0, 0, 15.986, 15.984], "texture": "#1"},
				"up": {"uv": [0, 0, 15.986, 15.984], "texture": "#1"},
				"down": {"uv": [0, 0, 15.986, 15.984], "texture": "#1"}
			}
		},
		{
			"from": [12.10364, 9.85985, -0.2],
			"to": [12.50364, 10.95985, 0.8],
			"rotation": {"angle": 0, "axis": "y", "origin": [7.00364, 7.95985, 8]},
			"faces": {
				"north": {"uv": [0, 0, 15.986, 15.984], "texture": "#1"},
				"east": {"uv": [0, 0, 15.986, 15.984], "texture": "#1"},
				"south": {"uv": [0, 0, 15.986, 15.984], "texture": "#1"},
				"west": {"uv": [0, 0, 15.986, 15.984], "texture": "#1"},
				"up": {"uv": [0, 0, 15.986, 15.984], "texture": "#1"},
				"down": {"uv": [0, 0, 15.986, 15.984], "texture": "#1"}
			}
		},
		{
			"from": [11.70364, 10.75985, 0.5],
			"to": [12.30364, 11.35985, 0.8],
			"rotation": {"angle": 0, "axis": "y", "origin": [7.00364, 7.95985, 8]},
			"faces": {
				"north": {"uv": [0, 0, 15.986, 15.984], "texture": "#1"},
				"east": {"uv": [0, 0, 15.986, 15.984], "texture": "#1"},
				"south": {"uv": [0, 0, 15.986, 15.984], "texture": "#1"},
				"west": {"uv": [0, 0, 15.986, 15.984], "texture": "#1"},
				"up": {"uv": [0, 0, 15.986, 15.984], "texture": "#1"},
				"down": {"uv": [0, 0, 15.986, 15.984], "texture": "#1"}
			}
		},
		{
			"from": [11.70364, 10.75985, -0.2],
			"to": [12.30364, 11.35985, 0.1],
			"rotation": {"angle": 0, "axis": "y", "origin": [7.00364, 7.95985, 8]},
			"faces": {
				"north": {"uv": [0, 0, 15.986, 15.984], "texture": "#1"},
				"east": {"uv": [0, 0, 15.986, 15.984], "texture": "#1"},
				"south": {"uv": [0, 0, 15.986, 15.984], "texture": "#1"},
				"west": {"uv": [0, 0, 15.986, 15.984], "texture": "#1"},
				"up": {"uv": [0, 0, 15.986, 15.984], "texture": "#1"},
				"down": {"uv": [0, 0, 15.986, 15.984], "texture": "#1"}
			}
		},
		{
			"from": [-0.28296, 9.90339, -0.1],
			"to": [-0.18296, 12.00339, 0.7],
			"rotation": {"angle": 22.5, "axis": "z", "origin": [-0.38296, 10.95339, 0.5]},
			"faces": {
				"north": {"uv": [0, 0, 15.986, 15.984], "texture": "#1"},
				"east": {"uv": [0, 0, 15.986, 15.984], "texture": "#1"},
				"south": {"uv": [0, 0, 15.986, 15.984], "texture": "#1"},
				"west": {"uv": [0, 0, 15.986, 15.984], "texture": "#1"},
				"up": {"uv": [0, 0, 15.986, 15.984], "texture": "#1"},
				"down": {"uv": [0, 0, 15.986, 15.984], "texture": "#1"}
			}
		},
		{
			"from": [10.78076, 6.09638, 0.5],
			"to": [11.18076, 8.19638, 0.8],
			"rotation": {"angle": 22.5, "axis": "z", "origin": [-0.38296, 11.85339, 0.5]},
			"faces": {
				"north": {"uv": [0, 0, 15.986, 15.984], "texture": "#1"},
				"east": {"uv": [0, 0, 15.986, 15.984], "texture": "#1"},
				"south": {"uv": [0, 0, 15.986, 15.984], "texture": "#1"},
				"west": {"uv": [0, 0, 15.986, 15.984], "texture": "#1"},
				"up": {"uv": [0, 0, 15.986, 15.984], "texture": "#1"},
				"down": {"uv": [0, 0, 15.986, 15.984], "texture": "#1"}
			}
		},
		{
			"from": [10.78076, 6.09638, -0.2],
			"to": [11.18076, 8.19638, 0.1],
			"rotation": {"angle": 22.5, "axis": "z", "origin": [-0.38296, 11.85339, 0.5]},
			"faces": {
				"north": {"uv": [0, 0, 15.986, 15.984], "texture": "#1"},
				"east": {"uv": [0, 0, 15.986, 15.984], "texture": "#1"},
				"south": {"uv": [0, 0, 15.986, 15.984], "texture": "#1"},
				"west": {"uv": [0, 0, 15.986, 15.984], "texture": "#1"},
				"up": {"uv": [0, 0, 15.986, 15.984], "texture": "#1"},
				"down": {"uv": [0, 0, 15.986, 15.984], "texture": "#1"}
			}
		},
		{
			"from": [5.81213, 9.40503, 0.2],
			"to": [5.91213, 11.20503, 0.4],
			"rotation": {"angle": 45, "axis": "z", "origin": [5.71213, 10.70503, 0.5]},
			"faces": {
				"north": {"uv": [0, 0, 15.986, 15.984], "texture": "#1"},
				"east": {"uv": [0, 0, 15.986, 15.984], "texture": "#1"},
				"south": {"uv": [0, 0, 15.986, 15.984], "texture": "#1"},
				"west": {"uv": [0, 0, 15.986, 15.984], "texture": "#1"},
				"up": {"uv": [0, 0, 15.986, 15.984], "texture": "#1"},
				"down": {"uv": [0, 0, 15.986, 15.984], "texture": "#1"}
			}
		},
		{
			"name": "hexadecagon",
			"from": [11.3583, 12.69636, 0.1514],
			"to": [11.5583, 12.75604, 0.1814],
			"rotation": {"angle": 0, "axis": "y", "origin": [-0.0417, 14.4262, 0.3014]},
			"faces": {
				"north": {"uv": [0, 0, 15.986, 15.984], "texture": "#1"},
				"east": {"uv": [0, 0, 15.986, 15.984], "texture": "#1"},
				"south": {"uv": [0, 0, 15.986, 15.984], "texture": "#1"},
				"west": {"uv": [0, 0, 15.986, 15.984], "texture": "#1"},
				"up": {"uv": [0, 0, 15.986, 15.984], "texture": "#1"},
				"down": {"uv": [0, 0, 15.986, 15.984], "texture": "#1"}
			}
		},
		{
			"name": "hexadecagon",
			"from": [11.3583, 12.69636, 0.4214],
			"to": [11.5583, 12.75604, 0.4514],
			"rotation": {"angle": 0, "axis": "y", "origin": [-0.0417, 14.4262, 0.2714]},
			"faces": {
				"north": {"uv": [0, 0, 15.986, 15.984], "texture": "#1"},
				"east": {"uv": [0, 0, 15.986, 15.984], "texture": "#1"},
				"south": {"uv": [0, 0, 15.986, 15.984], "texture": "#1"},
				"west": {"uv": [0, 0, 15.986, 15.984], "texture": "#1"},
				"up": {"uv": [0, 0, 15.986, 15.984], "texture": "#1"},
				"down": {"uv": [0, 0, 15.986, 15.984], "texture": "#1"}
			}
		},
		{
			"name": "hexadecagon",
			"from": [11.3583, 12.5762, 0.27156],
			"to": [11.5583, 12.6062, 0.33124],
			"rotation": {"angle": 0, "axis": "y", "origin": [-0.0417, 14.4262, 0.3014]},
			"faces": {
				"north": {"uv": [0, 0, 15.986, 15.984], "texture": "#1"},
				"east": {"uv": [0, 0, 15.986, 15.984], "texture": "#1"},
				"south": {"uv": [0, 0, 15.986, 15.984], "texture": "#1"},
				"west": {"uv": [0, 0, 15.986, 15.984], "texture": "#1"},
				"up": {"uv": [0, 0, 15.986, 15.984], "texture": "#1"},
				"down": {"uv": [0, 0, 15.986, 15.984], "texture": "#1"}
			}
		},
		{
			"name": "hexadecagon",
			"from": [11.3583, 12.8462, 0.27156],
			"to": [11.5583, 12.8762, 0.33124],
			"rotation": {"angle": 0, "axis": "y", "origin": [-0.0417, 14.3962, 0.3014]},
			"faces": {
				"north": {"uv": [0, 0, 15.986, 15.984], "texture": "#1"},
				"east": {"uv": [0, 0, 15.986, 15.984], "texture": "#1"},
				"south": {"uv": [0, 0, 15.986, 15.984], "texture": "#1"},
				"west": {"uv": [0, 0, 15.986, 15.984], "texture": "#1"},
				"up": {"uv": [0, 0, 15.986, 15.984], "texture": "#1"},
				"down": {"uv": [0, 0, 15.986, 15.984], "texture": "#1"}
			}
		},
		{
			"name": "hexadecagon",
			"from": [11.3583, 12.83592, 0.32323],
			"to": [11.5583, 12.86592, 0.3829],
			"rotation": {"angle": 22.5, "axis": "x", "origin": [11.4583, 12.85092, 0.35306]},
			"faces": {
				"north": {"uv": [0, 0, 15.986, 15.984], "texture": "#1"},
				"east": {"uv": [0, 0, 15.986, 15.984], "texture": "#1"},
				"south": {"uv": [0, 0, 15.986, 15.984], "texture": "#1"},
				"west": {"uv": [0, 0, 15.986, 15.984], "texture": "#1"},
				"up": {"uv": [0, 0, 15.986, 15.984], "texture": "#1"},
				"down": {"uv": [0, 0, 15.986, 15.984], "texture": "#1"}
			}
		},
		{
			"name": "hexadecagon",
			"from": [11.3583, 18.77555, 1.75941],
			"to": [11.5583, 18.80555, 1.81908],
			"rotation": {"angle": -22.5, "axis": "x", "origin": [11.4583, 11.95092, 15.94974]},
			"faces": {
				"north": {"uv": [0, 0, 15.986, 15.984], "texture": "#1"},
				"east": {"uv": [0, 0, 15.986, 15.984], "texture": "#1"},
				"south": {"uv": [0, 0, 15.986, 15.984], "texture": "#1"},
				"west": {"uv": [0, 0, 15.986, 15.984], "texture": "#1"},
				"up": {"uv": [0, 0, 15.986, 15.984], "texture": "#1"},
				"down": {"uv": [0, 0, 15.986, 15.984], "texture": "#1"}
			}
		},
		{
			"name": "hexadecagon",
			"from": [11.3583, 5.77147, -2.64145],
			"to": [11.5583, 5.80147, -2.58178],
			"rotation": {"angle": 22.5, "axis": "x", "origin": [11.4583, 2.00148, 15.94974]},
			"faces": {
				"north": {"uv": [0, 0, 15.986, 15.984], "texture": "#1"},
				"east": {"uv": [0, 0, 15.986, 15.984], "texture": "#1"},
				"south": {"uv": [0, 0, 15.986, 15.984], "texture": "#1"},
				"west": {"uv": [0, 0, 15.986, 15.984], "texture": "#1"},
				"up": {"uv": [0, 0, 15.986, 15.984], "texture": "#1"},
				"down": {"uv": [0, 0, 15.986, 15.984], "texture": "#1"}
			}
		},
		{
			"name": "hexadecagon",
			"from": [11.3583, 11.77199, 4.41794],
			"to": [11.5583, 11.80199, 4.47761],
			"rotation": {"angle": -22.5, "axis": "x", "origin": [11.4583, 1.90148, 0.35306]},
			"faces": {
				"north": {"uv": [0, 0, 15.986, 15.984], "texture": "#1"},
				"east": {"uv": [0, 0, 15.986, 15.984], "texture": "#1"},
				"south": {"uv": [0, 0, 15.986, 15.984], "texture": "#1"},
				"west": {"uv": [0, 0, 15.986, 15.984], "texture": "#1"},
				"up": {"uv": [0, 0, 15.986, 15.984], "texture": "#1"},
				"down": {"uv": [0, 0, 15.986, 15.984], "texture": "#1"}
			}
		},
		{
			"name": "hexadecagon",
			"from": [11.3583, 12.80666, 0.36702],
			"to": [11.5583, 12.83666, 0.4267],
			"rotation": {"angle": 45, "axis": "x", "origin": [11.4583, 12.82166, 0.39686]},
			"faces": {
				"north": {"uv": [0, 0, 15.986, 15.984], "texture": "#1"},
				"east": {"uv": [0, 0, 15.986, 15.984], "texture": "#1"},
				"south": {"uv": [0, 0, 15.986, 15.984], "texture": "#1"},
				"west": {"uv": [0, 0, 15.986, 15.984], "texture": "#1"},
				"up": {"uv": [0, 0, 15.986, 15.984], "texture": "#1"},
				"down": {"uv": [0, 0, 15.986, 15.984], "texture": "#1"}
			}
		},
		{
			"name": "hexadecagon",
			"from": [11.3583, 23.64463, 5.41092],
			"to": [11.5583, 23.67463, 5.4706],
			"rotation": {"angle": -45, "axis": "x", "origin": [11.4583, 11.92166, 15.90594]},
			"faces": {
				"north": {"uv": [0, 0, 15.986, 15.984], "texture": "#1"},
				"east": {"uv": [0, 0, 15.986, 15.984], "texture": "#1"},
				"south": {"uv": [0, 0, 15.986, 15.984], "texture": "#1"},
				"west": {"uv": [0, 0, 15.986, 15.984], "texture": "#1"},
				"up": {"uv": [0, 0, 15.986, 15.984], "texture": "#1"},
				"down": {"uv": [0, 0, 15.986, 15.984], "texture": "#1"}
			}
		},
		{
			"name": "hexadecagon",
			"from": [11.3583, -1.5905, -2.7208],
			"to": [11.5583, -1.5605, -2.66113],
			"rotation": {"angle": 45, "axis": "x", "origin": [11.4583, 2.03074, 15.90594]},
			"faces": {
				"north": {"uv": [0, 0, 15.986, 15.984], "texture": "#1"},
				"east": {"uv": [0, 0, 15.986, 15.984], "texture": "#1"},
				"south": {"uv": [0, 0, 15.986, 15.984], "texture": "#1"},
				"west": {"uv": [0, 0, 15.986, 15.984], "texture": "#1"},
				"up": {"uv": [0, 0, 15.986, 15.984], "texture": "#1"},
				"down": {"uv": [0, 0, 15.986, 15.984], "texture": "#1"}
			}
		},
		{
			"name": "hexadecagon",
			"from": [11.3583, 9.48178, 7.93307],
			"to": [11.5583, 9.51178, 7.99274],
			"rotation": {"angle": -45, "axis": "x", "origin": [11.4583, 1.93074, 0.39686]},
			"faces": {
				"north": {"uv": [0, 0, 15.986, 15.984], "texture": "#1"},
				"east": {"uv": [0, 0, 15.986, 15.984], "texture": "#1"},
				"south": {"uv": [0, 0, 15.986, 15.984], "texture": "#1"},
				"west": {"uv": [0, 0, 15.986, 15.984], "texture": "#1"},
				"up": {"uv": [0, 0, 15.986, 15.984], "texture": "#1"},
				"down": {"uv": [0, 0, 15.986, 15.984], "texture": "#1"}
			}
		},
		{
			"name": "hexadecagon",
			"from": [11.3583, 12.74803, 0.41112],
			"to": [11.5583, 12.8077, 0.44112],
			"rotation": {"angle": -22.5, "axis": "x", "origin": [11.4583, 12.77786, 0.42612]},
			"faces": {
				"north": {"uv": [0, 0, 15.986, 15.984], "rotation": 180, "texture": "#1"},
				"east": {"uv": [0, 0, 15.986, 15.984], "rotation": 180, "texture": "#1"},
				"south": {"uv": [0, 0, 15.986, 15.984], "rotation": 180, "texture": "#1"},
				"west": {"uv": [0, 0, 15.986, 15.984], "rotation": 180, "texture": "#1"},
				"up": {"uv": [0, 0, 15.986, 15.984], "rotation": 180, "texture": "#1"},
				"down": {"uv": [0, 0, 15.986, 15.984], "rotation": 180, "texture": "#1"}
			}
		},
		{
			"name": "hexadecagon",
			"from": [11.3583, 6.67139, 1.01235],
			"to": [11.5583, 6.73106, 1.04235],
			"rotation": {"angle": 22.5, "axis": "x", "origin": [11.4583, 11.87786, 15.87668]},
			"faces": {
				"north": {"uv": [0, 0, 15.986, 15.984], "texture": "#1"},
				"east": {"uv": [0, 0, 15.986, 15.984], "texture": "#1"},
				"south": {"uv": [0, 0, 15.986, 15.984], "texture": "#1"},
				"west": {"uv": [0, 0, 15.986, 15.984], "texture": "#1"},
				"up": {"uv": [0, 0, 15.986, 15.984], "texture": "#1"},
				"down": {"uv": [0, 0, 15.986, 15.984], "texture": "#1"}
			}
		},
		{
			"name": "hexadecagon",
			"from": [11.3583, 17.84595, 5.41321],
			"to": [11.5583, 17.90563, 5.44321],
			"rotation": {"angle": -22.5, "axis": "x", "origin": [11.4583, 2.07454, 15.87668]},
			"faces": {
				"north": {"uv": [0, 0, 15.986, 15.984], "texture": "#1"},
				"east": {"uv": [0, 0, 15.986, 15.984], "texture": "#1"},
				"south": {"uv": [0, 0, 15.986, 15.984], "texture": "#1"},
				"west": {"uv": [0, 0, 15.986, 15.984], "texture": "#1"},
				"up": {"uv": [0, 0, 15.986, 15.984], "texture": "#1"},
				"down": {"uv": [0, 0, 15.986, 15.984], "texture": "#1"}
			}
		},
		{
			"name": "hexadecagon",
			"from": [11.3583, 11.83021, -3.68359],
			"to": [11.5583, 11.88989, -3.65359],
			"rotation": {"angle": 22.5, "axis": "x", "origin": [11.4583, 1.97454, 0.42612]},
			"faces": {
				"north": {"uv": [0, 0, 15.986, 15.984], "rotation": 180, "texture": "#1"},
				"east": {"uv": [0, 0, 15.986, 15.984], "rotation": 180, "texture": "#1"},
				"south": {"uv": [0, 0, 15.986, 15.984], "rotation": 180, "texture": "#1"},
				"west": {"uv": [0, 0, 15.986, 15.984], "rotation": 180, "texture": "#1"},
				"up": {"uv": [0, 0, 15.986, 15.984], "rotation": 180, "texture": "#1"},
				"down": {"uv": [0, 0, 15.986, 15.984], "rotation": 180, "texture": "#1"}
			}
		},
		{
			"name": "hexadecagon",
			"from": [8.5583, 7.77709, -8.49185],
			"to": [8.7583, 8.77165, -3.49185],
			"rotation": {"angle": -45, "axis": "x", "origin": [-0.0417, 14.4262, 0.3014]},
			"faces": {
				"north": {"uv": [0, 0, 15.5, 15.6], "texture": "#1"},
				"east": {"uv": [0, 0, 15.5, 15.6], "texture": "#1"},
				"south": {"uv": [0, 0, 15.5, 15.6], "texture": "#1"},
				"west": {"uv": [0, 0, 15.5, 15.6], "texture": "#1"},
				"up": {"uv": [0, 0, 15.5, 15.6], "texture": "#1"},
				"down": {"uv": [0, 0, 15.5, 15.6], "texture": "#1"}
			}
		},
		{
			"name": "hexadecagon",
			"from": [8.5583, 5.83705, -5.6586],
			"to": [8.7583, 6.83161, -0.6586],
			"rotation": {"angle": -22.5, "axis": "x", "origin": [-0.0417, 14.4262, 0.3014]},
			"faces": {
				"north": {"uv": [0, 0, 15.5, 15.6], "texture": "#1"},
				"east": {"uv": [0, 0, 15.5, 15.6], "texture": "#1"},
				"south": {"uv": [0, 0, 15.5, 15.6], "texture": "#1"},
				"west": {"uv": [0, 0, 15.5, 15.6], "texture": "#1"},
				"up": {"uv": [0, 0, 15.5, 15.6], "texture": "#1"},
				"down": {"uv": [0, 0, 15.5, 15.6], "texture": "#1"}
			}
		},
		{
			"name": "hexadecagon",
			"from": [8.5583, 5.12892, -2.2986],
			"to": [8.7583, 6.12348, 2.7014],
			"rotation": {"angle": 0, "axis": "y", "origin": [-0.0417, 14.4262, 0.3014]},
			"faces": {
				"north": {"uv": [0, 0, 15.5, 15.6], "texture": "#1"},
				"east": {"uv": [0, 0, 15.5, 15.6], "texture": "#1"},
				"south": {"uv": [0, 0, 15.5, 15.6], "texture": "#1"},
				"west": {"uv": [0, 0, 15.5, 15.6], "texture": "#1"},
				"up": {"uv": [0, 0, 15.5, 15.6], "texture": "#1"},
				"down": {"uv": [0, 0, 15.5, 15.6], "texture": "#1"}
			}
		},
		{
			"name": "hexadecagon",
			"from": [8.5583, 5.76051, 1.07663],
			"to": [8.7583, 6.75507, 6.07663],
			"rotation": {"angle": 22.5, "axis": "x", "origin": [-0.0417, 14.4262, 0.3014]},
			"faces": {
				"north": {"uv": [0, 0, 15.5, 15.6], "texture": "#1"},
				"east": {"uv": [0, 0, 15.5, 15.6], "texture": "#1"},
				"south": {"uv": [0, 0, 15.5, 15.6], "texture": "#1"},
				"west": {"uv": [0, 0, 15.5, 15.6], "texture": "#1"},
				"up": {"uv": [0, 0, 15.5, 15.6], "texture": "#1"},
				"down": {"uv": [0, 0, 15.5, 15.6], "texture": "#1"}
			}
		},
		{
			"name": "hexadecagon",
			"from": [8.5583, 7.63567, 3.95323],
			"to": [8.7583, 8.63023, 8.95323],
			"rotation": {"angle": 45, "axis": "x", "origin": [-0.0417, 14.4262, 0.3014]},
			"faces": {
				"north": {"uv": [0, 0, 15.5, 15.6], "texture": "#1"},
				"east": {"uv": [0, 0, 15.5, 15.6], "texture": "#1"},
				"south": {"uv": [0, 0, 15.5, 15.6], "texture": "#1"},
				"west": {"uv": [0, 0, 15.5, 15.6], "texture": "#1"},
				"up": {"uv": [0, 0, 15.5, 15.6], "texture": "#1"},
				"down": {"uv": [0, 0, 15.5, 15.6], "texture": "#1"}
			}
		},
		{
			"name": "hexadecagon",
			"from": [8.5583, 3.83433, -3.65588],
			"to": [8.7583, 8.83433, -2.66132],
			"rotation": {"angle": -22.5, "axis": "x", "origin": [-0.0417, 14.4262, 0.3014]},
			"faces": {
				"north": {"uv": [0, 0, 15.5, 15.6], "texture": "#1"},
				"east": {"uv": [0, 0, 15.5, 15.6], "texture": "#1"},
				"south": {"uv": [0, 0, 15.5, 15.6], "texture": "#1"},
				"west": {"uv": [0, 0, 15.5, 15.6], "texture": "#1"},
				"up": {"uv": [0, 0, 15.5, 15.6], "texture": "#1"},
				"down": {"uv": [0, 0, 15.5, 15.6], "texture": "#1"}
			}
		},
		{
			"name": "hexadecagon",
			"from": [8.5583, 3.1262, -0.29588],
			"to": [8.7583, 8.1262, 0.69868],
			"rotation": {"angle": 0, "axis": "y", "origin": [-0.0417, 14.4262, 0.3014]},
			"faces": {
				"north": {"uv": [0, 0, 15.5, 15.6], "texture": "#1"},
				"east": {"uv": [0, 0, 15.5, 15.6], "texture": "#1"},
				"south": {"uv": [0, 0, 15.5, 15.6], "texture": "#1"},
				"west": {"uv": [0, 0, 15.5, 15.6], "texture": "#1"},
				"up": {"uv": [0, 0, 15.5, 15.6], "texture": "#1"},
				"down": {"uv": [0, 0, 15.5, 15.6], "texture": "#1"}
			}
		},
		{
			"name": "hexadecagon",
			"from": [8.5583, 3.75779, 3.07935],
			"to": [8.7583, 8.75779, 4.07391],
			"rotation": {"angle": 22.5, "axis": "x", "origin": [-0.0417, 14.4262, 0.3014]},
			"faces": {
				"north": {"uv": [0, 0, 15.5, 15.6], "texture": "#1"},
				"east": {"uv": [0, 0, 15.5, 15.6], "texture": "#1"},
				"south": {"uv": [0, 0, 15.5, 15.6], "texture": "#1"},
				"west": {"uv": [0, 0, 15.5, 15.6], "texture": "#1"},
				"up": {"uv": [0, 0, 15.5, 15.6], "texture": "#1"},
				"down": {"uv": [0, 0, 15.5, 15.6], "texture": "#1"}
			}
		}
	],
	"display": {
		"thirdperson_righthand": {
			"rotation": [0, -90, 0],
			"translation": [-7.5, 0.75, -1.5]
		},
		"thirdperson_lefthand": {
			"rotation": [0, 90, 0],
			"translation": [7.5, 1, -1.75]
		},
		"firstperson_righthand": {
			"rotation": [0, -100, 0],
			"translation": [-6, 1, -3]
		},
		"firstperson_lefthand": {
			"rotation": [0, 80, 0],
			"translation": [9.5, 1.5, -3.25]
		},
		"ground": {
			"rotation": [-90, 0, 0],
			"translation": [0, 6.25, 0]
		},
		"gui": {
			"rotation": [0, 0, -44],
			"translation": [0.25, 0, 0],
			"scale": [0.8, 0.8, 0.8]
		},
		"fixed": {
			"rotation": [0, -180, 0],
			"translation": [0, 0, -17.25],
			"scale": [2, 2, 2]
		}
	},
	"groups": [
		{
			"name": "group",
			"origin": [11.66536, 7.0632, 0.5],
			"children": [0, 1, 2, 3, 4, 5, 6, 7, 8, 9, 10, 11, 12, 13, 14, 15, 16, 17, 18, 19, 20, 21]
		},
		{
			"name": "group",
			"origin": [10.45961, 7.6934, 0.5],
			"children": [22, 23, 24, 25, 26, 27, 28, 29, 30, 31, 32, 33, 34, 35]
		},
		{
			"name": "group",
			"origin": [10.45961, 7.6934, 0.5],
			"children": [36, 37, 38, 39, 40, 41, 42, 43, 44, 45, 46, 47, 48, 49, 50, 51, 52, 53, 54, 55, 56]
		},
		{
			"name": "hexadecagon",
			"origin": [8, 8, 8],
			"children": [57, 58, 59, 60, 61, 62, 63, 64, 65, 66, 67, 68, 69, 70, 71, 72]
		},
		{
			"name": "hexadecagon",
			"origin": [8, 8, 8],
			"children": [73, 74, 75, 76, 77, 78, 79, 80]
		},
		{
			"name": "group",
			"origin": [5.71213, 10.70503, 0.5],
			"children": [81, 82, 83, 84, 85, 86, 87, 88, 89, 90, 91, 92, 93, 94, 95, 96, 97, 98, 99, 100, 101, 102, 103, 104]
		},
		{
			"name": "hexadecagon",
			"origin": [8, 8, 8],
			"children": [105, 106, 107, 108, 109, 110, 111, 112, 113, 114, 115, 116, 117, 118, 119, 120]
		},
		{
			"name": "hexadecagon",
			"origin": [8, 8, 8],
			"children": [121, 122, 123, 124, 125, 126, 127, 128]
		}
	]
}