{
	"credit": "quiktori",
	"textures": {
		"1": "items/anvil_base",
		"2": "items/hats/naruto",
		"particle": "items/hats/naruto"
	},
	"elements": [
		{
			"from": [8, 0, 8.6],
			"to": [8.1, 6.3, 8.7],
			"faces": {
				"north": {"uv": [0, 0, 7, 16], "texture": "#1"},
				"east": {"uv": [0, 0, 7, 16], "texture": "#1"},
				"south": {"uv": [0, 0, 7, 16], "texture": "#1"},
				"west": {"uv": [0, 0, 7, 16], "texture": "#1"},
				"up": {"uv": [0, 0, 7, 16], "texture": "#1"},
				"down": {"uv": [0, 0, 7, 16], "texture": "#1"}
			}
		},
		{
			"from": [8.1, 0, 8.1],
			"to": [8.2, 6.3, 8.2],
			"faces": {
				"north": {"uv": [0, 0, 7, 16], "texture": "#1"},
				"east": {"uv": [0, 0, 7, 16], "texture": "#1"},
				"south": {"uv": [0, 0, 7, 16], "texture": "#1"},
				"west": {"uv": [0, 0, 7, 16], "texture": "#1"},
				"up": {"uv": [0, 0, 7, 16], "texture": "#1"},
				"down": {"uv": [0, 0, 7, 16], "texture": "#1"}
			}
		},
		{
			"from": [7.8, 0, 8.3],
			"to": [7.9, 6.3, 8.5],
			"faces": {
				"north": {"uv": [0, 0, 7, 16], "texture": "#1"},
				"east": {"uv": [0, 0, 7, 16], "texture": "#1"},
				"south": {"uv": [0, 0, 7, 16], "texture": "#1"},
				"west": {"uv": [0, 0, 7, 16], "texture": "#1"},
				"up": {"uv": [0, 0, 7, 16], "texture": "#1"},
				"down": {"uv": [0, 0, 7, 16], "texture": "#1"}
			}
		},
		{
			"from": [8.3, 0, 8.3],
			"to": [8.4, 6.3, 8.5],
			"faces": {
				"north": {"uv": [0, 0, 7, 16], "texture": "#1"},
				"east": {"uv": [0, 0, 7, 16], "texture": "#1"},
				"south": {"uv": [0, 0, 7, 16], "texture": "#1"},
				"west": {"uv": [0, 0, 7, 16], "texture": "#1"},
				"up": {"uv": [0, 0, 7, 16], "texture": "#1"},
				"down": {"uv": [0, 0, 7, 16], "texture": "#1"}
			}
		},
		{
			"from": [8, 0, 8.1],
			"to": [8.1, 6.3, 8.2],
			"faces": {
				"north": {"uv": [0, 0, 7, 16], "texture": "#1"},
				"east": {"uv": [0, 0, 7, 16], "texture": "#1"},
				"south": {"uv": [0, 0, 7, 16], "texture": "#1"},
				"west": {"uv": [0, 0, 7, 16], "texture": "#1"},
				"up": {"uv": [0, 0, 7, 16], "texture": "#1"},
				"down": {"uv": [0, 0, 7, 16], "texture": "#1"}
			}
		},
		{
			"from": [8.1, 0, 8.6],
			"to": [8.2, 6.3, 8.7],
			"faces": {
				"north": {"uv": [0, 0, 7, 16], "texture": "#1"},
				"east": {"uv": [0, 0, 7, 16], "texture": "#1"},
				"south": {"uv": [0, 0, 7, 16], "texture": "#1"},
				"west": {"uv": [0, 0, 7, 16], "texture": "#1"},
				"up": {"uv": [0, 0, 7, 16], "texture": "#1"},
				"down": {"uv": [0, 0, 7, 16], "texture": "#1"}
			}
		},
		{
			"from": [7.9, 0, 8.2],
			"to": [8.1, 6.3, 8.6],
			"faces": {
				"north": {"uv": [0, 0, 7, 16], "texture": "#1"},
				"east": {"uv": [0, 0, 7, 16], "texture": "#1"},
				"south": {"uv": [0, 0, 7, 16], "texture": "#1"},
				"west": {"uv": [0, 0, 7, 16], "texture": "#1"},
				"up": {"uv": [0, 0, 7, 16], "texture": "#1"},
				"down": {"uv": [0, 0, 7, 16], "texture": "#1"}
			}
		},
		{
			"from": [8.1, 0, 8.2],
			"to": [8.3, 6.3, 8.6],
			"faces": {
				"north": {"uv": [0, 0, 7, 16], "texture": "#1"},
				"east": {"uv": [0, 0, 7, 16], "texture": "#1"},
				"south": {"uv": [0, 0, 7, 16], "texture": "#1"},
				"west": {"uv": [0, 0, 7, 16], "texture": "#1"},
				"up": {"uv": [0, 0, 7, 16], "texture": "#1"},
				"down": {"uv": [0, 0, 7, 16], "texture": "#1"}
			}
		},
		{
			"from": [7.7, 5.3, 8],
			"to": [8.5, 6, 8.8],
			"faces": {
				"north": {"uv": [0, 15, 4.75, 16], "texture": "#2"},
				"east": {"uv": [0, 15, 4.75, 16], "texture": "#2"},
				"south": {"uv": [0, 15, 4.75, 16], "texture": "#2"},
				"west": {"uv": [0, 15, 4.75, 16], "texture": "#2"},
				"up": {"uv": [0, 15, 4.75, 16], "texture": "#2"},
				"down": {"uv": [0, 15, 4.75, 16], "texture": "#2"}
			}
		},
		{
			"from": [8.5, 5.3, 8],
			"to": [9.1, 5.9, 8.8],
			"faces": {
				"north": {"uv": [0, 15, 4.5, 16], "texture": "#2"},
				"east": {"uv": [0, 15, 4.5, 16], "texture": "#2"},
				"south": {"uv": [0, 15, 4.5, 16], "texture": "#2"},
				"west": {"uv": [0, 15, 4.5, 16], "texture": "#2"},
				"up": {"uv": [0, 15, 4.5, 16], "texture": "#2"},
				"down": {"uv": [0, 15, 4.5, 16], "texture": "#2"}
			}
		},
		{
			"from": [9.1, 5.2, 8.1],
			"to": [9.6, 5.7, 8.7],
			"faces": {
				"north": {"uv": [0, 15, 4.5, 16], "texture": "#2"},
				"east": {"uv": [0, 15, 4.5, 16], "texture": "#2"},
				"south": {"uv": [0, 15, 4.5, 16], "texture": "#2"},
				"west": {"uv": [0, 15, 4.5, 16], "texture": "#2"},
				"up": {"uv": [0, 15, 4.5, 16], "texture": "#2"},
				"down": {"uv": [0, 15, 4.5, 16], "texture": "#2"}
			}
		},
		{
			"from": [9.6, 5, 8.1],
			"to": [10.1, 5.5, 8.7],
			"faces": {
				"north": {"uv": [0, 15, 4.5, 16], "texture": "#2"},
				"east": {"uv": [0, 15, 4.5, 16], "texture": "#2"},
				"south": {"uv": [0, 15, 4.5, 16], "texture": "#2"},
				"west": {"uv": [0, 15, 4.5, 16], "texture": "#2"},
				"up": {"uv": [0, 15, 4.5, 16], "texture": "#2"},
				"down": {"uv": [0, 15, 4.5, 16], "texture": "#2"}
			}
		},
		{
			"from": [9.9, 4.6, 8.2],
			"to": [10.4, 5, 8.6],
			"faces": {
				"north": {"uv": [0, 15, 4.5, 16], "texture": "#2"},
				"east": {"uv": [0, 15, 4.5, 16], "texture": "#2"},
				"south": {"uv": [0, 15, 4.5, 16], "texture": "#2"},
				"west": {"uv": [0, 15, 4.5, 16], "texture": "#2"},
				"up": {"uv": [0, 15, 4.5, 16], "texture": "#2"},
				"down": {"uv": [0, 15, 4.5, 16], "texture": "#2"}
			}
		},
		{
			"from": [10.1, 4.1, 8.2],
			"to": [10.6, 4.6, 8.6],
			"faces": {
				"north": {"uv": [0, 15, 4.5, 16], "texture": "#2"},
				"east": {"uv": [0, 15, 4.5, 16], "texture": "#2"},
				"south": {"uv": [0, 15, 4.5, 16], "texture": "#2"},
				"west": {"uv": [0, 15, 4.5, 16], "texture": "#2"},
				"up": {"uv": [0, 15, 4.5, 16], "texture": "#2"},
				"down": {"uv": [0, 15, 4.5, 16], "texture": "#2"}
			}
		},
		{
			"from": [7.1, 5.3, 8],
			"to": [7.7, 5.9, 8.8],
			"faces": {
				"north": {"uv": [0, 15, 4.5, 16], "texture": "#2"},
				"east": {"uv": [0, 15, 4.5, 16], "texture": "#2"},
				"south": {"uv": [0, 15, 4.5, 16], "texture": "#2"},
				"west": {"uv": [0, 15, 4.5, 16], "texture": "#2"},
				"up": {"uv": [0, 15, 4.5, 16], "texture": "#2"},
				"down": {"uv": [0, 15, 4.5, 16], "texture": "#2"}
			}
		},
		{
			"from": [6.6, 5.2, 8.1],
			"to": [7.1, 5.7, 8.7],
			"faces": {
				"north": {"uv": [0, 15, 4.5, 16], "texture": "#2"},
				"east": {"uv": [0, 15, 4.5, 16], "texture": "#2"},
				"south": {"uv": [0, 15, 4.5, 16], "texture": "#2"},
				"west": {"uv": [0, 15, 4.5, 16], "texture": "#2"},
				"up": {"uv": [0, 15, 4.5, 16], "texture": "#2"},
				"down": {"uv": [0, 15, 4.5, 16], "texture": "#2"}
			}
		},
		{
			"from": [6.1, 5, 8.1],
			"to": [6.6, 5.5, 8.7],
			"faces": {
				"north": {"uv": [0, 15, 4.5, 16], "texture": "#2"},
				"east": {"uv": [0, 15, 4.5, 16], "texture": "#2"},
				"south": {"uv": [0, 15, 4.5, 16], "texture": "#2"},
				"west": {"uv": [0, 15, 4.5, 16], "texture": "#2"},
				"up": {"uv": [0, 15, 4.5, 16], "texture": "#2"},
				"down": {"uv": [0, 15, 4.5, 16], "texture": "#2"}
			}
		},
		{
			"from": [5.8, 4.6, 8.2],
			"to": [6.3, 5, 8.6],
			"faces": {
				"north": {"uv": [0, 15, 4.5, 16], "texture": "#2"},
				"east": {"uv": [0, 15, 4.5, 16], "texture": "#2"},
				"south": {"uv": [0, 15, 4.5, 16], "texture": "#2"},
				"west": {"uv": [0, 15, 4.5, 16], "texture": "#2"},
				"up": {"uv": [0, 15, 4.5, 16], "texture": "#2"},
				"down": {"uv": [0, 15, 4.5, 16], "texture": "#2"}
			}
		},
		{
			"from": [5.6, 4.1, 8.2],
			"to": [6.1, 4.6, 8.6],
			"faces": {
				"north": {"uv": [0, 15, 4.5, 16], "texture": "#2"},
				"east": {"uv": [0, 15, 4.5, 16], "texture": "#2"},
				"south": {"uv": [0, 15, 4.5, 16], "texture": "#2"},
				"west": {"uv": [0, 15, 4.5, 16], "texture": "#2"},
				"up": {"uv": [0, 15, 4.5, 16], "texture": "#2"},
				"down": {"uv": [0, 15, 4.5, 16], "texture": "#2"}
			}
		}
	],
	"display": {
		"thirdperson_righthand": {
			"rotation": [0, -83, 0],
			"translation": [0.75, 13.75, 1],
			"scale": [2, 2, 2]
		},
		"thirdperson_lefthand": {
			"rotation": [0, -88, 0],
			"translation": [0.5, 14.5, 1.5],
			"scale": [2, 2, 2]
		},
		"firstperson_righthand": {
			"rotation": [-26, 100, 0],
			"translation": [-0.5, 10.75, -0.25],
			"scale": [2, 2, 2]
		},
		"firstperson_lefthand": {
			"rotation": [-15, 102, 0],
			"translation": [-0.25, 11.5, 0],
			"scale": [2, 2, 2]
		},
		"ground": {
			"rotation": [-66, -105, 12],
			"translation": [0, 2, -11.75],
			"scale": [2, 2, 2]
		},
		"gui": {
			"rotation": [0, 0, -49],
			"translation": [6.75, 6, 0],
			"scale": [2, 2, 2]
		},
		"head": {
			"rotation": [-49, -11, 85],
			"translation": [-23, -1.75, -4],
			"scale": [4, 4, 4]
		},
		"fixed": {
			"rotation": [0, 0, 38],
			"translation": [-8.5, 11.25, -2],
			"scale": [3, 3, 3]
		}
	},
	"groups": [
		{
			"name": "рукоятка",
			"origin": [8, 8, 8],
			"children": [0, 1, 2, 3, 4, 5, 6, 7, 8]
		},
		{
			"name": "правая",
			"origin": [8, 8, 8],
			"children": [9, 10, 11, 12, 13]
		},
		{
			"name": "левая",
			"origin": [8, 8, 8],
			"children": [14, 15, 16, 17, 18]
		}
	]
}