{
	"credit": "quiktori",
	"textures": {
		"0": "items/items/lightshot",
		"particle": "items/items/lightshot"
	},
	"elements": [
		{
			"from": [7, 0, 7],
			"to": [15, 3, 8],
			"rotation": {"angle": 0, "axis": "y", "origin": [15, 8, 15]},
			"faces": {
				"north": {"uv": [10, 5, 16, 7], "texture": "#0"},
				"east": {"uv": [10, 5, 16, 7], "rotation": 90, "texture": "#0"},
				"south": {"uv": [10, 5, 16, 7], "texture": "#0"},
				"west": {"uv": [10, 5, 16, 7], "rotation": 90, "texture": "#0"},
				"up": {"uv": [10, 5, 16, 6], "texture": "#0"},
				"down": {"uv": [10, 5, 16, 6], "texture": "#0"}
			}
		}
	],
	"display": {
		"thirdperson_righthand": {
			"rotation": [68, 0, 0],
			"translation": [-8.25, 0.75, 12],
			"scale": [0.5, 0.5, 0.5]
		},
		"thirdperson_lefthand": {
			"rotation": [67, 0, 0],
			"translation": [-2.5, 0.75, 11.75],
			"scale": [0.5, 0.5, 0.5]
		},
		"ground": {
			"translation": [0, 4.25, 0]
		},
		"gui": {
			"rotation": [26, -22, 0],
			"translation": [-5.75, 11.75, 0],
			"scale": [2, 2, 2]
		},
		"head": {
			"translation": [-4.5, -5.75, -3],
			"scale": [0.7, 0.7, 0.7]
		},
		"fixed": {
			"translation": [-2.25, 7, 0]
		}
	}
}