{
	"credit": "quiktori",
	"parent": "item/handheld",
	"textures": {
		"layer0": "items/axe/double_axe"
	},
	"display": {
		"thirdperson_righthand": {
			"rotation": [36, 92, 29],
			"translation": [0, 7.75, 3]
		},
		"thirdperson_lefthand": {
			"rotation": [20, -90, -34],
			"translation": [0, 7.75, 1.5]
		},
		"firstperson_righthand": {
			"rotation": [-16, 107, 69],
			"translation": [0, 3, 0]
		},
		"firstperson_lefthand": {
			"rotation": [0, -82, -51],
			"translation": [0, 2.25, 0]
		}
	}
}