{
    "parent": "item/handheld",
    "textures": {
        "layer0": "items/diamond_shovel"
    },
        "overrides": [
        {"predicate": {"damage": 0.0005},"model": "item/hat/arrow_throw_head"},
        {"predicate": {"damage": 0.001},"model": "item/hat/balaklava1"},
        {"predicate": {"damage": 0.0015},"model": "item/hat/balaklava2"},
        {"predicate": {"damage": 0.0025},"model": "item/items/pointer"},
        {"predicate": {"damage": 0.003},"model": "item/hat/headphonesw"},
        {"predicate": {"damage": 0.0035},"model": "item/hat/cyl"},
        {"predicate": {"damage": 0.004},"model": "item/hat/horns"},
        {"predicate": {"damage": 0.005},"model": "item/hat/mask"},
        {"predicate": {"damage": 0.0055},"model": "item/hat/med_hat"},
        {"predicate": {"damage": 0.006},"model": "item/hat/monitor"},
        {"predicate": {"damage": 0.007},"model": "item/hat/naruto"},
        {"predicate": {"damage": 0.0075},"model": "item/items/phone"},
        {"predicate": {"damage": 0.008},"model": "item/hat/pinkheadphones"},
        {"predicate": {"damage": 0.0085},"model": "item/pets/doggy"},
        {"predicate": {"damage": 0.0095},"model": "item/pets/screamfish"},
        {"predicate": {"damage": 0.010},"model": "item/pets/seal"},
        {"predicate": {"damage": 0.0105},"model": "item/hat/shrek"},
        {"predicate": {"damage": 0.0115},"model": "item/pets/sun"},
        {"predicate": {"damage": 0.012},"model": "item/atm"},
        {"predicate": {"damage": 0.0125},"model": "item/wings"},
        {"predicate": {"damage": 0.013},"model": "item/food/yuoghurt"},
        {"predicate": {"damage": 0.014},"model": "item/food/burger"},
        {"predicate": {"damage": 0.0145},"model": "item/food/cola"},
        {"predicate": {"damage": 0.015},"model": "item/food/donut"},
        {"predicate": {"damage": 0.016},"model": "item/food/donut2"},
        {"predicate": {"damage": 0.0165},"model": "item/food/donut3"},
        {"predicate": {"damage": 0.017},"model": "item/food/green_tea"},
        {"predicate": {"damage": 0.0175},"model": "item/food/ice-cream"},
        {"predicate": {"damage": 0.018},"model": "item/food/ice-cream2"},
        {"predicate": {"damage": 0.019},"model": "item/food/ice-cream3"},
        {"predicate": {"damage": 0.0195},"model": "item/food/pizza"},
        {"predicate": {"damage": 0.020},"model": "item/food/cup"},
        {"predicate": {"damage": 0.021},"model": "item/food/red_tea"},
        {"predicate": {"damage": 0.0215},"model": "item/food/marshmallow"},
        {"predicate": {"damage": 0.022},"model": "item/food/toast"},
        {"predicate": {"damage": 0.0225},"model": "item/food/toast2"},
        {"predicate": {"damage": 0.0235},"model": "item/taxi"},
        {"predicate": {"damage": 0.024},"model": "item/items/lightshot"},
        {"predicate": {"damage": 0.0245},"model": "item/hat/police"},
        {"predicate": {"damage": 0.025},"model": "item/food/bottle"},
        {"predicate": {"damage": 0.026},"model": "item/food/bottle2"},
        {"predicate": {"damage": 0.0265},"model": "item/food/bottle3"},
        {"predicate": {"damage": 0.0275},"model": "item/food/bomj1"},
        {"predicate": {"damage": 0.028},"model": "item/food/bomj2"},
        {"predicate": {"damage": 0.0285},"model": "item/food/bomj3"},
        {"predicate": {"damage": 0.029},"model": "item/food/bomj4"},
        {"predicate": {"damage": 0.0295},"model": "item/food/bomj5"},
        {"predicate": {"damage": 0.0305},"model": "item/food/monster_green"},
        {"predicate": {"damage": 0.031},"model": "item/food/monster_red"},
        {"predicate": {"damage": 0.032},"model": "item/food/fanta"},
        {"predicate": {"damage": 0.0325},"model": "item/food/sprite"},
        {"predicate": {"damage": 0.033},"model": "item/food/coffe"},
        {"predicate": {"damage": 0.0335},"model": "item/items/dumbell"},
        {"predicate": {"damage": 0.0345},"model": "item/items/phone1"},
        {"predicate": {"damage": 0.035},"model": "item/items/phone2"},
        {"predicate": {"damage": 0.0355},"model": "item/items/phone3"},
        {"predicate": {"damage": 0.0365},"model": "item/pets/fish1"},
        {"predicate": {"damage": 0.037},"model": "item/pets/fish2"},
        {"predicate": {"damage": 0.0375},"model": "item/pets/fish3"},
        {"predicate": {"damage": 0.038},"model": "item/pets/fish4"},
        {"predicate": {"damage": 0.0385},"model": "item/pets/fish5"},
        {"predicate": {"damage": 0.0395},"model": "item/items/passport"},
        {"predicate": {"damage": 0.04},"model": "item/items/crystal1"},
        {"predicate": {"damage": 0.0405},"model": "item/items/crystal2"},
        {"predicate": {"damage": 0.0415},"model": "item/items/crystal3"},
        {"predicate": {"damage": 0.042},"model": "item/items/crystal4"},
        {"predicate": {"damage": 0.0425},"model": "item/items/crystal5"},
        {"predicate": {"damage": 0.043},"model": "item/hat/limeheadphones"},
        {"predicate": {"damage": 0.044},"model": "item/food/monster_white"},
        {"predicate": {"damage": 0.0445},"model": "item/hat/redheadphones"},
        {"predicate": {"damage": 0.045},"model": "item/hat/straw_hat"},
        {"predicate": {"damage": 0.0455},"model": "item/items/metro"},
        {"predicate": {"damage": 0.0465},"model": "item/items/heart"},
        {"predicate": {"damage": 0.047},"model": "item/items/dollar"},
        {"predicate": {"damage": 0.0475},"model": "item/items/1kdollars"},
        {"predicate": {"damage": 0.048},"model": "item/items/percoin"},
        {"predicate": {"damage": 0.0485},"model": "item/items/bitcoin"},
        {"predicate": {"damage": 0.0495},"model": "item/items/card"},
        {"predicate": {"damage": 0.050},"model": "item/items/dashcoin"},
        {"predicate": {"damage": 0.051},"model": "item/items/card2"},
        {"predicate": {"damage": 0.0515},"model": "item/items/moonshard"},
        {"predicate": {"damage": 0.052},"model": "item/items/litecoin"},
        {"predicate": {"damage": 0.053},"model": "item/items/rainbowcoin"},
        {"predicate": {"damage": 0.0535},"model": "item/items/rubl"},
        {"predicate": {"damage": 0.0540},"model": "item/items/dollar1"},
        {"predicate": {"damage": 0.055},"model": "item/items/arrow_r"},
        {"predicate": {"damage": 0.0555},"model": "item/items/dagger"},
        {"predicate": {"damage": 0.056},"model": "item/items/plus"},
        {"predicate": {"damage": 0.0565},"model": "item/items/minus"},
        {"predicate": {"damage": 0.0575},"model": "item/items/crystals"},
        {"predicate": {"damage": 0.058},"model": "item/food/donut4"},
        {"predicate": {"damage": 0.059},"model": "item/items/slot"},
        {"predicate": {"damage": 0.060},"model": "item/items/arrow_l"},
        {"predicate": {"damage": 0.065},"model": "item/items/card_"},
        {"predicate": {"damage": 0.0655},"model": "item/items/card2_"}
    ]
}