{
    "parent": "item/handheld_rod",
    "textures": {
        "layer0": "items/fishing_rod_uncast"
    },
    "overrides": [
        {"predicate": {"damaged": 0, "damage": 0.016}, "model": "item/rods/fruc1"},
        {"predicate": {"damaged": 0, "cast": 1, "damage": 0.016}, "model": "item/rods/frcc1"},
        {"predicate": {"damaged": 0, "damage": 0.035}, "model": "item/rods/fruc2"},
        {"predicate": {"damaged": 0, "cast": 1, "damage": 0.035}, "model": "item/rods/frcc2"},
        {"predicate": {"damaged": 0, "damage": 0.049}, "model": "item/rods/fruc3"},
        {"predicate": {"damaged": 0, "cast": 1, "damage": 0.049}, "model": "item/rods/frcc3"},
        {"predicate": {"damage": 0.069, "damaged": 0}, "model": "item/rods/fruc4"},
        {"predicate": {"cast": 1, "damage": 2, "damage": 0.069}, "model": "item/rods/frcc4"},
        {"predicate": {"damage": 0.079, "damaged": 0}, "model": "item/rods/fruc5"},
        {"predicate": {"cast": 1, "damage": 2, "damage": 0.079}, "model": "item/rods/frcc5"},
        {"predicate": {"damaged": 1, "damage": 0.0}, "model": "item/fishing_rod_cast_"}
    ]
}
