{
	"credit": "quiktori",
	"texture_size": [64, 64],
	"textures": {
		"0": "items/wings",
		"particle": "items/wings"
	},
	"elements": [
		{
			"from": [3, 2, 8],
			"to": [4, 9, 9],
			"rotation": {"angle": 0, "axis": "y", "origin": [11, 8, 16]},
			"faces": {
				"north": {"uv": [6.5, 6.5, 6.75, 8.75], "texture": "#0"},
				"east": {"uv": [6.75, 6.75, 7, 9], "texture": "#0"},
				"south": {"uv": [7, 7, 7.25, 9.25], "texture": "#0"},
				"west": {"uv": [7.25, 7.25, 7.5, 9.5], "texture": "#0"},
				"up": {"uv": [2.5, 4.25, 2.25, 4], "texture": "#0"},
				"down": {"uv": [2.75, 4, 2.5, 4.25], "texture": "#0"}
			}
		},
		{
			"from": [3, 5.28125, 10.42969],
			"to": [4, 14.28125, 11.42969],
			"rotation": {"angle": 22.5, "axis": "x", "origin": [11, 13.28125, 18.42969]},
			"faces": {
				"north": {"uv": [7.5, 7.5, 7.75, 9.75], "texture": "#0"},
				"east": {"uv": [7.5, 5.25, 7.75, 7.5], "texture": "#0"},
				"south": {"uv": [7.75, 7.75, 8, 10], "texture": "#0"},
				"west": {"uv": [7.75, 5.25, 8, 7.5], "texture": "#0"},
				"up": {"uv": [3, 4.25, 2.75, 4], "texture": "#0"},
				"down": {"uv": [3.25, 4, 3, 4.25], "texture": "#0"}
			}
		},
		{
			"from": [3, 9.25, 14.73828],
			"to": [4, 23.25, 15.73828],
			"rotation": {"angle": 45, "axis": "x", "origin": [11, 17.25, 22.73828]},
			"faces": {
				"north": {"uv": [4, 5.5, 4.25, 9], "texture": "#0"},
				"east": {"uv": [4.25, 5.5, 4.5, 9], "texture": "#0"},
				"south": {"uv": [4.5, 5.5, 4.75, 9], "texture": "#0"},
				"west": {"uv": [4.75, 5.5, 5, 9], "texture": "#0"},
				"up": {"uv": [6, 5.75, 5.75, 5.5], "texture": "#0"},
				"down": {"uv": [6.5, 2.25, 6.25, 2.5], "texture": "#0"}
			}
		},
		{
			"from": [3, 0.75, 11.48828],
			"to": [4, 9.75, 12.48828],
			"rotation": {"angle": 45, "axis": "x", "origin": [11, 8.75, 19.48828]},
			"faces": {
				"north": {"uv": [8, 8, 8.25, 10.25], "texture": "#0"},
				"east": {"uv": [8, 5.25, 8.25, 7.5], "texture": "#0"},
				"south": {"uv": [8.25, 8.25, 8.5, 10.5], "texture": "#0"},
				"west": {"uv": [8.25, 5.25, 8.5, 7.5], "texture": "#0"},
				"up": {"uv": [6.75, 2.5, 6.5, 2.25], "texture": "#0"},
				"down": {"uv": [6.75, 6.25, 6.5, 6.5], "texture": "#0"}
			}
		},
		{
			"from": [3, 17.75, 16.86328],
			"to": [4, 18.75, 32],
			"rotation": {"angle": -22.5, "axis": "x", "origin": [11, 10.75, 24.86328]},
			"faces": {
				"north": {"uv": [6.75, 2.25, 7, 2.5], "texture": "#0"},
				"east": {"uv": [5.25, 4.25, 9, 4.5], "texture": "#0"},
				"south": {"uv": [6.75, 4, 7, 4.25], "texture": "#0"},
				"west": {"uv": [5.25, 4.5, 9, 4.75], "texture": "#0"},
				"up": {"uv": [3.75, 9.25, 3.5, 5.5], "texture": "#0"},
				"down": {"uv": [4, 5.5, 3.75, 9.25], "texture": "#0"}
			}
		},
		{
			"from": [3, 8.75, 10.86328],
			"to": [4, 9.75, 19.86328],
			"rotation": {"angle": -22.5, "axis": "x", "origin": [11, 1.75, 18.86328]},
			"faces": {
				"north": {"uv": [7, 2.25, 7.25, 2.5], "texture": "#0"},
				"east": {"uv": [0, 4, 2.25, 4.25], "texture": "#0"},
				"south": {"uv": [7, 3.75, 7.25, 4], "texture": "#0"},
				"west": {"uv": [6.25, 1.5, 8.5, 1.75], "texture": "#0"},
				"up": {"uv": [8.75, 10.75, 8.5, 8.5], "texture": "#0"},
				"down": {"uv": [8.75, 1.5, 8.5, 3.75], "texture": "#0"}
			}
		},
		{
			"from": [3, 8.5, 16.48828],
			"to": [4, 9.5, 25.48828],
			"rotation": {"angle": 0, "axis": "x", "origin": [11, 1.5, 24.48828]},
			"faces": {
				"north": {"uv": [7, 4, 7.25, 4.25], "texture": "#0"},
				"east": {"uv": [6.25, 1.75, 8.5, 2], "texture": "#0"},
				"south": {"uv": [7, 5.25, 7.25, 5.5], "texture": "#0"},
				"west": {"uv": [6.25, 2, 8.5, 2.25], "texture": "#0"},
				"up": {"uv": [8.75, 7.5, 8.5, 5.25], "texture": "#0"},
				"down": {"uv": [5.25, 8.75, 5, 11], "texture": "#0"}
			}
		},
		{
			"from": [3.375, 11.25, 6.25],
			"to": [3.75, 13.375, 27],
			"rotation": {"angle": -22.5, "axis": "x", "origin": [11, 19.25, 13.375]},
			"faces": {
				"north": {"uv": [6.75, 5.25, 7, 5.75], "texture": "#0"},
				"east": {"uv": [3.25, 2.5, 8.5, 3], "texture": "#0"},
				"south": {"uv": [6.75, 5.75, 7, 6.25], "texture": "#0"},
				"west": {"uv": [0, 4.25, 5.25, 4.75], "texture": "#0"},
				"up": {"uv": [0.75, 10.5, 0.5, 5.25], "texture": "#0"},
				"down": {"uv": [1, 5.25, 0.75, 10.5], "texture": "#0"}
			}
		},
		{
			"from": [3.375, 13.5, 6.5],
			"to": [3.75, 14.875, 26.64648],
			"rotation": {"angle": -22.5, "axis": "x", "origin": [11, 21.5, 13.375]},
			"faces": {
				"north": {"uv": [7, 5.5, 7.25, 5.75], "texture": "#0"},
				"east": {"uv": [3.25, 3, 8.25, 3.25], "texture": "#0"},
				"south": {"uv": [7, 5.75, 7.25, 6], "texture": "#0"},
				"west": {"uv": [1, 5.25, 6, 5.5], "texture": "#0"},
				"up": {"uv": [1.25, 10.5, 1, 5.5], "texture": "#0"},
				"down": {"uv": [1.5, 5.5, 1.25, 10.5], "texture": "#0"}
			}
		},
		{
			"from": [3.375, 14.875, 7.375],
			"to": [3.75, 16.25, 26.20703],
			"rotation": {"angle": -22.5, "axis": "x", "origin": [11, 22.875, 13.375]},
			"faces": {
				"north": {"uv": [7, 6, 7.25, 6.25], "texture": "#0"},
				"east": {"uv": [5.25, 0, 10, 0.25], "texture": "#0"},
				"south": {"uv": [7, 6.25, 7.25, 6.5], "texture": "#0"},
				"west": {"uv": [5.25, 0.25, 10, 0.5], "texture": "#0"},
				"up": {"uv": [1.75, 10.25, 1.5, 5.5], "texture": "#0"},
				"down": {"uv": [2, 5.5, 1.75, 10.25], "texture": "#0"}
			}
		},
		{
			"from": [3.375, 16.29297, 8.04688],
			"to": [3.75, 17.66797, 25.15625],
			"rotation": {"angle": -22.5, "axis": "x", "origin": [11, 24.29297, 13.375]},
			"faces": {
				"north": {"uv": [7, 6.5, 7.25, 6.75], "texture": "#0"},
				"east": {"uv": [5.25, 0.5, 9.5, 0.75], "texture": "#0"},
				"south": {"uv": [7, 6.75, 7.25, 7], "texture": "#0"},
				"west": {"uv": [5.25, 0.75, 9.5, 1], "texture": "#0"},
				"up": {"uv": [2.75, 9.75, 2.5, 5.5], "texture": "#0"},
				"down": {"uv": [3, 5.5, 2.75, 9.75], "texture": "#0"}
			}
		},
		{
			"from": [3.375, 17.75391, 8.79688],
			"to": [3.75, 18.75391, 24.59766],
			"rotation": {"angle": -22.5, "axis": "x", "origin": [11, 25.75391, 13.375]},
			"faces": {
				"north": {"uv": [7.25, 2.25, 7.5, 2.5], "texture": "#0"},
				"east": {"uv": [5.25, 1, 9.25, 1.25], "texture": "#0"},
				"south": {"uv": [7.25, 3.25, 7.5, 3.5], "texture": "#0"},
				"west": {"uv": [5.25, 1.25, 9.25, 1.5], "texture": "#0"},
				"up": {"uv": [3.25, 9.5, 3, 5.5], "texture": "#0"},
				"down": {"uv": [3.5, 5.5, 3.25, 9.5], "texture": "#0"}
			}
		},
		{
			"from": [3.375, 17.75391, 6.79688],
			"to": [3.75, 18.75391, 19.375],
			"rotation": {"angle": -45, "axis": "x", "origin": [11, 25.75391, 11.375]},
			"faces": {
				"north": {"uv": [7.25, 3.5, 7.5, 3.75], "texture": "#0"},
				"east": {"uv": [0, 3.5, 3.25, 3.75], "texture": "#0"},
				"south": {"uv": [7.25, 3.75, 7.5, 4], "texture": "#0"},
				"west": {"uv": [0, 3.75, 3.25, 4], "texture": "#0"},
				"up": {"uv": [5.25, 8.75, 5, 5.5], "texture": "#0"},
				"down": {"uv": [5.5, 5.5, 5.25, 8.75], "texture": "#0"}
			}
		},
		{
			"from": [3.375, 14.75391, 8.17188],
			"to": [3.75, 18.75391, 19.77734],
			"rotation": {"angle": -45, "axis": "x", "origin": [11, 25.75391, 12.75]},
			"faces": {
				"north": {"uv": [6.25, 3.25, 6.5, 4.25], "texture": "#0"},
				"east": {"uv": [3.25, 3.25, 6.25, 4.25], "texture": "#0"},
				"south": {"uv": [6.25, 5.25, 6.5, 6.25], "texture": "#0"},
				"west": {"uv": [3.25, 1.5, 6.25, 2.5], "texture": "#0"},
				"up": {"uv": [6.25, 9, 6, 6], "texture": "#0"},
				"down": {"uv": [6.5, 6.25, 6.25, 9.25], "texture": "#0"}
			}
		},
		{
			"from": [3.375, 8.625, 5.375],
			"to": [3.75, 11.125, 26.68359],
			"rotation": {"angle": -22.5, "axis": "x", "origin": [11, 16.625, 13.375]},
			"faces": {
				"north": {"uv": [6, 5.25, 6.25, 6], "texture": "#0"},
				"east": {"uv": [0, 0, 5.25, 0.75], "texture": "#0"},
				"south": {"uv": [6.75, 3.25, 7, 4], "texture": "#0"},
				"west": {"uv": [0, 0.75, 5.25, 1.5], "texture": "#0"},
				"up": {"uv": [0.25, 10.5, 0, 5.25], "texture": "#0"},
				"down": {"uv": [0.5, 5.25, 0.25, 10.5], "texture": "#0"}
			}
		},
		{
			"from": [3.375, 7.75, 5.375],
			"to": [3.75, 9.75, 24.68359],
			"rotation": {"angle": -22.5, "axis": "x", "origin": [11, 15.25, 13.375]},
			"faces": {
				"north": {"uv": [6.75, 6.25, 7, 6.75], "texture": "#0"},
				"east": {"uv": [0, 4.75, 4.75, 5.25], "texture": "#0"},
				"south": {"uv": [7, 3.25, 7.25, 3.75], "texture": "#0"},
				"west": {"uv": [4.75, 4.75, 9.5, 5.25], "texture": "#0"},
				"up": {"uv": [2.25, 10.25, 2, 5.5], "texture": "#0"},
				"down": {"uv": [2.5, 5.5, 2.25, 10.25], "texture": "#0"}
			}
		},
		{
			"from": [3.375, 8.625, 12.125],
			"to": [3.75, 12.125, 25.43359],
			"rotation": {"angle": 0, "axis": "x", "origin": [11, 16.625, 12.125]},
			"faces": {
				"north": {"uv": [6.5, 3.25, 6.75, 4.25], "texture": "#0"},
				"east": {"uv": [0, 1.5, 3.25, 2.5], "texture": "#0"},
				"south": {"uv": [6.5, 5.25, 6.75, 6.25], "texture": "#0"},
				"west": {"uv": [0, 2.5, 3.25, 3.5], "texture": "#0"},
				"up": {"uv": [5.75, 8.75, 5.5, 5.5], "texture": "#0"},
				"down": {"uv": [6, 5.75, 5.75, 9], "texture": "#0"}
			}
		},
		{
			"from": [13, 2, 8],
			"to": [14, 9, 9],
			"rotation": {"angle": 0, "axis": "y", "origin": [21, 8, 16]},
			"faces": {
				"north": {"uv": [6.5, 6.5, 6.75, 8.75], "texture": "#0"},
				"east": {"uv": [6.75, 6.75, 7, 9], "texture": "#0"},
				"south": {"uv": [7, 7, 7.25, 9.25], "texture": "#0"},
				"west": {"uv": [7.25, 7.25, 7.5, 9.5], "texture": "#0"},
				"up": {"uv": [2.5, 4.25, 2.25, 4], "texture": "#0"},
				"down": {"uv": [2.75, 4, 2.5, 4.25], "texture": "#0"}
			}
		},
		{
			"from": [13, 5.28125, 10.42969],
			"to": [14, 14.28125, 11.42969],
			"rotation": {"angle": 22.5, "axis": "x", "origin": [21, 13.28125, 18.42969]},
			"faces": {
				"north": {"uv": [7.5, 7.5, 7.75, 9.75], "texture": "#0"},
				"east": {"uv": [7.5, 5.25, 7.75, 7.5], "texture": "#0"},
				"south": {"uv": [7.75, 7.75, 8, 10], "texture": "#0"},
				"west": {"uv": [7.75, 5.25, 8, 7.5], "texture": "#0"},
				"up": {"uv": [3, 4.25, 2.75, 4], "texture": "#0"},
				"down": {"uv": [3.25, 4, 3, 4.25], "texture": "#0"}
			}
		},
		{
			"from": [13, 9.25, 14.73828],
			"to": [14, 23.25, 15.73828],
			"rotation": {"angle": 45, "axis": "x", "origin": [21, 17.25, 22.73828]},
			"faces": {
				"north": {"uv": [4, 5.5, 4.25, 9], "texture": "#0"},
				"east": {"uv": [4.25, 5.5, 4.5, 9], "texture": "#0"},
				"south": {"uv": [4.5, 5.5, 4.75, 9], "texture": "#0"},
				"west": {"uv": [4.75, 5.5, 5, 9], "texture": "#0"},
				"up": {"uv": [6, 5.75, 5.75, 5.5], "texture": "#0"},
				"down": {"uv": [6.5, 2.25, 6.25, 2.5], "texture": "#0"}
			}
		},
		{
			"from": [13, 0.75, 11.48828],
			"to": [14, 9.75, 12.48828],
			"rotation": {"angle": 45, "axis": "x", "origin": [21, 8.75, 19.48828]},
			"faces": {
				"north": {"uv": [8, 8, 8.25, 10.25], "texture": "#0"},
				"east": {"uv": [8, 5.25, 8.25, 7.5], "texture": "#0"},
				"south": {"uv": [8.25, 8.25, 8.5, 10.5], "texture": "#0"},
				"west": {"uv": [8.25, 5.25, 8.5, 7.5], "texture": "#0"},
				"up": {"uv": [6.75, 2.5, 6.5, 2.25], "texture": "#0"},
				"down": {"uv": [6.75, 6.25, 6.5, 6.5], "texture": "#0"}
			}
		},
		{
			"from": [13, 17.75, 16.86328],
			"to": [14, 18.75, 32],
			"rotation": {"angle": -22.5, "axis": "x", "origin": [21, 10.75, 24.86328]},
			"faces": {
				"north": {"uv": [6.75, 2.25, 7, 2.5], "texture": "#0"},
				"east": {"uv": [5.25, 4.25, 9, 4.5], "texture": "#0"},
				"south": {"uv": [6.75, 4, 7, 4.25], "texture": "#0"},
				"west": {"uv": [5.25, 4.5, 9, 4.75], "texture": "#0"},
				"up": {"uv": [3.75, 9.25, 3.5, 5.5], "texture": "#0"},
				"down": {"uv": [4, 5.5, 3.75, 9.25], "texture": "#0"}
			}
		},
		{
			"from": [13, 8.75, 10.86328],
			"to": [14, 9.75, 19.86328],
			"rotation": {"angle": -22.5, "axis": "x", "origin": [21, 1.75, 18.86328]},
			"faces": {
				"north": {"uv": [7, 2.25, 7.25, 2.5], "texture": "#0"},
				"east": {"uv": [0, 4, 2.25, 4.25], "texture": "#0"},
				"south": {"uv": [7, 3.75, 7.25, 4], "texture": "#0"},
				"west": {"uv": [6.25, 1.5, 8.5, 1.75], "texture": "#0"},
				"up": {"uv": [8.75, 10.75, 8.5, 8.5], "texture": "#0"},
				"down": {"uv": [8.75, 1.5, 8.5, 3.75], "texture": "#0"}
			}
		},
		{
			"from": [13, 8.5, 16.48828],
			"to": [14, 9.5, 25.48828],
			"rotation": {"angle": 0, "axis": "x", "origin": [21, 1.5, 24.48828]},
			"faces": {
				"north": {"uv": [7, 4, 7.25, 4.25], "texture": "#0"},
				"east": {"uv": [6.25, 1.75, 8.5, 2], "texture": "#0"},
				"south": {"uv": [7, 5.25, 7.25, 5.5], "texture": "#0"},
				"west": {"uv": [6.25, 2, 8.5, 2.25], "texture": "#0"},
				"up": {"uv": [8.75, 7.5, 8.5, 5.25], "texture": "#0"},
				"down": {"uv": [5.25, 8.75, 5, 11], "texture": "#0"}
			}
		},
		{
			"from": [13.375, 11.25, 6.25],
			"to": [13.75, 13.375, 27],
			"rotation": {"angle": -22.5, "axis": "x", "origin": [21, 19.25, 13.375]},
			"faces": {
				"north": {"uv": [6.75, 5.25, 7, 5.75], "texture": "#0"},
				"east": {"uv": [3.25, 2.5, 8.5, 3], "texture": "#0"},
				"south": {"uv": [6.75, 5.75, 7, 6.25], "texture": "#0"},
				"west": {"uv": [0, 4.25, 5.25, 4.75], "texture": "#0"},
				"up": {"uv": [0.75, 10.5, 0.5, 5.25], "texture": "#0"},
				"down": {"uv": [1, 5.25, 0.75, 10.5], "texture": "#0"}
			}
		},
		{
			"from": [13.375, 13.5, 6.5],
			"to": [13.75, 14.875, 26.64648],
			"rotation": {"angle": -22.5, "axis": "x", "origin": [21, 21.5, 13.375]},
			"faces": {
				"north": {"uv": [7, 5.5, 7.25, 5.75], "texture": "#0"},
				"east": {"uv": [3.25, 3, 8.25, 3.25], "texture": "#0"},
				"south": {"uv": [7, 5.75, 7.25, 6], "texture": "#0"},
				"west": {"uv": [1, 5.25, 6, 5.5], "texture": "#0"},
				"up": {"uv": [1.25, 10.5, 1, 5.5], "texture": "#0"},
				"down": {"uv": [1.5, 5.5, 1.25, 10.5], "texture": "#0"}
			}
		},
		{
			"from": [13.375, 14.875, 7.375],
			"to": [13.75, 16.25, 26.20703],
			"rotation": {"angle": -22.5, "axis": "x", "origin": [21, 22.875, 13.375]},
			"faces": {
				"north": {"uv": [7, 6, 7.25, 6.25], "texture": "#0"},
				"east": {"uv": [5.25, 0, 10, 0.25], "texture": "#0"},
				"south": {"uv": [7, 6.25, 7.25, 6.5], "texture": "#0"},
				"west": {"uv": [5.25, 0.25, 10, 0.5], "texture": "#0"},
				"up": {"uv": [1.75, 10.25, 1.5, 5.5], "texture": "#0"},
				"down": {"uv": [2, 5.5, 1.75, 10.25], "texture": "#0"}
			}
		},
		{
			"from": [13.375, 16.29297, 8.04688],
			"to": [13.75, 17.66797, 25.15625],
			"rotation": {"angle": -22.5, "axis": "x", "origin": [21, 24.29297, 13.375]},
			"faces": {
				"north": {"uv": [7, 6.5, 7.25, 6.75], "texture": "#0"},
				"east": {"uv": [5.25, 0.5, 9.5, 0.75], "texture": "#0"},
				"south": {"uv": [7, 6.75, 7.25, 7], "texture": "#0"},
				"west": {"uv": [5.25, 0.75, 9.5, 1], "texture": "#0"},
				"up": {"uv": [2.75, 9.75, 2.5, 5.5], "texture": "#0"},
				"down": {"uv": [3, 5.5, 2.75, 9.75], "texture": "#0"}
			}
		},
		{
			"from": [13.375, 17.75391, 8.79688],
			"to": [13.75, 18.75391, 24.59766],
			"rotation": {"angle": -22.5, "axis": "x", "origin": [21, 25.75391, 13.375]},
			"faces": {
				"north": {"uv": [7.25, 2.25, 7.5, 2.5], "texture": "#0"},
				"east": {"uv": [5.25, 1, 9.25, 1.25], "texture": "#0"},
				"south": {"uv": [7.25, 3.25, 7.5, 3.5], "texture": "#0"},
				"west": {"uv": [5.25, 1.25, 9.25, 1.5], "texture": "#0"},
				"up": {"uv": [3.25, 9.5, 3, 5.5], "texture": "#0"},
				"down": {"uv": [3.5, 5.5, 3.25, 9.5], "texture": "#0"}
			}
		},
		{
			"from": [13.375, 17.75391, 6.79688],
			"to": [13.75, 18.75391, 19.375],
			"rotation": {"angle": -45, "axis": "x", "origin": [21, 25.75391, 11.375]},
			"faces": {
				"north": {"uv": [7.25, 3.5, 7.5, 3.75], "texture": "#0"},
				"east": {"uv": [0, 3.5, 3.25, 3.75], "texture": "#0"},
				"south": {"uv": [7.25, 3.75, 7.5, 4], "texture": "#0"},
				"west": {"uv": [0, 3.75, 3.25, 4], "texture": "#0"},
				"up": {"uv": [5.25, 8.75, 5, 5.5], "texture": "#0"},
				"down": {"uv": [5.5, 5.5, 5.25, 8.75], "texture": "#0"}
			}
		},
		{
			"from": [13.375, 14.75391, 8.17188],
			"to": [13.75, 18.75391, 19.77734],
			"rotation": {"angle": -45, "axis": "x", "origin": [21, 25.75391, 12.75]},
			"faces": {
				"north": {"uv": [6.25, 3.25, 6.5, 4.25], "texture": "#0"},
				"east": {"uv": [3.25, 3.25, 6.25, 4.25], "texture": "#0"},
				"south": {"uv": [6.25, 5.25, 6.5, 6.25], "texture": "#0"},
				"west": {"uv": [3.25, 1.5, 6.25, 2.5], "texture": "#0"},
				"up": {"uv": [6.25, 9, 6, 6], "texture": "#0"},
				"down": {"uv": [6.5, 6.25, 6.25, 9.25], "texture": "#0"}
			}
		},
		{
			"from": [13.375, 8.625, 5.375],
			"to": [13.75, 11.125, 26.68359],
			"rotation": {"angle": -22.5, "axis": "x", "origin": [21, 16.625, 13.375]},
			"faces": {
				"north": {"uv": [6, 5.25, 6.25, 6], "texture": "#0"},
				"east": {"uv": [0, 0, 5.25, 0.75], "texture": "#0"},
				"south": {"uv": [6.75, 3.25, 7, 4], "texture": "#0"},
				"west": {"uv": [0, 0.75, 5.25, 1.5], "texture": "#0"},
				"up": {"uv": [0.25, 10.5, 0, 5.25], "texture": "#0"},
				"down": {"uv": [0.5, 5.25, 0.25, 10.5], "texture": "#0"}
			}
		},
		{
			"from": [13.375, 7.75, 5.375],
			"to": [13.75, 9.75, 24.68359],
			"rotation": {"angle": -22.5, "axis": "x", "origin": [21, 15.25, 13.375]},
			"faces": {
				"north": {"uv": [6.75, 6.25, 7, 6.75], "texture": "#0"},
				"east": {"uv": [0, 4.75, 4.75, 5.25], "texture": "#0"},
				"south": {"uv": [7, 3.25, 7.25, 3.75], "texture": "#0"},
				"west": {"uv": [4.75, 4.75, 9.5, 5.25], "texture": "#0"},
				"up": {"uv": [2.25, 10.25, 2, 5.5], "texture": "#0"},
				"down": {"uv": [2.5, 5.5, 2.25, 10.25], "texture": "#0"}
			}
		},
		{
			"from": [13.375, 8.625, 12.125],
			"to": [13.75, 12.125, 25.43359],
			"rotation": {"angle": 0, "axis": "x", "origin": [21, 16.625, 12.125]},
			"faces": {
				"north": {"uv": [6.5, 3.25, 6.75, 4.25], "texture": "#0"},
				"east": {"uv": [0, 1.5, 3.25, 2.5], "texture": "#0"},
				"south": {"uv": [6.5, 5.25, 6.75, 6.25], "texture": "#0"},
				"west": {"uv": [0, 2.5, 3.25, 3.5], "texture": "#0"},
				"up": {"uv": [5.75, 8.75, 5.5, 5.5], "texture": "#0"},
				"down": {"uv": [6, 5.75, 5.75, 9], "texture": "#0"}
			}
		}
	],
	"display": {
		"head": {
			"rotation": [32, 0, 0],
			"translation": [0, -6.75, 8],
			"scale": [0.95, 2, 2]
		}
	},
	"groups": [
		{
			"name": "group",
			"origin": [11, 1.5, 24.48828],
			"children": [0, 1, 2, 3, 4, 5, 6,
				{
					"name": "group",
					"origin": [11, 16.625, 13.375],
					"children": [7, 8, 9, 10, 11, 12, 13, 14, 15, 16]
				}
			]
		},
		{
			"name": "group",
			"origin": [11, 1.5, 24.48828],
			"children": [17, 18, 19, 20, 21, 22, 23,
				{
					"name": "group",
					"origin": [11, 16.625, 13.375],
					"children": [24, 25, 26, 27, 28, 29, 30, 31, 32, 33]
				}
			]
		}
	]
}