{
	"credit": "quiktori",
	"texture_size": [32, 32],
	"textures": {
		"0": "items/food/yoghurt",
		"particle": "items/food/yoghurt"
	},
	"elements": [
		{
			"from": [6, 0, 7],
			"to": [9, 1, 10],
			"rotation": {"angle": 0, "axis": "y", "origin": [16, 8, 17]},
			"faces": {
				"north": {"uv": [2.5, 1.5, 4, 2], "texture": "#0"},
				"east": {"uv": [2.5, 2, 4, 2.5], "texture": "#0"},
				"south": {"uv": [5.5, 1, 7, 1.5], "texture": "#0"},
				"west": {"uv": [5.5, 1.5, 7, 2], "texture": "#0"},
				"up": {"uv": [4, 4, 2.5, 2.5], "texture": "#0"},
				"down": {"uv": [4, 0, 2.5, 1.5], "texture": "#0"}
			}
		},
		{
			"from": [6, -3.25, 11.375],
			"to": [9, -0.25, 12.375],
			"rotation": {"angle": 22.5, "axis": "x", "origin": [16, 4.75, 19.375]},
			"faces": {
				"north": {"uv": [0, 5, 1.5, 6.5], "texture": "#0"},
				"east": {"uv": [6.5, 3.5, 7, 5], "texture": "#0"},
				"south": {"uv": [1.5, 5.5, 3, 7], "texture": "#0"},
				"west": {"uv": [6.5, 5, 7, 6.5], "texture": "#0"},
				"up": {"uv": [3, 7.5, 1.5, 7], "texture": "#0"},
				"down": {"uv": [4.5, 7, 3, 7.5], "texture": "#0"}
			}
		},
		{
			"from": [6, 2.5, 3.5],
			"to": [9, 5.5, 4.5],
			"rotation": {"angle": -22.5, "axis": "x", "origin": [16, 10.5, 11.5]},
			"faces": {
				"north": {"uv": [3, 5.5, 4.5, 7], "texture": "#0"},
				"east": {"uv": [4.5, 7, 5, 8.5], "texture": "#0"},
				"south": {"uv": [4.5, 5.5, 6, 7], "texture": "#0"},
				"west": {"uv": [5, 7, 5.5, 8.5], "texture": "#0"},
				"up": {"uv": [8.5, 7.5, 7, 7], "texture": "#0"},
				"down": {"uv": [8.5, 1, 7, 1.5], "texture": "#0"}
			}
		},
		{
			"from": [2.5, 3.25, 7],
			"to": [3.5, 6.25, 10],
			"rotation": {"angle": 22.5, "axis": "z", "origin": [12.5, 11.25, 17]},
			"faces": {
				"north": {"uv": [5.5, 4, 6, 5.5], "texture": "#0"},
				"east": {"uv": [2.5, 4, 4, 5.5], "texture": "#0"},
				"south": {"uv": [6, 6, 6.5, 7.5], "texture": "#0"},
				"west": {"uv": [4, 4, 5.5, 5.5], "texture": "#0"},
				"up": {"uv": [6.5, 5.5, 6, 4], "texture": "#0"},
				"down": {"uv": [0.5, 6.5, 0, 8], "texture": "#0"}
			}
		},
		{
			"from": [10.125, -4, 7],
			"to": [11.125, -1, 10],
			"rotation": {"angle": -22.5, "axis": "z", "origin": [20.125, 4, 17]},
			"faces": {
				"north": {"uv": [0.5, 6.5, 1, 8], "texture": "#0"},
				"east": {"uv": [4, 0, 5.5, 1.5], "texture": "#0"},
				"south": {"uv": [1, 6.5, 1.5, 8], "texture": "#0"},
				"west": {"uv": [4, 1.5, 5.5, 3], "texture": "#0"},
				"up": {"uv": [7, 8, 6.5, 6.5], "texture": "#0"},
				"down": {"uv": [7, 2, 6.5, 3.5], "texture": "#0"}
			}
		},
		{
			"from": [5, 2.75, 6],
			"to": [10, 3.25, 11],
			"rotation": {"angle": 0, "axis": "y", "origin": [14, 10.25, 15]},
			"faces": {
				"north": {"uv": [4, 3, 6.5, 3.5], "texture": "#0"},
				"east": {"uv": [4, 3.5, 6.5, 4], "texture": "#0"},
				"south": {"uv": [5.5, 0, 8, 0.5], "texture": "#0"},
				"west": {"uv": [5.5, 0.5, 8, 1], "texture": "#0"},
				"up": {"uv": [2.5, 2.5, 0, 0], "texture": "#0"},
				"down": {"uv": [2.5, 2.5, 0, 5], "texture": "#0"}
			}
		}
	],
	"display": {
		"thirdperson_righthand": {
			"translation": [0, 7.5, 0]
		},
		"thirdperson_lefthand": {
			"translation": [0, 7.5, 0]
		},
		"firstperson_righthand": {
			"rotation": [39, -180, -12],
			"translation": [0, 5.75, 3.75]
		},
		"firstperson_lefthand": {
			"rotation": [47, 152, -26],
			"translation": [0.75, 6, 2.75]
		},
		"ground": {
			"translation": [0, 4, 0]
		},
		"gui": {
			"rotation": [37, 143, 0],
			"translation": [-2, 13.75, 0],
			"scale": [3, 3, 3]
		},
		"head": {
			"translation": [0, 14.5, 0]
		},
		"fixed": {
			"translation": [3, 32, 11.5],
			"scale": [2, 2, 2]
		}
	}
}