{
	"credit": "quiktori",
	"textures": {
		"0": "items/black",
		"1": "items/iron_stained_glass",
		"particle": "items/black"
	},
	"elements": [
		{
			"from": [8.5, 3.3, 3.8],
			"to": [9, 3.8, 4],
			"rotation": {"angle": 0, "axis": "y", "origin": [1, 11.3, -3.7]},
			"faces": {
				"north": {"uv": [13.25, 15.75, 16, 16], "texture": "#0"},
				"east": {"uv": [13.25, 15.75, 16, 16], "texture": "#0"},
				"south": {"uv": [13.25, 15.75, 16, 16], "texture": "#0"},
				"west": {"uv": [13.25, 15.75, 16, 16], "texture": "#0"},
				"up": {"uv": [13.25, 15.75, 16, 16], "texture": "#0"},
				"down": {"uv": [13.25, 15.75, 16, 16], "texture": "#0"}
			}
		},
		{
			"from": [9, 3.1, 3.8],
			"to": [9.5, 3.6, 4],
			"rotation": {"angle": 0, "axis": "y", "origin": [1, 11.3, -3.7]},
			"faces": {
				"north": {"uv": [13.25, 15.75, 16, 16], "texture": "#0"},
				"east": {"uv": [13.25, 15.75, 16, 16], "texture": "#0"},
				"south": {"uv": [13.25, 15.75, 16, 16], "texture": "#0"},
				"west": {"uv": [13.25, 15.75, 16, 16], "texture": "#0"},
				"up": {"uv": [13.25, 15.75, 16, 16], "texture": "#0"},
				"down": {"uv": [13.25, 15.75, 16, 16], "texture": "#0"}
			}
		},
		{
			"from": [9.5, 3.3, 3.8],
			"to": [10, 3.8, 4],
			"rotation": {"angle": 0, "axis": "y", "origin": [1, 11.3, -3.7]},
			"faces": {
				"north": {"uv": [13.25, 15.75, 16, 16], "texture": "#0"},
				"east": {"uv": [13.25, 15.75, 16, 16], "texture": "#0"},
				"south": {"uv": [13.25, 15.75, 16, 16], "texture": "#0"},
				"west": {"uv": [13.25, 15.75, 16, 16], "texture": "#0"},
				"up": {"uv": [13.25, 15.75, 16, 16], "texture": "#0"},
				"down": {"uv": [13.25, 15.75, 16, 16], "texture": "#0"}
			}
		},
		{
			"from": [9.9, 3.7, 3.8],
			"to": [10.2, 4, 4],
			"rotation": {"angle": 0, "axis": "y", "origin": [1, 11.3, -3.7]},
			"faces": {
				"north": {"uv": [13.25, 15.75, 16, 16], "texture": "#0"},
				"east": {"uv": [13.25, 15.75, 16, 16], "texture": "#0"},
				"south": {"uv": [13.25, 15.75, 16, 16], "texture": "#0"},
				"west": {"uv": [13.25, 15.75, 16, 16], "texture": "#0"},
				"up": {"uv": [13.25, 15.75, 16, 16], "texture": "#0"},
				"down": {"uv": [13.25, 15.75, 16, 16], "texture": "#0"}
			}
		},
		{
			"from": [7.8, 3.6, 3.8],
			"to": [8.7, 4.2, 4],
			"rotation": {"angle": 0, "axis": "y", "origin": [16, 11.7, 11.8]},
			"faces": {
				"north": {"uv": [13.25, 15.75, 16, 16], "texture": "#0"},
				"east": {"uv": [13.25, 15.75, 16, 16], "texture": "#0"},
				"south": {"uv": [13.25, 15.75, 16, 16], "texture": "#0"},
				"west": {"uv": [13.25, 15.75, 16, 16], "texture": "#0"},
				"up": {"uv": [13.25, 15.75, 16, 16], "texture": "#0"},
				"down": {"uv": [13.25, 15.75, 16, 16], "texture": "#0"}
			}
		},
		{
			"from": [7.5, 3.3, 3.8],
			"to": [8, 3.8, 4],
			"rotation": {"angle": 0, "axis": "y", "origin": [15.5, 11.3, 11.8]},
			"faces": {
				"north": {"uv": [13.25, 15.75, 16, 16], "texture": "#0"},
				"east": {"uv": [13.25, 15.75, 16, 16], "texture": "#0"},
				"south": {"uv": [13.25, 15.75, 16, 16], "texture": "#0"},
				"west": {"uv": [13.25, 15.75, 16, 16], "texture": "#0"},
				"up": {"uv": [13.25, 15.75, 16, 16], "texture": "#0"},
				"down": {"uv": [13.25, 15.75, 16, 16], "texture": "#0"}
			}
		},
		{
			"from": [7, 3.1, 3.8],
			"to": [7.5, 3.6, 4],
			"rotation": {"angle": 0, "axis": "y", "origin": [15, 11.1, 11.8]},
			"faces": {
				"north": {"uv": [13.25, 15.75, 16, 16], "texture": "#0"},
				"east": {"uv": [13.25, 15.75, 16, 16], "texture": "#0"},
				"south": {"uv": [13.25, 15.75, 16, 16], "texture": "#0"},
				"west": {"uv": [13.25, 15.75, 16, 16], "texture": "#0"},
				"up": {"uv": [13.25, 15.75, 16, 16], "texture": "#0"},
				"down": {"uv": [13.25, 15.75, 16, 16], "texture": "#0"}
			}
		},
		{
			"from": [6.5, 3.3, 3.8],
			"to": [7, 3.8, 4],
			"rotation": {"angle": 0, "axis": "y", "origin": [14.5, 11.3, 11.8]},
			"faces": {
				"north": {"uv": [13.25, 15.75, 16, 16], "texture": "#0"},
				"east": {"uv": [13.25, 15.75, 16, 16], "texture": "#0"},
				"south": {"uv": [13.25, 15.75, 16, 16], "texture": "#0"},
				"west": {"uv": [13.25, 15.75, 16, 16], "texture": "#0"},
				"up": {"uv": [13.25, 15.75, 16, 16], "texture": "#0"},
				"down": {"uv": [13.25, 15.75, 16, 16], "texture": "#0"}
			}
		},
		{
			"from": [6.3, 3.7, 3.8],
			"to": [6.6, 4, 4],
			"rotation": {"angle": 0, "axis": "y", "origin": [14.1, 11.5, 11.8]},
			"faces": {
				"north": {"uv": [13.25, 15.75, 16, 16], "texture": "#0"},
				"east": {"uv": [13.25, 15.75, 16, 16], "texture": "#0"},
				"south": {"uv": [13.25, 15.75, 16, 16], "texture": "#0"},
				"west": {"uv": [13.25, 15.75, 16, 16], "texture": "#0"},
				"up": {"uv": [13.25, 15.75, 16, 16], "texture": "#0"},
				"down": {"uv": [13.25, 15.75, 16, 16], "texture": "#0"}
			}
		},
		{
			"from": [4.1, 12.5, 4],
			"to": [4.6, 24, 12],
			"rotation": {"angle": 0, "axis": "y", "origin": [3.6, 20.5, 14]},
			"faces": {
				"north": {"uv": [0, 0, 16, 13.5], "texture": "#0"},
				"east": {"uv": [0, 0.25, 16, 9], "texture": "#0"},
				"south": {"uv": [0, 0.25, 16, 13.5], "texture": "#0"},
				"west": {"uv": [0, 0.25, 16, 13.5], "texture": "#0"},
				"up": {"uv": [0, 0.25, 16, 9.5], "texture": "#0"},
				"down": {"uv": [0, 0.25, 16, 10], "texture": "#0"}
			}
		},
		{
			"from": [4.6, 23.5, 4.5],
			"to": [11.5, 24, 11.5],
			"rotation": {"angle": 0, "axis": "y", "origin": [10.5, 20.5, 19.5]},
			"faces": {
				"north": {"uv": [0, 0, 1, 1], "texture": "#0"},
				"east": {"uv": [0, 0, 1, 1], "texture": "#0"},
				"south": {"uv": [0, 0, 1, 1], "texture": "#0"},
				"west": {"uv": [0, 0, 1, 1], "texture": "#0"},
				"up": {"uv": [0, 0, 1, 1], "texture": "#0"},
				"down": {"uv": [0, 0, 1, 1], "texture": "#0"}
			}
		},
		{
			"from": [4.6, 12.5, 11.5],
			"to": [11.5, 24, 12],
			"rotation": {"angle": 0, "axis": "y", "origin": [10.5, 20.5, 21.5]},
			"faces": {
				"north": {"uv": [0, 0, 16, 9.75], "texture": "#0"},
				"east": {"uv": [0, 0, 16, 13.5], "texture": "#0"},
				"south": {"uv": [0, 0, 16, 13.5], "texture": "#0"},
				"west": {"uv": [0, 0, 16, 13.5], "texture": "#0"},
				"up": {"uv": [0, 0, 16, 9.75], "texture": "#0"},
				"down": {"uv": [0, 0, 16, 13.5], "texture": "#0"}
			}
		},
		{
			"from": [4.6, 12.5, 4],
			"to": [11.5, 24, 4.5],
			"rotation": {"angle": 0, "axis": "y", "origin": [10.5, 20.5, 14]},
			"faces": {
				"north": {"uv": [0, 0, 16, 13.5], "texture": "#0"},
				"east": {"uv": [0, 0, 16, 16], "texture": "#0"},
				"south": {"uv": [0, 0, 16, 7.5], "texture": "#0"},
				"west": {"uv": [0, 0, 16, 16], "texture": "#0"},
				"up": {"uv": [0, 0, 1.5, 1.25], "texture": "#0"},
				"down": {"uv": [0, 0, 16, 16], "texture": "#0"}
			}
		},
		{
			"from": [11.5, 12.5, 4],
			"to": [12, 24, 12],
			"rotation": {"angle": 0, "axis": "y", "origin": [11, 20.5, 14]},
			"faces": {
				"north": {"uv": [0, 0, 16, 13.5], "texture": "#0"},
				"east": {"uv": [0, 0, 16, 13.5], "texture": "#0"},
				"south": {"uv": [0, 0, 16, 13.5], "texture": "#0"},
				"west": {"uv": [0, 0, 16, 10], "texture": "#0"},
				"up": {"uv": [0, 0, 16, 9.25], "texture": "#0"},
				"down": {"uv": [0, 0, 16, 13.5], "texture": "#0"}
			}
		},
		{
			"from": [2.5, 11, 11.5],
			"to": [13.5, 12.5, 13.5],
			"rotation": {"angle": 0, "axis": "y", "origin": [11, 20, 21.5]},
			"faces": {
				"north": {"uv": [0, 0, 1, 1], "texture": "#0"},
				"east": {"uv": [0, 0, 1, 1], "texture": "#0"},
				"south": {"uv": [0, 0, 1, 1], "texture": "#0"},
				"west": {"uv": [0, 0, 1, 1], "texture": "#0"},
				"up": {"uv": [0, 0, 1, 1], "texture": "#0"},
				"down": {"uv": [0, 0, 1, 1], "texture": "#0"}
			}
		},
		{
			"from": [11.5, 11, 4.5],
			"to": [13.5, 12.5, 11.5],
			"rotation": {"angle": 0, "axis": "y", "origin": [20.4, 20, 12]},
			"faces": {
				"north": {"uv": [0, 0, 1, 1], "texture": "#0"},
				"east": {"uv": [0, 0, 1, 1], "texture": "#0"},
				"south": {"uv": [0, 0, 1, 1], "texture": "#0"},
				"west": {"uv": [0, 0, 1, 1], "texture": "#0"},
				"up": {"uv": [0, 0, 1, 1], "texture": "#0"},
				"down": {"uv": [0, 0, 1, 1], "texture": "#0"}
			}
		},
		{
			"from": [2.5, 11, 4.5],
			"to": [4.6, 12.5, 11.5],
			"rotation": {"angle": 0, "axis": "y", "origin": [11, 20, 12]},
			"faces": {
				"north": {"uv": [0, 0, 1, 1], "texture": "#0"},
				"east": {"uv": [0, 0, 1, 1], "texture": "#0"},
				"south": {"uv": [0, 0, 1, 1], "texture": "#0"},
				"west": {"uv": [0, 0, 1, 1], "texture": "#0"},
				"up": {"uv": [0, 0, 1, 1], "texture": "#0"},
				"down": {"uv": [0, 0, 1, 1], "texture": "#0"}
			}
		},
		{
			"from": [2.5, 11, 2.5],
			"to": [13.5, 12.5, 4.5],
			"rotation": {"angle": 0, "axis": "y", "origin": [11, 20, 12]},
			"faces": {
				"north": {"uv": [0, 0, 1, 1], "texture": "#0"},
				"east": {"uv": [0, 0, 1, 1], "texture": "#0"},
				"south": {"uv": [0, 0, 1, 1], "texture": "#0"},
				"west": {"uv": [0, 0, 1, 1], "texture": "#0"},
				"up": {"uv": [0, 0, 1, 1], "texture": "#0"},
				"down": {"uv": [0, 0, 1, 1], "texture": "#0"}
			}
		},
		{
			"from": [6.2, 4.1, 3.7],
			"to": [6.3, 5.2, 4.1],
			"rotation": {"angle": 0, "axis": "y", "origin": [13.5, 12.4, 11.8]},
			"faces": {
				"north": {"uv": [0, 15.75, 1, 16], "texture": "#0"},
				"east": {"uv": [0, 15.75, 1, 16], "texture": "#0"},
				"south": {"uv": [0, 15.75, 1, 16], "texture": "#0"},
				"west": {"uv": [0, 15.75, 1, 16], "texture": "#0"},
				"up": {"uv": [0, 15.75, 1, 16], "texture": "#0"},
				"down": {"uv": [0, 15.75, 1, 16], "texture": "#0"}
			}
		},
		{
			"from": [6.3, 5.1, 3.7],
			"to": [7.1, 5.2, 4.1],
			"rotation": {"angle": 0, "axis": "y", "origin": [13.5, 13.4, 11.8]},
			"faces": {
				"north": {"uv": [0, 15.75, 1, 16], "texture": "#0"},
				"east": {"uv": [0, 15.75, 1, 16], "texture": "#0"},
				"south": {"uv": [0, 15.75, 1, 16], "texture": "#0"},
				"west": {"uv": [0, 15.75, 1, 16], "texture": "#0"},
				"up": {"uv": [0, 15.75, 1, 16], "texture": "#0"},
				"down": {"uv": [0, 15.75, 1, 16], "texture": "#0"}
			}
		},
		{
			"from": [7.1, 4.1, 3.7],
			"to": [7.2, 5.2, 4.1],
			"rotation": {"angle": 0, "axis": "y", "origin": [14.4, 12.4, 11.8]},
			"faces": {
				"north": {"uv": [0, 15.75, 1, 16], "texture": "#0"},
				"east": {"uv": [0, 15.75, 1, 16], "texture": "#0"},
				"south": {"uv": [0, 15.75, 1, 16], "texture": "#0"},
				"west": {"uv": [0, 15.75, 1, 16], "texture": "#0"},
				"up": {"uv": [0, 15.75, 1, 16], "texture": "#0"},
				"down": {"uv": [0, 15.75, 1, 16], "texture": "#0"}
			}
		},
		{
			"from": [6.3, 4.2, 3.8],
			"to": [7.1, 5.1, 4],
			"rotation": {"angle": 0, "axis": "y", "origin": [14.4, 12.4, 11.8]},
			"faces": {
				"north": {"uv": [8, 8, 10.75, 10.25], "texture": "#1"},
				"east": {"uv": [8, 8, 10.75, 10.25], "texture": "#1"},
				"south": {"uv": [8, 8, 10.75, 10.25], "texture": "#1"},
				"west": {"uv": [8, 8, 10.75, 10.25], "texture": "#1"},
				"up": {"uv": [8, 8, 10.75, 10.25], "texture": "#1"},
				"down": {"uv": [8, 8, 10.75, 10.25], "texture": "#1"}
			}
		},
		{
			"from": [6.3, 4.1, 3.7],
			"to": [7.1, 4.2, 4.1],
			"rotation": {"angle": 0, "axis": "y", "origin": [13.5, 12.4, 11.8]},
			"faces": {
				"north": {"uv": [0, 15.75, 1, 16], "texture": "#0"},
				"east": {"uv": [0, 15.75, 1, 16], "texture": "#0"},
				"south": {"uv": [0, 15.75, 1, 16], "texture": "#0"},
				"west": {"uv": [0, 15.75, 1, 16], "texture": "#0"},
				"up": {"uv": [0, 15.75, 1, 16], "texture": "#0"},
				"down": {"uv": [0, 15.75, 1, 16], "texture": "#0"}
			}
		}
	],
	"display": {
		"thirdperson_lefthand": {
			"rotation": [72, 0, 0],
			"translation": [-5.25, 0.25, 16]
		}
	},
	"groups": [
		{
			"name": "group",
			"origin": [13.6, 15.2, 1],
			"children": [0, 1, 2, 3, 4, 5, 6, 7, 8]
		},
		{
			"name": "group",
			"origin": [11, 20, 12],
			"children": [9, 10, 11, 12, 13, 14, 15, 16, 17]
		},
		{
			"name": "group",
			"origin": [13.5, 12.4, 11.8],
			"children": [18, 19, 20, 21, 22]
		}
	]
}