{
	"credit": "quiktori",
	"textures": {
		"0": "items/b25578a9-b18c-4c4d-b1da-5a061aad5a23",
		"particle": "items/b25578a9-b18c-4c4d-b1da-5a061aad5a23"
	},
	"elements": [
		{
			"name": "mononokes_mask0",
			"from": [5, 0.25, 3.6],
			"to": [11, 0.75, 12.6],
			"rotation": {"angle": 0, "axis": "y", "origin": [8, -1.575, 7.8]},
			"faces": {
				"north": {"uv": [1.5, 8.5, 7.5, 9], "texture": "#0"},
				"east": {"uv": [1.5, 8.5, 2, 9], "texture": "#0"},
				"south": {"uv": [1.5, 0, 7.5, 0.5], "texture": "#0"},
				"west": {"uv": [7, 8.5, 7.5, 9], "texture": "#0"},
				"up": {"uv": [1.5, 0, 7.5, 9], "rotation": 180, "texture": "#0"},
				"down": {"uv": [8.5, 0, 14.5, 9], "rotation": 180, "texture": "#0"}
			}
		},
		{
			"name": "mononokes_mask1",
			"from": [11, 0.25, 5.1],
			"to": [12.5, 0.75, 11.1],
			"rotation": {"angle": 0, "axis": "y", "origin": [8, -1.575, 7.8]},
			"faces": {
				"north": {"uv": [0, 7, 0.5, 7.5], "texture": "#0"},
				"east": {"uv": [0, 1.5, 0.5, 7.5], "texture": "#0"},
				"south": {"uv": [0, 1.5, 0.5, 2], "texture": "#0"},
				"up": {"uv": [0, 1.5, 1.5, 7.5], "rotation": 180, "texture": "#0"},
				"down": {"uv": [14.5, 1.5, 16, 7.5], "texture": "#0"}
			}
		},
		{
			"name": "mononokes_mask2",
			"from": [3.5, 0.25, 5.1],
			"to": [5, 0.75, 11.1],
			"rotation": {"angle": 0, "axis": "y", "origin": [8, -1.575, 7.8]},
			"faces": {
				"north": {"uv": [0, 7, 0.5, 7.5], "texture": "#0"},
				"south": {"uv": [0, 1.5, 0.5, 2], "texture": "#0"},
				"west": {"uv": [0.5, 1.5, 0, 7.5], "texture": "#0"},
				"up": {"uv": [1.5, 1.5, 0, 7.5], "rotation": 180, "texture": "#0"},
				"down": {"uv": [16, 1.5, 14.5, 7.5], "texture": "#0"}
			}
		},
		{
			"name": "mononokes_mask3",
			"from": [11, 0.25, 11.1],
			"to": [12, 0.75, 12.1],
			"rotation": {"angle": 0, "axis": "y", "origin": [8, -1.575, 7.8]},
			"faces": {
				"east": {"uv": [0.5, 0.5, 1, 1.5], "texture": "#0"},
				"south": {"uv": [0.5, 0.5, 1.5, 1], "texture": "#0"},
				"up": {"uv": [0.5, 0.5, 1.5, 1.5], "rotation": 180, "texture": "#0"},
				"down": {"uv": [14.5, 0.5, 15.5, 1.5], "texture": "#0"}
			}
		},
		{
			"name": "mononokes_mask4",
			"from": [4, 0.25, 11.1],
			"to": [5, 0.75, 12.1],
			"rotation": {"angle": 0, "axis": "y", "origin": [8, -1.575, 7.8]},
			"faces": {
				"south": {"uv": [0.5, 0.5, 1.5, 1], "texture": "#0"},
				"west": {"uv": [1, 0.5, 0.5, 1.5], "texture": "#0"},
				"up": {"uv": [1.5, 0.5, 0.5, 1.5], "rotation": 180, "texture": "#0"},
				"down": {"uv": [15.5, 0.5, 14.5, 1.5], "texture": "#0"}
			}
		},
		{
			"name": "mononokes_mask5",
			"from": [11, 0.25, 4.1],
			"to": [12, 0.75, 5.1],
			"rotation": {"angle": 0, "axis": "y", "origin": [8, -1.575, 7.8]},
			"faces": {
				"north": {"uv": [0.5, 8, 1.5, 8.5], "texture": "#0"},
				"east": {"uv": [0.5, 7.5, 1, 8.5], "texture": "#0"},
				"up": {"uv": [0.5, 7.5, 1.5, 8.5], "rotation": 180, "texture": "#0"},
				"down": {"uv": [14.5, 7.5, 15.5, 8.5], "texture": "#0"}
			}
		},
		{
			"name": "mononokes_mask6",
			"from": [4, 0.25, 4.1],
			"to": [5, 0.75, 5.1],
			"rotation": {"angle": 0, "axis": "y", "origin": [8, -1.575, 7.8]},
			"faces": {
				"north": {"uv": [0.5, 8, 1.5, 8.5], "texture": "#0"},
				"west": {"uv": [0.5, 7.5, 1, 8.5], "texture": "#0"},
				"up": {"uv": [1.5, 7.5, 0.5, 8.5], "rotation": 180, "texture": "#0"},
				"down": {"uv": [15.5, 7.5, 14.5, 8.5], "texture": "#0"}
			}
		},
		{
			"name": "mononokes_mask7",
			"from": [12.25, -8.25, 8.6],
			"to": [12.25, 0.25, 9.6],
			"rotation": {"angle": 0, "axis": "y", "origin": [8, -1.575, 9.8]},
			"faces": {
				"east": {"uv": [7.5, 0, 8.5, 8.375], "texture": "#0"},
				"west": {"uv": [7.5, 0, 8.5, 8.875], "texture": "#0"}
			}
		},
		{
			"name": "mononokes_mask8",
			"from": [3.75, -8.25, 8.6],
			"to": [3.75, 0.25, 9.6],
			"rotation": {"angle": 0, "axis": "y", "origin": [8, -1.575, 9.8]},
			"faces": {
				"east": {"uv": [7.5, 0, 8.5, 8.875], "texture": "#0"},
				"west": {"uv": [7.5, 0, 8.5, 8.875], "texture": "#0"}
			}
		},
		{
			"name": "mononokes_mask9",
			"from": [3.75, -8.25, 8.6],
			"to": [12.25, -8.25, 9.6],
			"rotation": {"angle": 0, "axis": "y", "origin": [8, -1.575, 9.8]},
			"faces": {
				"up": {"uv": [7.5, 0, 8.25, 8.5], "rotation": 270, "texture": "#0", "cullface": "down"},
				"down": {"uv": [7.5, 0, 8.25, 8.5], "rotation": 90, "texture": "#0", "cullface": "down"}
			}
		}
	],
	"display": {
		"thirdperson_righthand": {
			"rotation": [-21, 0, 0],
			"translation": [0, 3.25, -4.25],
			"scale": [0.7, 0.7, 0.7]
		},
		"thirdperson_lefthand": {
			"rotation": [-23, 0, 0],
			"translation": [-5.5, 11, 10.5]
		},
		"firstperson_righthand": {
			"rotation": [84, -180, -15],
			"translation": [3, 1, 3.25]
		},
		"firstperson_lefthand": {
			"translation": [0, 3.25, 0]
		},
		"ground": {
			"translation": [0, 4.75, 0]
		},
		"gui": {
			"rotation": [80, 179, -25],
			"translation": [-7, 1.75, 0],
			"scale": [1.7, 1.7, 1.7]
		},
		"head": {
			"rotation": [-90, 0, 0],
			"translation": [0.1, -0.5, -19],
			"scale": [1.6, 1.6, 1.6]
		},
		"fixed": {
			"rotation": [-90, 0, 0],
			"translation": [0, -0.25, -16],
			"scale": [2, 2, 2]
		}
	},
	"groups": [
		{
			"name": "mononokes_mask",
			"origin": [8, 8, 8],
			"children": [0, 1, 2, 3, 4, 5, 6, 7, 8, 9]
		}
	]
}