{
	"credit": "quiktori",
	"textures": {
		"0": "items/hay_block_side",
		"particle": "items/hay_block_side"
	},
	"elements": [
		{
			"from": [4, 0, 4],
			"to": [6.3, 0.3, 12],
			"rotation": {"angle": 0, "axis": "y", "origin": [16, 8, 16]},
			"faces": {
				"north": {"uv": [0, 5, 16, 11], "rotation": 90, "texture": "#0"},
				"east": {"uv": [0, 5, 16, 11], "rotation": 90, "texture": "#0"},
				"south": {"uv": [0, 5, 16, 11], "rotation": 90, "texture": "#0"},
				"west": {"uv": [0, 5, 16, 11], "rotation": 90, "texture": "#0"},
				"up": {"uv": [0, 5, 16, 11], "rotation": 90, "texture": "#0"},
				"down": {"uv": [0, 5, 16, 11], "rotation": 90, "texture": "#0"}
			}
		},
		{
			"from": [6, 0, 9.6],
			"to": [10, 0.3, 12],
			"rotation": {"angle": 0, "axis": "y", "origin": [18, 8, 16]},
			"faces": {
				"north": {"uv": [1, 5, 6, 11], "rotation": 90, "texture": "#0"},
				"east": {"uv": [1, 5, 6, 11], "rotation": 90, "texture": "#0"},
				"south": {"uv": [1, 5, 6, 11], "rotation": 90, "texture": "#0"},
				"west": {"uv": [1, 5, 6, 11], "rotation": 90, "texture": "#0"},
				"up": {"uv": [1, 5, 6, 11], "rotation": 90, "texture": "#0"},
				"down": {"uv": [1, 5, 6, 11], "rotation": 90, "texture": "#0"}
			}
		},
		{
			"from": [6, 0, 4],
			"to": [10, 0.3, 6.2],
			"rotation": {"angle": 0, "axis": "y", "origin": [18, 8, 11]},
			"faces": {
				"north": {"uv": [1, 5, 6, 11], "rotation": 90, "texture": "#0"},
				"east": {"uv": [1, 5, 6, 11], "rotation": 90, "texture": "#0"},
				"south": {"uv": [1, 5, 6, 11], "rotation": 90, "texture": "#0"},
				"west": {"uv": [1, 5, 6, 11], "rotation": 90, "texture": "#0"},
				"up": {"uv": [1, 5, 6, 11], "rotation": 90, "texture": "#0"},
				"down": {"uv": [1, 5, 6, 11], "rotation": 90, "texture": "#0"}
			}
		},
		{
			"from": [9.8, 0, 4],
			"to": [12, 0.3, 12],
			"rotation": {"angle": 0, "axis": "y", "origin": [22, 8, 16]},
			"faces": {
				"north": {"uv": [0, 5, 16, 11], "rotation": 90, "texture": "#0"},
				"east": {"uv": [0, 5, 16, 11], "rotation": 90, "texture": "#0"},
				"south": {"uv": [0, 5, 16, 11], "rotation": 90, "texture": "#0"},
				"west": {"uv": [0, 5, 16, 11], "rotation": 90, "texture": "#0"},
				"up": {"uv": [0, 5, 16, 11], "rotation": 90, "texture": "#0"},
				"down": {"uv": [0, 5, 16, 11], "rotation": 90, "texture": "#0"}
			}
		},
		{
			"from": [6, 1.7, 6],
			"to": [10, 2, 9.9],
			"rotation": {"angle": 0, "axis": "y", "origin": [16, 9.7, 16]},
			"faces": {
				"north": {"uv": [0, 5, 12, 11], "texture": "#0"},
				"east": {"uv": [0, 5, 12, 11], "texture": "#0"},
				"south": {"uv": [0, 5, 12, 11], "texture": "#0"},
				"west": {"uv": [0, 5, 12, 11], "texture": "#0"},
				"up": {"uv": [0, 5, 12, 11], "texture": "#0"},
				"down": {"uv": [0, 5, 12, 11], "texture": "#0"}
			}
		},
		{
			"from": [9.8, 0.2, 5.9],
			"to": [10.1, 2, 9.9],
			"rotation": {"angle": 0, "axis": "y", "origin": [-1, 9, 15.9]},
			"faces": {
				"north": {"uv": [0, 1, 16, 7], "texture": "#0"},
				"east": {"uv": [0, 1, 16, 7], "texture": "#0"},
				"south": {"uv": [0, 1, 16, 7], "texture": "#0"},
				"west": {"uv": [0, 5, 16, 11], "texture": "#0"},
				"up": {"uv": [0, 5, 1, 11], "texture": "#0"},
				"down": {"uv": [0, 1, 16, 7], "texture": "#0"}
			}
		},
		{
			"from": [6, 0.2, 5.9],
			"to": [6.3, 2, 9.9],
			"rotation": {"angle": 0, "axis": "y", "origin": [-4.8, 9, 15.9]},
			"faces": {
				"north": {"uv": [0, 1, 16, 7], "texture": "#0"},
				"east": {"uv": [0, 5, 16, 11], "texture": "#0"},
				"south": {"uv": [0, 1, 16, 7], "texture": "#0"},
				"west": {"uv": [0, 1, 16, 7], "texture": "#0"},
				"up": {"uv": [0, 5, 1, 11], "texture": "#0"},
				"down": {"uv": [0, 1, 16, 7], "texture": "#0"}
			}
		},
		{
			"from": [6, 0.2, 5.9],
			"to": [10, 2, 6.2],
			"rotation": {"angle": 0, "axis": "y", "origin": [16, 9, 17]},
			"faces": {
				"north": {"uv": [0, 1, 16, 7], "texture": "#0"},
				"east": {"uv": [0, 1, 16, 7], "texture": "#0"},
				"south": {"uv": [0, 5, 16, 11], "texture": "#0"},
				"west": {"uv": [0, 1, 16, 7], "texture": "#0"},
				"up": {"uv": [0, 0, 12, 1], "texture": "#0"},
				"down": {"uv": [0, 1, 16, 7], "texture": "#0"}
			}
		},
		{
			"from": [6, 0.2, 9.6],
			"to": [10, 2, 9.9],
			"rotation": {"angle": 0, "axis": "y", "origin": [16, 9, 20.7]},
			"faces": {
				"north": {"uv": [0, 5, 16, 11], "texture": "#0"},
				"east": {"uv": [0, 1, 16, 7], "texture": "#0"},
				"south": {"uv": [0, 1, 16, 7], "texture": "#0"},
				"west": {"uv": [0, 1, 16, 7], "texture": "#0"},
				"up": {"uv": [0, 5, 12, 6], "texture": "#0"},
				"down": {"uv": [0, 1, 16, 7], "texture": "#0"}
			}
		}
	],
	"display": {
		"thirdperson_righthand": {
			"translation": [0, 7, -3.25]
		},
		"thirdperson_lefthand": {
			"rotation": [97, 0, 0],
			"translation": [-5.25, -2.25, 37.5],
			"scale": [2.28, 2.58, 2.28]
		},
		"firstperson_righthand": {
			"rotation": [74, 0, 0],
			"translation": [3.5, 1.75, 6.5]
		},
		"firstperson_lefthand": {
			"rotation": [76, 0, 0],
			"translation": [-1, 2.5, 9.25]
		},
		"ground": {
			"translation": [0, 20.75, 0],
			"scale": [3, 3, 3]
		},
		"gui": {
			"rotation": [40, 40, 0],
			"translation": [0, 11.75, 0],
			"scale": [2, 2, 2]
		},
		"head": {
			"rotation": [23, 0, 0],
			"translation": [0, 28.75, 11.5],
			"scale": [3.72, 3.43, 3.51]
		},
		"fixed": {
			"rotation": [-90, 0, 0],
			"translation": [0, 0, -18],
			"scale": [2.3, 2.3, 2.3]
		}
	}
}